[2025-12-27T04:35:37.041+0000] {processor.py:186} INFO - Started process (PID=1735) to work on /opt/airflow/dags/fraud_detection_training_dag.py
[2025-12-27T04:35:37.042+0000] {processor.py:914} INFO - Processing file /opt/airflow/dags/fraud_detection_training_dag.py for tasks to queue
[2025-12-27T04:35:37.051+0000] {logging_mixin.py:190} INFO - [2025-12-27T04:35:37.050+0000] {dagbag.py:588} INFO - Filling up the DagBag from /opt/airflow/dags/fraud_detection_training_dag.py
[2025-12-27T04:35:37.100+0000] {processor.py:925} INFO - DAG(s) 'fraud_detection_training' retrieved from /opt/airflow/dags/fraud_detection_training_dag.py
[2025-12-27T04:35:37.221+0000] {logging_mixin.py:190} INFO - [2025-12-27T04:35:37.218+0000] {dag.py:3239} INFO - Sync 1 DAGs
[2025-12-27T04:35:37.343+0000] {logging_mixin.py:190} INFO - [2025-12-27T04:35:37.343+0000] {dag.py:4180} INFO - Setting next_dagrun for fraud_detection_training to 2025-12-27 03:00:00+00:00, run_after=2025-12-28 03:00:00+00:00
[2025-12-27T04:35:37.400+0000] {processor.py:208} INFO - Processing /opt/airflow/dags/fraud_detection_training_dag.py took 0.365 seconds
[2025-12-27T04:36:07.551+0000] {processor.py:186} INFO - Started process (PID=1742) to work on /opt/airflow/dags/fraud_detection_training_dag.py
[2025-12-27T04:36:07.555+0000] {processor.py:914} INFO - Processing file /opt/airflow/dags/fraud_detection_training_dag.py for tasks to queue
[2025-12-27T04:36:07.557+0000] {logging_mixin.py:190} INFO - [2025-12-27T04:36:07.557+0000] {dagbag.py:588} INFO - Filling up the DagBag from /opt/airflow/dags/fraud_detection_training_dag.py
[2025-12-27T04:36:07.569+0000] {processor.py:925} INFO - DAG(s) 'fraud_detection_training' retrieved from /opt/airflow/dags/fraud_detection_training_dag.py
[2025-12-27T04:36:07.596+0000] {logging_mixin.py:190} INFO - [2025-12-27T04:36:07.596+0000] {dag.py:3239} INFO - Sync 1 DAGs
[2025-12-27T04:36:07.611+0000] {logging_mixin.py:190} INFO - [2025-12-27T04:36:07.611+0000] {dag.py:4180} INFO - Setting next_dagrun for fraud_detection_training to 2025-12-27 03:00:00+00:00, run_after=2025-12-28 03:00:00+00:00
[2025-12-27T04:36:07.758+0000] {processor.py:208} INFO - Processing /opt/airflow/dags/fraud_detection_training_dag.py took 0.211 seconds
[2025-12-27T04:36:37.883+0000] {processor.py:186} INFO - Started process (PID=1749) to work on /opt/airflow/dags/fraud_detection_training_dag.py
[2025-12-27T04:36:37.884+0000] {processor.py:914} INFO - Processing file /opt/airflow/dags/fraud_detection_training_dag.py for tasks to queue
[2025-12-27T04:36:37.886+0000] {logging_mixin.py:190} INFO - [2025-12-27T04:36:37.886+0000] {dagbag.py:588} INFO - Filling up the DagBag from /opt/airflow/dags/fraud_detection_training_dag.py
[2025-12-27T04:36:37.896+0000] {processor.py:925} INFO - DAG(s) 'fraud_detection_training' retrieved from /opt/airflow/dags/fraud_detection_training_dag.py
[2025-12-27T04:36:37.915+0000] {logging_mixin.py:190} INFO - [2025-12-27T04:36:37.915+0000] {dag.py:3239} INFO - Sync 1 DAGs
[2025-12-27T04:36:38.042+0000] {logging_mixin.py:190} INFO - [2025-12-27T04:36:38.042+0000] {dag.py:4180} INFO - Setting next_dagrun for fraud_detection_training to 2025-12-27 03:00:00+00:00, run_after=2025-12-28 03:00:00+00:00
[2025-12-27T04:36:38.050+0000] {processor.py:208} INFO - Processing /opt/airflow/dags/fraud_detection_training_dag.py took 0.170 seconds
[2025-12-27T04:37:08.163+0000] {processor.py:186} INFO - Started process (PID=1756) to work on /opt/airflow/dags/fraud_detection_training_dag.py
[2025-12-27T04:37:08.163+0000] {processor.py:914} INFO - Processing file /opt/airflow/dags/fraud_detection_training_dag.py for tasks to queue
[2025-12-27T04:37:08.165+0000] {logging_mixin.py:190} INFO - [2025-12-27T04:37:08.165+0000] {dagbag.py:588} INFO - Filling up the DagBag from /opt/airflow/dags/fraud_detection_training_dag.py
[2025-12-27T04:37:08.179+0000] {processor.py:925} INFO - DAG(s) 'fraud_detection_training' retrieved from /opt/airflow/dags/fraud_detection_training_dag.py
[2025-12-27T04:37:08.200+0000] {logging_mixin.py:190} INFO - [2025-12-27T04:37:08.200+0000] {dag.py:3239} INFO - Sync 1 DAGs
[2025-12-27T04:37:08.214+0000] {logging_mixin.py:190} INFO - [2025-12-27T04:37:08.214+0000] {dag.py:4180} INFO - Setting next_dagrun for fraud_detection_training to 2025-12-27 03:00:00+00:00, run_after=2025-12-28 03:00:00+00:00
[2025-12-27T04:37:08.223+0000] {processor.py:208} INFO - Processing /opt/airflow/dags/fraud_detection_training_dag.py took 0.065 seconds
[2025-12-27T04:37:38.304+0000] {processor.py:186} INFO - Started process (PID=1763) to work on /opt/airflow/dags/fraud_detection_training_dag.py
[2025-12-27T04:37:38.305+0000] {processor.py:914} INFO - Processing file /opt/airflow/dags/fraud_detection_training_dag.py for tasks to queue
[2025-12-27T04:37:38.308+0000] {logging_mixin.py:190} INFO - [2025-12-27T04:37:38.307+0000] {dagbag.py:588} INFO - Filling up the DagBag from /opt/airflow/dags/fraud_detection_training_dag.py
[2025-12-27T04:37:38.325+0000] {processor.py:925} INFO - DAG(s) 'fraud_detection_training' retrieved from /opt/airflow/dags/fraud_detection_training_dag.py
[2025-12-27T04:37:38.364+0000] {logging_mixin.py:190} INFO - [2025-12-27T04:37:38.364+0000] {dag.py:3239} INFO - Sync 1 DAGs
[2025-12-27T04:37:38.384+0000] {logging_mixin.py:190} INFO - [2025-12-27T04:37:38.384+0000] {dag.py:4180} INFO - Setting next_dagrun for fraud_detection_training to 2025-12-27 03:00:00+00:00, run_after=2025-12-28 03:00:00+00:00
[2025-12-27T04:37:38.403+0000] {processor.py:208} INFO - Processing /opt/airflow/dags/fraud_detection_training_dag.py took 0.105 seconds
[2025-12-27T04:38:09.046+0000] {processor.py:186} INFO - Started process (PID=1770) to work on /opt/airflow/dags/fraud_detection_training_dag.py
[2025-12-27T04:38:09.046+0000] {processor.py:914} INFO - Processing file /opt/airflow/dags/fraud_detection_training_dag.py for tasks to queue
[2025-12-27T04:38:09.047+0000] {logging_mixin.py:190} INFO - [2025-12-27T04:38:09.047+0000] {dagbag.py:588} INFO - Filling up the DagBag from /opt/airflow/dags/fraud_detection_training_dag.py
[2025-12-27T04:38:09.056+0000] {processor.py:925} INFO - DAG(s) 'fraud_detection_training' retrieved from /opt/airflow/dags/fraud_detection_training_dag.py
[2025-12-27T04:38:09.071+0000] {logging_mixin.py:190} INFO - [2025-12-27T04:38:09.071+0000] {dag.py:3239} INFO - Sync 1 DAGs
[2025-12-27T04:38:09.083+0000] {logging_mixin.py:190} INFO - [2025-12-27T04:38:09.083+0000] {dag.py:4180} INFO - Setting next_dagrun for fraud_detection_training to 2025-12-27 03:00:00+00:00, run_after=2025-12-28 03:00:00+00:00
[2025-12-27T04:38:09.091+0000] {processor.py:208} INFO - Processing /opt/airflow/dags/fraud_detection_training_dag.py took 0.048 seconds
[2025-12-27T04:38:39.183+0000] {processor.py:186} INFO - Started process (PID=1777) to work on /opt/airflow/dags/fraud_detection_training_dag.py
[2025-12-27T04:38:39.184+0000] {processor.py:914} INFO - Processing file /opt/airflow/dags/fraud_detection_training_dag.py for tasks to queue
[2025-12-27T04:38:39.185+0000] {logging_mixin.py:190} INFO - [2025-12-27T04:38:39.185+0000] {dagbag.py:588} INFO - Filling up the DagBag from /opt/airflow/dags/fraud_detection_training_dag.py
[2025-12-27T04:38:39.194+0000] {processor.py:925} INFO - DAG(s) 'fraud_detection_training' retrieved from /opt/airflow/dags/fraud_detection_training_dag.py
[2025-12-27T04:38:39.210+0000] {logging_mixin.py:190} INFO - [2025-12-27T04:38:39.210+0000] {dag.py:3239} INFO - Sync 1 DAGs
[2025-12-27T04:38:39.222+0000] {logging_mixin.py:190} INFO - [2025-12-27T04:38:39.222+0000] {dag.py:4180} INFO - Setting next_dagrun for fraud_detection_training to 2025-12-27 03:00:00+00:00, run_after=2025-12-28 03:00:00+00:00
[2025-12-27T04:38:39.230+0000] {processor.py:208} INFO - Processing /opt/airflow/dags/fraud_detection_training_dag.py took 0.050 seconds
[2025-12-27T04:39:09.305+0000] {processor.py:186} INFO - Started process (PID=1784) to work on /opt/airflow/dags/fraud_detection_training_dag.py
[2025-12-27T04:39:09.305+0000] {processor.py:914} INFO - Processing file /opt/airflow/dags/fraud_detection_training_dag.py for tasks to queue
[2025-12-27T04:39:09.307+0000] {logging_mixin.py:190} INFO - [2025-12-27T04:39:09.306+0000] {dagbag.py:588} INFO - Filling up the DagBag from /opt/airflow/dags/fraud_detection_training_dag.py
[2025-12-27T04:39:09.314+0000] {processor.py:925} INFO - DAG(s) 'fraud_detection_training' retrieved from /opt/airflow/dags/fraud_detection_training_dag.py
[2025-12-27T04:39:09.329+0000] {logging_mixin.py:190} INFO - [2025-12-27T04:39:09.329+0000] {dag.py:3239} INFO - Sync 1 DAGs
[2025-12-27T04:39:09.341+0000] {logging_mixin.py:190} INFO - [2025-12-27T04:39:09.341+0000] {dag.py:4180} INFO - Setting next_dagrun for fraud_detection_training to 2025-12-27 03:00:00+00:00, run_after=2025-12-28 03:00:00+00:00
[2025-12-27T04:39:09.482+0000] {processor.py:208} INFO - Processing /opt/airflow/dags/fraud_detection_training_dag.py took 0.180 seconds
[2025-12-27T04:39:39.586+0000] {processor.py:186} INFO - Started process (PID=1791) to work on /opt/airflow/dags/fraud_detection_training_dag.py
[2025-12-27T04:39:39.587+0000] {processor.py:914} INFO - Processing file /opt/airflow/dags/fraud_detection_training_dag.py for tasks to queue
[2025-12-27T04:39:39.590+0000] {logging_mixin.py:190} INFO - [2025-12-27T04:39:39.589+0000] {dagbag.py:588} INFO - Filling up the DagBag from /opt/airflow/dags/fraud_detection_training_dag.py
[2025-12-27T04:39:39.597+0000] {processor.py:925} INFO - DAG(s) 'fraud_detection_training' retrieved from /opt/airflow/dags/fraud_detection_training_dag.py
[2025-12-27T04:39:39.613+0000] {logging_mixin.py:190} INFO - [2025-12-27T04:39:39.612+0000] {dag.py:3239} INFO - Sync 1 DAGs
[2025-12-27T04:39:39.712+0000] {logging_mixin.py:190} INFO - [2025-12-27T04:39:39.712+0000] {dag.py:4180} INFO - Setting next_dagrun for fraud_detection_training to 2025-12-27 03:00:00+00:00, run_after=2025-12-28 03:00:00+00:00
[2025-12-27T04:39:39.720+0000] {processor.py:208} INFO - Processing /opt/airflow/dags/fraud_detection_training_dag.py took 0.141 seconds
[2025-12-27T04:40:09.825+0000] {processor.py:186} INFO - Started process (PID=1798) to work on /opt/airflow/dags/fraud_detection_training_dag.py
[2025-12-27T04:40:09.826+0000] {processor.py:914} INFO - Processing file /opt/airflow/dags/fraud_detection_training_dag.py for tasks to queue
[2025-12-27T04:40:09.828+0000] {logging_mixin.py:190} INFO - [2025-12-27T04:40:09.828+0000] {dagbag.py:588} INFO - Filling up the DagBag from /opt/airflow/dags/fraud_detection_training_dag.py
[2025-12-27T04:40:09.838+0000] {processor.py:925} INFO - DAG(s) 'fraud_detection_training' retrieved from /opt/airflow/dags/fraud_detection_training_dag.py
[2025-12-27T04:40:09.856+0000] {logging_mixin.py:190} INFO - [2025-12-27T04:40:09.856+0000] {dag.py:3239} INFO - Sync 1 DAGs
[2025-12-27T04:40:09.870+0000] {logging_mixin.py:190} INFO - [2025-12-27T04:40:09.870+0000] {dag.py:4180} INFO - Setting next_dagrun for fraud_detection_training to 2025-12-27 03:00:00+00:00, run_after=2025-12-28 03:00:00+00:00
[2025-12-27T04:40:09.879+0000] {processor.py:208} INFO - Processing /opt/airflow/dags/fraud_detection_training_dag.py took 0.057 seconds
[2025-12-27T04:40:39.942+0000] {processor.py:186} INFO - Started process (PID=1805) to work on /opt/airflow/dags/fraud_detection_training_dag.py
[2025-12-27T04:40:39.942+0000] {processor.py:914} INFO - Processing file /opt/airflow/dags/fraud_detection_training_dag.py for tasks to queue
[2025-12-27T04:40:39.943+0000] {logging_mixin.py:190} INFO - [2025-12-27T04:40:39.943+0000] {dagbag.py:588} INFO - Filling up the DagBag from /opt/airflow/dags/fraud_detection_training_dag.py
[2025-12-27T04:40:39.949+0000] {processor.py:925} INFO - DAG(s) 'fraud_detection_training' retrieved from /opt/airflow/dags/fraud_detection_training_dag.py
[2025-12-27T04:40:39.962+0000] {logging_mixin.py:190} INFO - [2025-12-27T04:40:39.962+0000] {dag.py:3239} INFO - Sync 1 DAGs
[2025-12-27T04:40:39.972+0000] {logging_mixin.py:190} INFO - [2025-12-27T04:40:39.972+0000] {dag.py:4180} INFO - Setting next_dagrun for fraud_detection_training to 2025-12-27 03:00:00+00:00, run_after=2025-12-28 03:00:00+00:00
[2025-12-27T04:40:39.979+0000] {processor.py:208} INFO - Processing /opt/airflow/dags/fraud_detection_training_dag.py took 0.040 seconds
[2025-12-27T04:40:53.030+0000] {processor.py:186} INFO - Started process (PID=1806) to work on /opt/airflow/dags/fraud_detection_training_dag.py
[2025-12-27T04:40:53.031+0000] {processor.py:914} INFO - Processing file /opt/airflow/dags/fraud_detection_training_dag.py for tasks to queue
[2025-12-27T04:40:53.033+0000] {logging_mixin.py:190} INFO - [2025-12-27T04:40:53.032+0000] {dagbag.py:588} INFO - Filling up the DagBag from /opt/airflow/dags/fraud_detection_training_dag.py
[2025-12-27T04:40:53.044+0000] {processor.py:925} INFO - DAG(s) 'fraud_detection_training' retrieved from /opt/airflow/dags/fraud_detection_training_dag.py
[2025-12-27T04:40:53.067+0000] {logging_mixin.py:190} INFO - [2025-12-27T04:40:53.067+0000] {dag.py:3239} INFO - Sync 1 DAGs
[2025-12-27T04:40:53.084+0000] {logging_mixin.py:190} INFO - [2025-12-27T04:40:53.084+0000] {dag.py:4180} INFO - Setting next_dagrun for fraud_detection_training to 2025-12-27 03:00:00+00:00, run_after=2025-12-28 03:00:00+00:00
[2025-12-27T04:40:53.095+0000] {processor.py:208} INFO - Processing /opt/airflow/dags/fraud_detection_training_dag.py took 0.069 seconds
[2025-12-27T04:41:23.146+0000] {processor.py:186} INFO - Started process (PID=1813) to work on /opt/airflow/dags/fraud_detection_training_dag.py
[2025-12-27T04:41:23.147+0000] {processor.py:914} INFO - Processing file /opt/airflow/dags/fraud_detection_training_dag.py for tasks to queue
[2025-12-27T04:41:23.149+0000] {logging_mixin.py:190} INFO - [2025-12-27T04:41:23.149+0000] {dagbag.py:588} INFO - Filling up the DagBag from /opt/airflow/dags/fraud_detection_training_dag.py
[2025-12-27T04:41:23.161+0000] {processor.py:925} INFO - DAG(s) 'fraud_detection_training' retrieved from /opt/airflow/dags/fraud_detection_training_dag.py
[2025-12-27T04:41:23.183+0000] {logging_mixin.py:190} INFO - [2025-12-27T04:41:23.183+0000] {dag.py:3239} INFO - Sync 1 DAGs
[2025-12-27T04:41:23.195+0000] {logging_mixin.py:190} INFO - [2025-12-27T04:41:23.195+0000] {dag.py:4180} INFO - Setting next_dagrun for fraud_detection_training to 2025-12-27 03:00:00+00:00, run_after=2025-12-28 03:00:00+00:00
[2025-12-27T04:41:23.203+0000] {processor.py:208} INFO - Processing /opt/airflow/dags/fraud_detection_training_dag.py took 0.060 seconds
[2025-12-27T04:41:53.307+0000] {processor.py:186} INFO - Started process (PID=1820) to work on /opt/airflow/dags/fraud_detection_training_dag.py
[2025-12-27T04:41:53.307+0000] {processor.py:914} INFO - Processing file /opt/airflow/dags/fraud_detection_training_dag.py for tasks to queue
[2025-12-27T04:41:53.308+0000] {logging_mixin.py:190} INFO - [2025-12-27T04:41:53.308+0000] {dagbag.py:588} INFO - Filling up the DagBag from /opt/airflow/dags/fraud_detection_training_dag.py
[2025-12-27T04:41:53.315+0000] {processor.py:925} INFO - DAG(s) 'fraud_detection_training' retrieved from /opt/airflow/dags/fraud_detection_training_dag.py
[2025-12-27T04:41:53.331+0000] {logging_mixin.py:190} INFO - [2025-12-27T04:41:53.331+0000] {dag.py:3239} INFO - Sync 1 DAGs
[2025-12-27T04:41:53.343+0000] {logging_mixin.py:190} INFO - [2025-12-27T04:41:53.343+0000] {dag.py:4180} INFO - Setting next_dagrun for fraud_detection_training to 2025-12-27 03:00:00+00:00, run_after=2025-12-28 03:00:00+00:00
[2025-12-27T04:41:53.489+0000] {processor.py:208} INFO - Processing /opt/airflow/dags/fraud_detection_training_dag.py took 0.186 seconds
[2025-12-27T04:42:23.595+0000] {processor.py:186} INFO - Started process (PID=1826) to work on /opt/airflow/dags/fraud_detection_training_dag.py
[2025-12-27T04:42:23.596+0000] {processor.py:914} INFO - Processing file /opt/airflow/dags/fraud_detection_training_dag.py for tasks to queue
[2025-12-27T04:42:23.598+0000] {logging_mixin.py:190} INFO - [2025-12-27T04:42:23.597+0000] {dagbag.py:588} INFO - Filling up the DagBag from /opt/airflow/dags/fraud_detection_training_dag.py
[2025-12-27T04:42:23.606+0000] {processor.py:925} INFO - DAG(s) 'fraud_detection_training' retrieved from /opt/airflow/dags/fraud_detection_training_dag.py
[2025-12-27T04:42:23.624+0000] {logging_mixin.py:190} INFO - [2025-12-27T04:42:23.624+0000] {dag.py:3239} INFO - Sync 1 DAGs
[2025-12-27T04:42:23.721+0000] {logging_mixin.py:190} INFO - [2025-12-27T04:42:23.721+0000] {dag.py:4180} INFO - Setting next_dagrun for fraud_detection_training to 2025-12-27 03:00:00+00:00, run_after=2025-12-28 03:00:00+00:00
[2025-12-27T04:42:23.728+0000] {processor.py:208} INFO - Processing /opt/airflow/dags/fraud_detection_training_dag.py took 0.136 seconds
[2025-12-27T04:42:53.823+0000] {processor.py:186} INFO - Started process (PID=1833) to work on /opt/airflow/dags/fraud_detection_training_dag.py
[2025-12-27T04:42:53.823+0000] {processor.py:914} INFO - Processing file /opt/airflow/dags/fraud_detection_training_dag.py for tasks to queue
[2025-12-27T04:42:53.825+0000] {logging_mixin.py:190} INFO - [2025-12-27T04:42:53.825+0000] {dagbag.py:588} INFO - Filling up the DagBag from /opt/airflow/dags/fraud_detection_training_dag.py
[2025-12-27T04:42:53.835+0000] {processor.py:925} INFO - DAG(s) 'fraud_detection_training' retrieved from /opt/airflow/dags/fraud_detection_training_dag.py
[2025-12-27T04:42:53.853+0000] {logging_mixin.py:190} INFO - [2025-12-27T04:42:53.852+0000] {dag.py:3239} INFO - Sync 1 DAGs
[2025-12-27T04:42:53.864+0000] {logging_mixin.py:190} INFO - [2025-12-27T04:42:53.864+0000] {dag.py:4180} INFO - Setting next_dagrun for fraud_detection_training to 2025-12-27 03:00:00+00:00, run_after=2025-12-28 03:00:00+00:00
[2025-12-27T04:42:53.872+0000] {processor.py:208} INFO - Processing /opt/airflow/dags/fraud_detection_training_dag.py took 0.053 seconds
[2025-12-27T04:43:23.941+0000] {processor.py:186} INFO - Started process (PID=1840) to work on /opt/airflow/dags/fraud_detection_training_dag.py
[2025-12-27T04:43:23.942+0000] {processor.py:914} INFO - Processing file /opt/airflow/dags/fraud_detection_training_dag.py for tasks to queue
[2025-12-27T04:43:23.943+0000] {logging_mixin.py:190} INFO - [2025-12-27T04:43:23.943+0000] {dagbag.py:588} INFO - Filling up the DagBag from /opt/airflow/dags/fraud_detection_training_dag.py
[2025-12-27T04:43:23.951+0000] {processor.py:925} INFO - DAG(s) 'fraud_detection_training' retrieved from /opt/airflow/dags/fraud_detection_training_dag.py
[2025-12-27T04:43:23.972+0000] {logging_mixin.py:190} INFO - [2025-12-27T04:43:23.972+0000] {dag.py:3239} INFO - Sync 1 DAGs
[2025-12-27T04:43:23.983+0000] {logging_mixin.py:190} INFO - [2025-12-27T04:43:23.983+0000] {dag.py:4180} INFO - Setting next_dagrun for fraud_detection_training to 2025-12-27 03:00:00+00:00, run_after=2025-12-28 03:00:00+00:00
[2025-12-27T04:43:23.993+0000] {processor.py:208} INFO - Processing /opt/airflow/dags/fraud_detection_training_dag.py took 0.055 seconds
[2025-12-27T04:43:54.087+0000] {processor.py:186} INFO - Started process (PID=1847) to work on /opt/airflow/dags/fraud_detection_training_dag.py
[2025-12-27T04:43:54.088+0000] {processor.py:914} INFO - Processing file /opt/airflow/dags/fraud_detection_training_dag.py for tasks to queue
[2025-12-27T04:43:54.089+0000] {logging_mixin.py:190} INFO - [2025-12-27T04:43:54.089+0000] {dagbag.py:588} INFO - Filling up the DagBag from /opt/airflow/dags/fraud_detection_training_dag.py
[2025-12-27T04:43:54.096+0000] {processor.py:925} INFO - DAG(s) 'fraud_detection_training' retrieved from /opt/airflow/dags/fraud_detection_training_dag.py
[2025-12-27T04:43:54.111+0000] {logging_mixin.py:190} INFO - [2025-12-27T04:43:54.111+0000] {dag.py:3239} INFO - Sync 1 DAGs
[2025-12-27T04:43:54.122+0000] {logging_mixin.py:190} INFO - [2025-12-27T04:43:54.122+0000] {dag.py:4180} INFO - Setting next_dagrun for fraud_detection_training to 2025-12-27 03:00:00+00:00, run_after=2025-12-28 03:00:00+00:00
[2025-12-27T04:43:54.131+0000] {processor.py:208} INFO - Processing /opt/airflow/dags/fraud_detection_training_dag.py took 0.047 seconds
[2025-12-27T04:44:24.222+0000] {processor.py:186} INFO - Started process (PID=1853) to work on /opt/airflow/dags/fraud_detection_training_dag.py
[2025-12-27T04:44:24.222+0000] {processor.py:914} INFO - Processing file /opt/airflow/dags/fraud_detection_training_dag.py for tasks to queue
[2025-12-27T04:44:24.224+0000] {logging_mixin.py:190} INFO - [2025-12-27T04:44:24.224+0000] {dagbag.py:588} INFO - Filling up the DagBag from /opt/airflow/dags/fraud_detection_training_dag.py
[2025-12-27T04:44:24.235+0000] {processor.py:925} INFO - DAG(s) 'fraud_detection_training' retrieved from /opt/airflow/dags/fraud_detection_training_dag.py
[2025-12-27T04:44:24.254+0000] {logging_mixin.py:190} INFO - [2025-12-27T04:44:24.254+0000] {dag.py:3239} INFO - Sync 1 DAGs
[2025-12-27T04:44:24.267+0000] {logging_mixin.py:190} INFO - [2025-12-27T04:44:24.267+0000] {dag.py:4180} INFO - Setting next_dagrun for fraud_detection_training to 2025-12-27 03:00:00+00:00, run_after=2025-12-28 03:00:00+00:00
[2025-12-27T04:44:24.277+0000] {processor.py:208} INFO - Processing /opt/airflow/dags/fraud_detection_training_dag.py took 0.060 seconds
[2025-12-27T04:44:54.358+0000] {processor.py:186} INFO - Started process (PID=1860) to work on /opt/airflow/dags/fraud_detection_training_dag.py
[2025-12-27T04:44:54.359+0000] {processor.py:914} INFO - Processing file /opt/airflow/dags/fraud_detection_training_dag.py for tasks to queue
[2025-12-27T04:44:54.360+0000] {logging_mixin.py:190} INFO - [2025-12-27T04:44:54.360+0000] {dagbag.py:588} INFO - Filling up the DagBag from /opt/airflow/dags/fraud_detection_training_dag.py
[2025-12-27T04:44:54.365+0000] {processor.py:925} INFO - DAG(s) 'fraud_detection_training' retrieved from /opt/airflow/dags/fraud_detection_training_dag.py
[2025-12-27T04:44:54.378+0000] {logging_mixin.py:190} INFO - [2025-12-27T04:44:54.378+0000] {dag.py:3239} INFO - Sync 1 DAGs
[2025-12-27T04:44:54.515+0000] {logging_mixin.py:190} INFO - [2025-12-27T04:44:54.515+0000] {dag.py:4180} INFO - Setting next_dagrun for fraud_detection_training to 2025-12-27 03:00:00+00:00, run_after=2025-12-28 03:00:00+00:00
[2025-12-27T04:44:54.522+0000] {processor.py:208} INFO - Processing /opt/airflow/dags/fraud_detection_training_dag.py took 0.166 seconds
[2025-12-27T04:45:24.615+0000] {processor.py:186} INFO - Started process (PID=1867) to work on /opt/airflow/dags/fraud_detection_training_dag.py
[2025-12-27T04:45:24.616+0000] {processor.py:914} INFO - Processing file /opt/airflow/dags/fraud_detection_training_dag.py for tasks to queue
[2025-12-27T04:45:24.617+0000] {logging_mixin.py:190} INFO - [2025-12-27T04:45:24.617+0000] {dagbag.py:588} INFO - Filling up the DagBag from /opt/airflow/dags/fraud_detection_training_dag.py
[2025-12-27T04:45:24.623+0000] {processor.py:925} INFO - DAG(s) 'fraud_detection_training' retrieved from /opt/airflow/dags/fraud_detection_training_dag.py
[2025-12-27T04:45:24.639+0000] {logging_mixin.py:190} INFO - [2025-12-27T04:45:24.638+0000] {dag.py:3239} INFO - Sync 1 DAGs
[2025-12-27T04:45:24.810+0000] {logging_mixin.py:190} INFO - [2025-12-27T04:45:24.809+0000] {dag.py:4180} INFO - Setting next_dagrun for fraud_detection_training to 2025-12-27 03:00:00+00:00, run_after=2025-12-28 03:00:00+00:00
[2025-12-27T04:45:24.862+0000] {processor.py:208} INFO - Processing /opt/airflow/dags/fraud_detection_training_dag.py took 0.250 seconds
[2025-12-27T04:45:54.992+0000] {processor.py:186} INFO - Started process (PID=1873) to work on /opt/airflow/dags/fraud_detection_training_dag.py
[2025-12-27T04:45:54.993+0000] {processor.py:914} INFO - Processing file /opt/airflow/dags/fraud_detection_training_dag.py for tasks to queue
[2025-12-27T04:45:54.995+0000] {logging_mixin.py:190} INFO - [2025-12-27T04:45:54.995+0000] {dagbag.py:588} INFO - Filling up the DagBag from /opt/airflow/dags/fraud_detection_training_dag.py
[2025-12-27T04:45:55.006+0000] {processor.py:925} INFO - DAG(s) 'fraud_detection_training' retrieved from /opt/airflow/dags/fraud_detection_training_dag.py
[2025-12-27T04:45:55.026+0000] {logging_mixin.py:190} INFO - [2025-12-27T04:45:55.026+0000] {dag.py:3239} INFO - Sync 1 DAGs
[2025-12-27T04:45:55.041+0000] {logging_mixin.py:190} INFO - [2025-12-27T04:45:55.041+0000] {dag.py:4180} INFO - Setting next_dagrun for fraud_detection_training to 2025-12-27 03:00:00+00:00, run_after=2025-12-28 03:00:00+00:00
[2025-12-27T04:45:55.052+0000] {processor.py:208} INFO - Processing /opt/airflow/dags/fraud_detection_training_dag.py took 0.064 seconds
[2025-12-27T04:46:25.108+0000] {processor.py:186} INFO - Started process (PID=1880) to work on /opt/airflow/dags/fraud_detection_training_dag.py
[2025-12-27T04:46:25.109+0000] {processor.py:914} INFO - Processing file /opt/airflow/dags/fraud_detection_training_dag.py for tasks to queue
[2025-12-27T04:46:25.111+0000] {logging_mixin.py:190} INFO - [2025-12-27T04:46:25.111+0000] {dagbag.py:588} INFO - Filling up the DagBag from /opt/airflow/dags/fraud_detection_training_dag.py
[2025-12-27T04:46:25.120+0000] {processor.py:925} INFO - DAG(s) 'fraud_detection_training' retrieved from /opt/airflow/dags/fraud_detection_training_dag.py
[2025-12-27T04:46:25.141+0000] {logging_mixin.py:190} INFO - [2025-12-27T04:46:25.141+0000] {dag.py:3239} INFO - Sync 1 DAGs
[2025-12-27T04:46:25.161+0000] {logging_mixin.py:190} INFO - [2025-12-27T04:46:25.161+0000] {dag.py:4180} INFO - Setting next_dagrun for fraud_detection_training to 2025-12-27 03:00:00+00:00, run_after=2025-12-28 03:00:00+00:00
[2025-12-27T04:46:25.171+0000] {processor.py:208} INFO - Processing /opt/airflow/dags/fraud_detection_training_dag.py took 0.067 seconds
[2025-12-27T04:46:55.257+0000] {processor.py:186} INFO - Started process (PID=1887) to work on /opt/airflow/dags/fraud_detection_training_dag.py
[2025-12-27T04:46:55.258+0000] {processor.py:914} INFO - Processing file /opt/airflow/dags/fraud_detection_training_dag.py for tasks to queue
[2025-12-27T04:46:55.260+0000] {logging_mixin.py:190} INFO - [2025-12-27T04:46:55.260+0000] {dagbag.py:588} INFO - Filling up the DagBag from /opt/airflow/dags/fraud_detection_training_dag.py
[2025-12-27T04:46:55.270+0000] {processor.py:925} INFO - DAG(s) 'fraud_detection_training' retrieved from /opt/airflow/dags/fraud_detection_training_dag.py
[2025-12-27T04:46:55.289+0000] {logging_mixin.py:190} INFO - [2025-12-27T04:46:55.289+0000] {dag.py:3239} INFO - Sync 1 DAGs
[2025-12-27T04:46:55.302+0000] {logging_mixin.py:190} INFO - [2025-12-27T04:46:55.302+0000] {dag.py:4180} INFO - Setting next_dagrun for fraud_detection_training to 2025-12-27 03:00:00+00:00, run_after=2025-12-28 03:00:00+00:00
[2025-12-27T04:46:55.311+0000] {processor.py:208} INFO - Processing /opt/airflow/dags/fraud_detection_training_dag.py took 0.058 seconds
[2025-12-27T04:47:25.392+0000] {processor.py:186} INFO - Started process (PID=1894) to work on /opt/airflow/dags/fraud_detection_training_dag.py
[2025-12-27T04:47:25.392+0000] {processor.py:914} INFO - Processing file /opt/airflow/dags/fraud_detection_training_dag.py for tasks to queue
[2025-12-27T04:47:25.394+0000] {logging_mixin.py:190} INFO - [2025-12-27T04:47:25.393+0000] {dagbag.py:588} INFO - Filling up the DagBag from /opt/airflow/dags/fraud_detection_training_dag.py
[2025-12-27T04:47:25.400+0000] {processor.py:925} INFO - DAG(s) 'fraud_detection_training' retrieved from /opt/airflow/dags/fraud_detection_training_dag.py
[2025-12-27T04:47:25.415+0000] {logging_mixin.py:190} INFO - [2025-12-27T04:47:25.415+0000] {dag.py:3239} INFO - Sync 1 DAGs
[2025-12-27T04:47:25.426+0000] {logging_mixin.py:190} INFO - [2025-12-27T04:47:25.426+0000] {dag.py:4180} INFO - Setting next_dagrun for fraud_detection_training to 2025-12-27 03:00:00+00:00, run_after=2025-12-28 03:00:00+00:00
[2025-12-27T04:47:25.555+0000] {processor.py:208} INFO - Processing /opt/airflow/dags/fraud_detection_training_dag.py took 0.167 seconds
[2025-12-27T04:47:55.664+0000] {processor.py:186} INFO - Started process (PID=1901) to work on /opt/airflow/dags/fraud_detection_training_dag.py
[2025-12-27T04:47:55.664+0000] {processor.py:914} INFO - Processing file /opt/airflow/dags/fraud_detection_training_dag.py for tasks to queue
[2025-12-27T04:47:55.666+0000] {logging_mixin.py:190} INFO - [2025-12-27T04:47:55.666+0000] {dagbag.py:588} INFO - Filling up the DagBag from /opt/airflow/dags/fraud_detection_training_dag.py
[2025-12-27T04:47:55.677+0000] {processor.py:925} INFO - DAG(s) 'fraud_detection_training' retrieved from /opt/airflow/dags/fraud_detection_training_dag.py
[2025-12-27T04:47:55.698+0000] {logging_mixin.py:190} INFO - [2025-12-27T04:47:55.698+0000] {dag.py:3239} INFO - Sync 1 DAGs
[2025-12-27T04:47:55.807+0000] {logging_mixin.py:190} INFO - [2025-12-27T04:47:55.806+0000] {dag.py:4180} INFO - Setting next_dagrun for fraud_detection_training to 2025-12-27 03:00:00+00:00, run_after=2025-12-28 03:00:00+00:00
[2025-12-27T04:47:55.813+0000] {processor.py:208} INFO - Processing /opt/airflow/dags/fraud_detection_training_dag.py took 0.155 seconds
[2025-12-27T04:48:25.909+0000] {processor.py:186} INFO - Started process (PID=1908) to work on /opt/airflow/dags/fraud_detection_training_dag.py
[2025-12-27T04:48:25.909+0000] {processor.py:914} INFO - Processing file /opt/airflow/dags/fraud_detection_training_dag.py for tasks to queue
[2025-12-27T04:48:25.911+0000] {logging_mixin.py:190} INFO - [2025-12-27T04:48:25.911+0000] {dagbag.py:588} INFO - Filling up the DagBag from /opt/airflow/dags/fraud_detection_training_dag.py
[2025-12-27T04:48:25.921+0000] {processor.py:925} INFO - DAG(s) 'fraud_detection_training' retrieved from /opt/airflow/dags/fraud_detection_training_dag.py
[2025-12-27T04:48:25.940+0000] {logging_mixin.py:190} INFO - [2025-12-27T04:48:25.940+0000] {dag.py:3239} INFO - Sync 1 DAGs
[2025-12-27T04:48:25.954+0000] {logging_mixin.py:190} INFO - [2025-12-27T04:48:25.954+0000] {dag.py:4180} INFO - Setting next_dagrun for fraud_detection_training to 2025-12-27 03:00:00+00:00, run_after=2025-12-28 03:00:00+00:00
[2025-12-27T04:48:25.961+0000] {processor.py:208} INFO - Processing /opt/airflow/dags/fraud_detection_training_dag.py took 0.057 seconds
[2025-12-27T04:48:56.030+0000] {processor.py:186} INFO - Started process (PID=1915) to work on /opt/airflow/dags/fraud_detection_training_dag.py
[2025-12-27T04:48:56.030+0000] {processor.py:914} INFO - Processing file /opt/airflow/dags/fraud_detection_training_dag.py for tasks to queue
[2025-12-27T04:48:56.032+0000] {logging_mixin.py:190} INFO - [2025-12-27T04:48:56.032+0000] {dagbag.py:588} INFO - Filling up the DagBag from /opt/airflow/dags/fraud_detection_training_dag.py
[2025-12-27T04:48:56.040+0000] {processor.py:925} INFO - DAG(s) 'fraud_detection_training' retrieved from /opt/airflow/dags/fraud_detection_training_dag.py
[2025-12-27T04:48:56.060+0000] {logging_mixin.py:190} INFO - [2025-12-27T04:48:56.059+0000] {dag.py:3239} INFO - Sync 1 DAGs
[2025-12-27T04:48:56.072+0000] {logging_mixin.py:190} INFO - [2025-12-27T04:48:56.072+0000] {dag.py:4180} INFO - Setting next_dagrun for fraud_detection_training to 2025-12-27 03:00:00+00:00, run_after=2025-12-28 03:00:00+00:00
[2025-12-27T04:48:56.081+0000] {processor.py:208} INFO - Processing /opt/airflow/dags/fraud_detection_training_dag.py took 0.055 seconds
[2025-12-27T04:49:26.167+0000] {processor.py:186} INFO - Started process (PID=1922) to work on /opt/airflow/dags/fraud_detection_training_dag.py
[2025-12-27T04:49:26.167+0000] {processor.py:914} INFO - Processing file /opt/airflow/dags/fraud_detection_training_dag.py for tasks to queue
[2025-12-27T04:49:26.168+0000] {logging_mixin.py:190} INFO - [2025-12-27T04:49:26.168+0000] {dagbag.py:588} INFO - Filling up the DagBag from /opt/airflow/dags/fraud_detection_training_dag.py
[2025-12-27T04:49:26.173+0000] {processor.py:925} INFO - DAG(s) 'fraud_detection_training' retrieved from /opt/airflow/dags/fraud_detection_training_dag.py
[2025-12-27T04:49:26.187+0000] {logging_mixin.py:190} INFO - [2025-12-27T04:49:26.186+0000] {dag.py:3239} INFO - Sync 1 DAGs
[2025-12-27T04:49:26.197+0000] {logging_mixin.py:190} INFO - [2025-12-27T04:49:26.197+0000] {dag.py:4180} INFO - Setting next_dagrun for fraud_detection_training to 2025-12-27 03:00:00+00:00, run_after=2025-12-28 03:00:00+00:00
[2025-12-27T04:49:26.204+0000] {processor.py:208} INFO - Processing /opt/airflow/dags/fraud_detection_training_dag.py took 0.040 seconds
[2025-12-27T04:49:56.286+0000] {processor.py:186} INFO - Started process (PID=1929) to work on /opt/airflow/dags/fraud_detection_training_dag.py
[2025-12-27T04:49:56.287+0000] {processor.py:914} INFO - Processing file /opt/airflow/dags/fraud_detection_training_dag.py for tasks to queue
[2025-12-27T04:49:56.289+0000] {logging_mixin.py:190} INFO - [2025-12-27T04:49:56.288+0000] {dagbag.py:588} INFO - Filling up the DagBag from /opt/airflow/dags/fraud_detection_training_dag.py
[2025-12-27T04:49:56.297+0000] {processor.py:925} INFO - DAG(s) 'fraud_detection_training' retrieved from /opt/airflow/dags/fraud_detection_training_dag.py
[2025-12-27T04:49:56.312+0000] {logging_mixin.py:190} INFO - [2025-12-27T04:49:56.312+0000] {dag.py:3239} INFO - Sync 1 DAGs
[2025-12-27T04:49:56.324+0000] {logging_mixin.py:190} INFO - [2025-12-27T04:49:56.324+0000] {dag.py:4180} INFO - Setting next_dagrun for fraud_detection_training to 2025-12-27 03:00:00+00:00, run_after=2025-12-28 03:00:00+00:00
[2025-12-27T04:49:56.332+0000] {processor.py:208} INFO - Processing /opt/airflow/dags/fraud_detection_training_dag.py took 0.050 seconds
[2025-12-27T04:50:26.411+0000] {processor.py:186} INFO - Started process (PID=1936) to work on /opt/airflow/dags/fraud_detection_training_dag.py
[2025-12-27T04:50:26.412+0000] {processor.py:914} INFO - Processing file /opt/airflow/dags/fraud_detection_training_dag.py for tasks to queue
[2025-12-27T04:50:26.414+0000] {logging_mixin.py:190} INFO - [2025-12-27T04:50:26.414+0000] {dagbag.py:588} INFO - Filling up the DagBag from /opt/airflow/dags/fraud_detection_training_dag.py
[2025-12-27T04:50:26.424+0000] {processor.py:925} INFO - DAG(s) 'fraud_detection_training' retrieved from /opt/airflow/dags/fraud_detection_training_dag.py
[2025-12-27T04:50:26.445+0000] {logging_mixin.py:190} INFO - [2025-12-27T04:50:26.445+0000] {dag.py:3239} INFO - Sync 1 DAGs
[2025-12-27T04:50:26.606+0000] {logging_mixin.py:190} INFO - [2025-12-27T04:50:26.606+0000] {dag.py:4180} INFO - Setting next_dagrun for fraud_detection_training to 2025-12-27 03:00:00+00:00, run_after=2025-12-28 03:00:00+00:00
[2025-12-27T04:50:26.614+0000] {processor.py:208} INFO - Processing /opt/airflow/dags/fraud_detection_training_dag.py took 0.208 seconds
[2025-12-27T04:50:56.707+0000] {processor.py:186} INFO - Started process (PID=1942) to work on /opt/airflow/dags/fraud_detection_training_dag.py
[2025-12-27T04:50:56.707+0000] {processor.py:914} INFO - Processing file /opt/airflow/dags/fraud_detection_training_dag.py for tasks to queue
[2025-12-27T04:50:56.709+0000] {logging_mixin.py:190} INFO - [2025-12-27T04:50:56.709+0000] {dagbag.py:588} INFO - Filling up the DagBag from /opt/airflow/dags/fraud_detection_training_dag.py
[2025-12-27T04:50:56.716+0000] {processor.py:925} INFO - DAG(s) 'fraud_detection_training' retrieved from /opt/airflow/dags/fraud_detection_training_dag.py
[2025-12-27T04:50:56.731+0000] {logging_mixin.py:190} INFO - [2025-12-27T04:50:56.731+0000] {dag.py:3239} INFO - Sync 1 DAGs
[2025-12-27T04:50:56.829+0000] {logging_mixin.py:190} INFO - [2025-12-27T04:50:56.829+0000] {dag.py:4180} INFO - Setting next_dagrun for fraud_detection_training to 2025-12-27 03:00:00+00:00, run_after=2025-12-28 03:00:00+00:00
[2025-12-27T04:50:56.836+0000] {processor.py:208} INFO - Processing /opt/airflow/dags/fraud_detection_training_dag.py took 0.133 seconds
[2025-12-27T04:51:26.925+0000] {processor.py:186} INFO - Started process (PID=1948) to work on /opt/airflow/dags/fraud_detection_training_dag.py
[2025-12-27T04:51:26.926+0000] {processor.py:914} INFO - Processing file /opt/airflow/dags/fraud_detection_training_dag.py for tasks to queue
[2025-12-27T04:51:26.927+0000] {logging_mixin.py:190} INFO - [2025-12-27T04:51:26.927+0000] {dagbag.py:588} INFO - Filling up the DagBag from /opt/airflow/dags/fraud_detection_training_dag.py
[2025-12-27T04:51:26.934+0000] {processor.py:925} INFO - DAG(s) 'fraud_detection_training' retrieved from /opt/airflow/dags/fraud_detection_training_dag.py
[2025-12-27T04:51:26.949+0000] {logging_mixin.py:190} INFO - [2025-12-27T04:51:26.949+0000] {dag.py:3239} INFO - Sync 1 DAGs
[2025-12-27T04:51:26.960+0000] {logging_mixin.py:190} INFO - [2025-12-27T04:51:26.960+0000] {dag.py:4180} INFO - Setting next_dagrun for fraud_detection_training to 2025-12-27 03:00:00+00:00, run_after=2025-12-28 03:00:00+00:00
[2025-12-27T04:51:26.968+0000] {processor.py:208} INFO - Processing /opt/airflow/dags/fraud_detection_training_dag.py took 0.046 seconds
[2025-12-27T04:51:57.039+0000] {processor.py:186} INFO - Started process (PID=1955) to work on /opt/airflow/dags/fraud_detection_training_dag.py
[2025-12-27T04:51:57.040+0000] {processor.py:914} INFO - Processing file /opt/airflow/dags/fraud_detection_training_dag.py for tasks to queue
[2025-12-27T04:51:57.042+0000] {logging_mixin.py:190} INFO - [2025-12-27T04:51:57.041+0000] {dagbag.py:588} INFO - Filling up the DagBag from /opt/airflow/dags/fraud_detection_training_dag.py
[2025-12-27T04:51:57.050+0000] {processor.py:925} INFO - DAG(s) 'fraud_detection_training' retrieved from /opt/airflow/dags/fraud_detection_training_dag.py
[2025-12-27T04:51:57.068+0000] {logging_mixin.py:190} INFO - [2025-12-27T04:51:57.067+0000] {dag.py:3239} INFO - Sync 1 DAGs
[2025-12-27T04:51:57.081+0000] {logging_mixin.py:190} INFO - [2025-12-27T04:51:57.081+0000] {dag.py:4180} INFO - Setting next_dagrun for fraud_detection_training to 2025-12-27 03:00:00+00:00, run_after=2025-12-28 03:00:00+00:00
[2025-12-27T04:51:57.090+0000] {processor.py:208} INFO - Processing /opt/airflow/dags/fraud_detection_training_dag.py took 0.054 seconds
[2025-12-27T04:52:27.174+0000] {processor.py:186} INFO - Started process (PID=1962) to work on /opt/airflow/dags/fraud_detection_training_dag.py
[2025-12-27T04:52:27.175+0000] {processor.py:914} INFO - Processing file /opt/airflow/dags/fraud_detection_training_dag.py for tasks to queue
[2025-12-27T04:52:27.177+0000] {logging_mixin.py:190} INFO - [2025-12-27T04:52:27.176+0000] {dagbag.py:588} INFO - Filling up the DagBag from /opt/airflow/dags/fraud_detection_training_dag.py
[2025-12-27T04:52:27.183+0000] {processor.py:925} INFO - DAG(s) 'fraud_detection_training' retrieved from /opt/airflow/dags/fraud_detection_training_dag.py
[2025-12-27T04:52:27.199+0000] {logging_mixin.py:190} INFO - [2025-12-27T04:52:27.198+0000] {dag.py:3239} INFO - Sync 1 DAGs
[2025-12-27T04:52:27.210+0000] {logging_mixin.py:190} INFO - [2025-12-27T04:52:27.210+0000] {dag.py:4180} INFO - Setting next_dagrun for fraud_detection_training to 2025-12-27 03:00:00+00:00, run_after=2025-12-28 03:00:00+00:00
[2025-12-27T04:52:27.218+0000] {processor.py:208} INFO - Processing /opt/airflow/dags/fraud_detection_training_dag.py took 0.046 seconds
[2025-12-27T04:52:57.299+0000] {processor.py:186} INFO - Started process (PID=1969) to work on /opt/airflow/dags/fraud_detection_training_dag.py
[2025-12-27T04:52:57.299+0000] {processor.py:914} INFO - Processing file /opt/airflow/dags/fraud_detection_training_dag.py for tasks to queue
[2025-12-27T04:52:57.301+0000] {logging_mixin.py:190} INFO - [2025-12-27T04:52:57.300+0000] {dagbag.py:588} INFO - Filling up the DagBag from /opt/airflow/dags/fraud_detection_training_dag.py
[2025-12-27T04:52:57.307+0000] {processor.py:925} INFO - DAG(s) 'fraud_detection_training' retrieved from /opt/airflow/dags/fraud_detection_training_dag.py
[2025-12-27T04:52:57.322+0000] {logging_mixin.py:190} INFO - [2025-12-27T04:52:57.322+0000] {dag.py:3239} INFO - Sync 1 DAGs
[2025-12-27T04:52:57.333+0000] {logging_mixin.py:190} INFO - [2025-12-27T04:52:57.333+0000] {dag.py:4180} INFO - Setting next_dagrun for fraud_detection_training to 2025-12-27 03:00:00+00:00, run_after=2025-12-28 03:00:00+00:00
[2025-12-27T04:52:57.466+0000] {processor.py:208} INFO - Processing /opt/airflow/dags/fraud_detection_training_dag.py took 0.170 seconds
[2025-12-27T04:53:27.563+0000] {processor.py:186} INFO - Started process (PID=1976) to work on /opt/airflow/dags/fraud_detection_training_dag.py
[2025-12-27T04:53:27.564+0000] {processor.py:914} INFO - Processing file /opt/airflow/dags/fraud_detection_training_dag.py for tasks to queue
[2025-12-27T04:53:27.565+0000] {logging_mixin.py:190} INFO - [2025-12-27T04:53:27.565+0000] {dagbag.py:588} INFO - Filling up the DagBag from /opt/airflow/dags/fraud_detection_training_dag.py
[2025-12-27T04:53:27.570+0000] {processor.py:925} INFO - DAG(s) 'fraud_detection_training' retrieved from /opt/airflow/dags/fraud_detection_training_dag.py
[2025-12-27T04:53:27.585+0000] {logging_mixin.py:190} INFO - [2025-12-27T04:53:27.585+0000] {dag.py:3239} INFO - Sync 1 DAGs
[2025-12-27T04:53:27.678+0000] {logging_mixin.py:190} INFO - [2025-12-27T04:53:27.677+0000] {dag.py:4180} INFO - Setting next_dagrun for fraud_detection_training to 2025-12-27 03:00:00+00:00, run_after=2025-12-28 03:00:00+00:00
[2025-12-27T04:53:27.685+0000] {processor.py:208} INFO - Processing /opt/airflow/dags/fraud_detection_training_dag.py took 0.124 seconds
[2025-12-27T04:53:57.786+0000] {processor.py:186} INFO - Started process (PID=1983) to work on /opt/airflow/dags/fraud_detection_training_dag.py
[2025-12-27T04:53:57.787+0000] {processor.py:914} INFO - Processing file /opt/airflow/dags/fraud_detection_training_dag.py for tasks to queue
[2025-12-27T04:53:57.788+0000] {logging_mixin.py:190} INFO - [2025-12-27T04:53:57.788+0000] {dagbag.py:588} INFO - Filling up the DagBag from /opt/airflow/dags/fraud_detection_training_dag.py
[2025-12-27T04:53:57.794+0000] {processor.py:925} INFO - DAG(s) 'fraud_detection_training' retrieved from /opt/airflow/dags/fraud_detection_training_dag.py
[2025-12-27T04:53:57.809+0000] {logging_mixin.py:190} INFO - [2025-12-27T04:53:57.809+0000] {dag.py:3239} INFO - Sync 1 DAGs
[2025-12-27T04:53:57.900+0000] {logging_mixin.py:190} INFO - [2025-12-27T04:53:57.900+0000] {dag.py:4180} INFO - Setting next_dagrun for fraud_detection_training to 2025-12-27 03:00:00+00:00, run_after=2025-12-28 03:00:00+00:00
[2025-12-27T04:53:57.907+0000] {processor.py:208} INFO - Processing /opt/airflow/dags/fraud_detection_training_dag.py took 0.123 seconds
[2025-12-27T04:54:27.932+0000] {processor.py:186} INFO - Started process (PID=1990) to work on /opt/airflow/dags/fraud_detection_training_dag.py
[2025-12-27T04:54:27.932+0000] {processor.py:914} INFO - Processing file /opt/airflow/dags/fraud_detection_training_dag.py for tasks to queue
[2025-12-27T04:54:27.934+0000] {logging_mixin.py:190} INFO - [2025-12-27T04:54:27.934+0000] {dagbag.py:588} INFO - Filling up the DagBag from /opt/airflow/dags/fraud_detection_training_dag.py
[2025-12-27T04:54:27.943+0000] {processor.py:925} INFO - DAG(s) 'fraud_detection_training' retrieved from /opt/airflow/dags/fraud_detection_training_dag.py
[2025-12-27T04:54:27.960+0000] {logging_mixin.py:190} INFO - [2025-12-27T04:54:27.959+0000] {dag.py:3239} INFO - Sync 1 DAGs
[2025-12-27T04:54:27.972+0000] {logging_mixin.py:190} INFO - [2025-12-27T04:54:27.972+0000] {dag.py:4180} INFO - Setting next_dagrun for fraud_detection_training to 2025-12-27 03:00:00+00:00, run_after=2025-12-28 03:00:00+00:00
[2025-12-27T04:54:27.980+0000] {processor.py:208} INFO - Processing /opt/airflow/dags/fraud_detection_training_dag.py took 0.052 seconds
[2025-12-27T04:54:58.053+0000] {processor.py:186} INFO - Started process (PID=1997) to work on /opt/airflow/dags/fraud_detection_training_dag.py
[2025-12-27T04:54:58.053+0000] {processor.py:914} INFO - Processing file /opt/airflow/dags/fraud_detection_training_dag.py for tasks to queue
[2025-12-27T04:54:58.055+0000] {logging_mixin.py:190} INFO - [2025-12-27T04:54:58.055+0000] {dagbag.py:588} INFO - Filling up the DagBag from /opt/airflow/dags/fraud_detection_training_dag.py
[2025-12-27T04:54:58.063+0000] {processor.py:925} INFO - DAG(s) 'fraud_detection_training' retrieved from /opt/airflow/dags/fraud_detection_training_dag.py
[2025-12-27T04:54:58.081+0000] {logging_mixin.py:190} INFO - [2025-12-27T04:54:58.080+0000] {dag.py:3239} INFO - Sync 1 DAGs
[2025-12-27T04:54:58.093+0000] {logging_mixin.py:190} INFO - [2025-12-27T04:54:58.093+0000] {dag.py:4180} INFO - Setting next_dagrun for fraud_detection_training to 2025-12-27 03:00:00+00:00, run_after=2025-12-28 03:00:00+00:00
[2025-12-27T04:54:58.100+0000] {processor.py:208} INFO - Processing /opt/airflow/dags/fraud_detection_training_dag.py took 0.051 seconds
[2025-12-27T04:55:28.189+0000] {processor.py:186} INFO - Started process (PID=2003) to work on /opt/airflow/dags/fraud_detection_training_dag.py
[2025-12-27T04:55:28.190+0000] {processor.py:914} INFO - Processing file /opt/airflow/dags/fraud_detection_training_dag.py for tasks to queue
[2025-12-27T04:55:28.191+0000] {logging_mixin.py:190} INFO - [2025-12-27T04:55:28.191+0000] {dagbag.py:588} INFO - Filling up the DagBag from /opt/airflow/dags/fraud_detection_training_dag.py
[2025-12-27T04:55:28.196+0000] {processor.py:925} INFO - DAG(s) 'fraud_detection_training' retrieved from /opt/airflow/dags/fraud_detection_training_dag.py
[2025-12-27T04:55:28.209+0000] {logging_mixin.py:190} INFO - [2025-12-27T04:55:28.209+0000] {dag.py:3239} INFO - Sync 1 DAGs
[2025-12-27T04:55:28.219+0000] {logging_mixin.py:190} INFO - [2025-12-27T04:55:28.219+0000] {dag.py:4180} INFO - Setting next_dagrun for fraud_detection_training to 2025-12-27 03:00:00+00:00, run_after=2025-12-28 03:00:00+00:00
[2025-12-27T04:55:28.227+0000] {processor.py:208} INFO - Processing /opt/airflow/dags/fraud_detection_training_dag.py took 0.040 seconds
[2025-12-27T04:55:58.311+0000] {processor.py:186} INFO - Started process (PID=2010) to work on /opt/airflow/dags/fraud_detection_training_dag.py
[2025-12-27T04:55:58.312+0000] {processor.py:914} INFO - Processing file /opt/airflow/dags/fraud_detection_training_dag.py for tasks to queue
[2025-12-27T04:55:58.313+0000] {logging_mixin.py:190} INFO - [2025-12-27T04:55:58.313+0000] {dagbag.py:588} INFO - Filling up the DagBag from /opt/airflow/dags/fraud_detection_training_dag.py
[2025-12-27T04:55:58.318+0000] {processor.py:925} INFO - DAG(s) 'fraud_detection_training' retrieved from /opt/airflow/dags/fraud_detection_training_dag.py
[2025-12-27T04:55:58.331+0000] {logging_mixin.py:190} INFO - [2025-12-27T04:55:58.331+0000] {dag.py:3239} INFO - Sync 1 DAGs
[2025-12-27T04:55:58.341+0000] {logging_mixin.py:190} INFO - [2025-12-27T04:55:58.341+0000] {dag.py:4180} INFO - Setting next_dagrun for fraud_detection_training to 2025-12-27 03:00:00+00:00, run_after=2025-12-28 03:00:00+00:00
[2025-12-27T04:55:58.456+0000] {processor.py:208} INFO - Processing /opt/airflow/dags/fraud_detection_training_dag.py took 0.147 seconds
[2025-12-27T04:56:28.550+0000] {processor.py:186} INFO - Started process (PID=2016) to work on /opt/airflow/dags/fraud_detection_training_dag.py
[2025-12-27T04:56:28.551+0000] {processor.py:914} INFO - Processing file /opt/airflow/dags/fraud_detection_training_dag.py for tasks to queue
[2025-12-27T04:56:28.552+0000] {logging_mixin.py:190} INFO - [2025-12-27T04:56:28.552+0000] {dagbag.py:588} INFO - Filling up the DagBag from /opt/airflow/dags/fraud_detection_training_dag.py
[2025-12-27T04:56:28.558+0000] {processor.py:925} INFO - DAG(s) 'fraud_detection_training' retrieved from /opt/airflow/dags/fraud_detection_training_dag.py
[2025-12-27T04:56:28.573+0000] {logging_mixin.py:190} INFO - [2025-12-27T04:56:28.573+0000] {dag.py:3239} INFO - Sync 1 DAGs
[2025-12-27T04:56:28.665+0000] {logging_mixin.py:190} INFO - [2025-12-27T04:56:28.665+0000] {dag.py:4180} INFO - Setting next_dagrun for fraud_detection_training to 2025-12-27 03:00:00+00:00, run_after=2025-12-28 03:00:00+00:00
[2025-12-27T04:56:28.671+0000] {processor.py:208} INFO - Processing /opt/airflow/dags/fraud_detection_training_dag.py took 0.124 seconds
[2025-12-27T04:56:58.769+0000] {processor.py:186} INFO - Started process (PID=2023) to work on /opt/airflow/dags/fraud_detection_training_dag.py
[2025-12-27T04:56:58.770+0000] {processor.py:914} INFO - Processing file /opt/airflow/dags/fraud_detection_training_dag.py for tasks to queue
[2025-12-27T04:56:58.772+0000] {logging_mixin.py:190} INFO - [2025-12-27T04:56:58.772+0000] {dagbag.py:588} INFO - Filling up the DagBag from /opt/airflow/dags/fraud_detection_training_dag.py
[2025-12-27T04:56:58.781+0000] {processor.py:925} INFO - DAG(s) 'fraud_detection_training' retrieved from /opt/airflow/dags/fraud_detection_training_dag.py
[2025-12-27T04:56:58.884+0000] {logging_mixin.py:190} INFO - [2025-12-27T04:56:58.883+0000] {dag.py:3239} INFO - Sync 1 DAGs
[2025-12-27T04:56:58.892+0000] {logging_mixin.py:190} INFO - [2025-12-27T04:56:58.892+0000] {dag.py:4180} INFO - Setting next_dagrun for fraud_detection_training to 2025-12-27 03:00:00+00:00, run_after=2025-12-28 03:00:00+00:00
[2025-12-27T04:56:58.899+0000] {processor.py:208} INFO - Processing /opt/airflow/dags/fraud_detection_training_dag.py took 0.133 seconds
[2025-12-27T04:57:28.999+0000] {processor.py:186} INFO - Started process (PID=2030) to work on /opt/airflow/dags/fraud_detection_training_dag.py
[2025-12-27T04:57:28.999+0000] {processor.py:914} INFO - Processing file /opt/airflow/dags/fraud_detection_training_dag.py for tasks to queue
[2025-12-27T04:57:29.001+0000] {logging_mixin.py:190} INFO - [2025-12-27T04:57:29.001+0000] {dagbag.py:588} INFO - Filling up the DagBag from /opt/airflow/dags/fraud_detection_training_dag.py
[2025-12-27T04:57:29.007+0000] {processor.py:925} INFO - DAG(s) 'fraud_detection_training' retrieved from /opt/airflow/dags/fraud_detection_training_dag.py
[2025-12-27T04:57:29.021+0000] {logging_mixin.py:190} INFO - [2025-12-27T04:57:29.021+0000] {dag.py:3239} INFO - Sync 1 DAGs
[2025-12-27T04:57:29.032+0000] {logging_mixin.py:190} INFO - [2025-12-27T04:57:29.032+0000] {dag.py:4180} INFO - Setting next_dagrun for fraud_detection_training to 2025-12-27 03:00:00+00:00, run_after=2025-12-28 03:00:00+00:00
[2025-12-27T04:57:29.040+0000] {processor.py:208} INFO - Processing /opt/airflow/dags/fraud_detection_training_dag.py took 0.043 seconds
[2025-12-27T04:57:59.123+0000] {processor.py:186} INFO - Started process (PID=2037) to work on /opt/airflow/dags/fraud_detection_training_dag.py
[2025-12-27T04:57:59.125+0000] {processor.py:914} INFO - Processing file /opt/airflow/dags/fraud_detection_training_dag.py for tasks to queue
[2025-12-27T04:57:59.127+0000] {logging_mixin.py:190} INFO - [2025-12-27T04:57:59.127+0000] {dagbag.py:588} INFO - Filling up the DagBag from /opt/airflow/dags/fraud_detection_training_dag.py
[2025-12-27T04:57:59.137+0000] {processor.py:925} INFO - DAG(s) 'fraud_detection_training' retrieved from /opt/airflow/dags/fraud_detection_training_dag.py
[2025-12-27T04:57:59.157+0000] {logging_mixin.py:190} INFO - [2025-12-27T04:57:59.157+0000] {dag.py:3239} INFO - Sync 1 DAGs
[2025-12-27T04:57:59.171+0000] {logging_mixin.py:190} INFO - [2025-12-27T04:57:59.171+0000] {dag.py:4180} INFO - Setting next_dagrun for fraud_detection_training to 2025-12-27 03:00:00+00:00, run_after=2025-12-28 03:00:00+00:00
[2025-12-27T04:57:59.182+0000] {processor.py:208} INFO - Processing /opt/airflow/dags/fraud_detection_training_dag.py took 0.063 seconds
[2025-12-27T04:58:29.263+0000] {processor.py:186} INFO - Started process (PID=2044) to work on /opt/airflow/dags/fraud_detection_training_dag.py
[2025-12-27T04:58:29.264+0000] {processor.py:914} INFO - Processing file /opt/airflow/dags/fraud_detection_training_dag.py for tasks to queue
[2025-12-27T04:58:29.265+0000] {logging_mixin.py:190} INFO - [2025-12-27T04:58:29.265+0000] {dagbag.py:588} INFO - Filling up the DagBag from /opt/airflow/dags/fraud_detection_training_dag.py
[2025-12-27T04:58:29.271+0000] {processor.py:925} INFO - DAG(s) 'fraud_detection_training' retrieved from /opt/airflow/dags/fraud_detection_training_dag.py
[2025-12-27T04:58:29.286+0000] {logging_mixin.py:190} INFO - [2025-12-27T04:58:29.286+0000] {dag.py:3239} INFO - Sync 1 DAGs
[2025-12-27T04:58:29.297+0000] {logging_mixin.py:190} INFO - [2025-12-27T04:58:29.297+0000] {dag.py:4180} INFO - Setting next_dagrun for fraud_detection_training to 2025-12-27 03:00:00+00:00, run_after=2025-12-28 03:00:00+00:00
[2025-12-27T04:58:29.425+0000] {processor.py:208} INFO - Processing /opt/airflow/dags/fraud_detection_training_dag.py took 0.165 seconds
[2025-12-27T04:58:59.547+0000] {processor.py:186} INFO - Started process (PID=2051) to work on /opt/airflow/dags/fraud_detection_training_dag.py
[2025-12-27T04:58:59.547+0000] {processor.py:914} INFO - Processing file /opt/airflow/dags/fraud_detection_training_dag.py for tasks to queue
[2025-12-27T04:58:59.549+0000] {logging_mixin.py:190} INFO - [2025-12-27T04:58:59.549+0000] {dagbag.py:588} INFO - Filling up the DagBag from /opt/airflow/dags/fraud_detection_training_dag.py
[2025-12-27T04:58:59.557+0000] {processor.py:925} INFO - DAG(s) 'fraud_detection_training' retrieved from /opt/airflow/dags/fraud_detection_training_dag.py
[2025-12-27T04:58:59.579+0000] {logging_mixin.py:190} INFO - [2025-12-27T04:58:59.579+0000] {dag.py:3239} INFO - Sync 1 DAGs
[2025-12-27T04:58:59.710+0000] {logging_mixin.py:190} INFO - [2025-12-27T04:58:59.710+0000] {dag.py:4180} INFO - Setting next_dagrun for fraud_detection_training to 2025-12-27 03:00:00+00:00, run_after=2025-12-28 03:00:00+00:00
[2025-12-27T04:58:59.720+0000] {processor.py:208} INFO - Processing /opt/airflow/dags/fraud_detection_training_dag.py took 0.177 seconds
[2025-12-27T04:59:29.870+0000] {processor.py:186} INFO - Started process (PID=2058) to work on /opt/airflow/dags/fraud_detection_training_dag.py
[2025-12-27T04:59:29.871+0000] {processor.py:914} INFO - Processing file /opt/airflow/dags/fraud_detection_training_dag.py for tasks to queue
[2025-12-27T04:59:29.875+0000] {logging_mixin.py:190} INFO - [2025-12-27T04:59:29.874+0000] {dagbag.py:588} INFO - Filling up the DagBag from /opt/airflow/dags/fraud_detection_training_dag.py
[2025-12-27T04:59:29.887+0000] {processor.py:925} INFO - DAG(s) 'fraud_detection_training' retrieved from /opt/airflow/dags/fraud_detection_training_dag.py
[2025-12-27T04:59:29.913+0000] {logging_mixin.py:190} INFO - [2025-12-27T04:59:29.913+0000] {dag.py:3239} INFO - Sync 1 DAGs
[2025-12-27T04:59:30.096+0000] {logging_mixin.py:190} INFO - [2025-12-27T04:59:30.096+0000] {dag.py:4180} INFO - Setting next_dagrun for fraud_detection_training to 2025-12-27 03:00:00+00:00, run_after=2025-12-28 03:00:00+00:00
[2025-12-27T04:59:30.104+0000] {processor.py:208} INFO - Processing /opt/airflow/dags/fraud_detection_training_dag.py took 0.239 seconds
[2025-12-27T05:00:00.249+0000] {processor.py:186} INFO - Started process (PID=2065) to work on /opt/airflow/dags/fraud_detection_training_dag.py
[2025-12-27T05:00:00.250+0000] {processor.py:914} INFO - Processing file /opt/airflow/dags/fraud_detection_training_dag.py for tasks to queue
[2025-12-27T05:00:00.253+0000] {logging_mixin.py:190} INFO - [2025-12-27T05:00:00.253+0000] {dagbag.py:588} INFO - Filling up the DagBag from /opt/airflow/dags/fraud_detection_training_dag.py
[2025-12-27T05:00:00.269+0000] {processor.py:925} INFO - DAG(s) 'fraud_detection_training' retrieved from /opt/airflow/dags/fraud_detection_training_dag.py
[2025-12-27T05:00:00.306+0000] {logging_mixin.py:190} INFO - [2025-12-27T05:00:00.306+0000] {dag.py:3239} INFO - Sync 1 DAGs
[2025-12-27T05:00:00.329+0000] {logging_mixin.py:190} INFO - [2025-12-27T05:00:00.329+0000] {dag.py:4180} INFO - Setting next_dagrun for fraud_detection_training to 2025-12-27 03:00:00+00:00, run_after=2025-12-28 03:00:00+00:00
[2025-12-27T05:00:00.342+0000] {processor.py:208} INFO - Processing /opt/airflow/dags/fraud_detection_training_dag.py took 0.099 seconds
[2025-12-27T05:00:30.389+0000] {processor.py:186} INFO - Started process (PID=2072) to work on /opt/airflow/dags/fraud_detection_training_dag.py
[2025-12-27T05:00:30.391+0000] {processor.py:914} INFO - Processing file /opt/airflow/dags/fraud_detection_training_dag.py for tasks to queue
[2025-12-27T05:00:30.395+0000] {logging_mixin.py:190} INFO - [2025-12-27T05:00:30.395+0000] {dagbag.py:588} INFO - Filling up the DagBag from /opt/airflow/dags/fraud_detection_training_dag.py
[2025-12-27T05:00:30.412+0000] {processor.py:925} INFO - DAG(s) 'fraud_detection_training' retrieved from /opt/airflow/dags/fraud_detection_training_dag.py
[2025-12-27T05:00:30.442+0000] {logging_mixin.py:190} INFO - [2025-12-27T05:00:30.442+0000] {dag.py:3239} INFO - Sync 1 DAGs
[2025-12-27T05:00:30.462+0000] {logging_mixin.py:190} INFO - [2025-12-27T05:00:30.462+0000] {dag.py:4180} INFO - Setting next_dagrun for fraud_detection_training to 2025-12-27 03:00:00+00:00, run_after=2025-12-28 03:00:00+00:00
[2025-12-27T05:00:30.474+0000] {processor.py:208} INFO - Processing /opt/airflow/dags/fraud_detection_training_dag.py took 0.092 seconds
[2025-12-27T05:00:48.585+0000] {processor.py:186} INFO - Started process (PID=2079) to work on /opt/airflow/dags/fraud_detection_training_dag.py
[2025-12-27T05:00:48.587+0000] {processor.py:914} INFO - Processing file /opt/airflow/dags/fraud_detection_training_dag.py for tasks to queue
[2025-12-27T05:00:48.591+0000] {logging_mixin.py:190} INFO - [2025-12-27T05:00:48.590+0000] {dagbag.py:588} INFO - Filling up the DagBag from /opt/airflow/dags/fraud_detection_training_dag.py
[2025-12-27T05:00:48.609+0000] {processor.py:925} INFO - DAG(s) 'fraud_detection_training' retrieved from /opt/airflow/dags/fraud_detection_training_dag.py
[2025-12-27T05:00:48.640+0000] {logging_mixin.py:190} INFO - [2025-12-27T05:00:48.639+0000] {dag.py:3239} INFO - Sync 1 DAGs
[2025-12-27T05:00:48.663+0000] {logging_mixin.py:190} INFO - [2025-12-27T05:00:48.663+0000] {dag.py:4180} INFO - Setting next_dagrun for fraud_detection_training to 2025-12-27 03:00:00+00:00, run_after=2025-12-28 03:00:00+00:00
[2025-12-27T05:00:48.680+0000] {processor.py:208} INFO - Processing /opt/airflow/dags/fraud_detection_training_dag.py took 0.101 seconds
[2025-12-27T05:01:05.670+0000] {processor.py:186} INFO - Started process (PID=2080) to work on /opt/airflow/dags/fraud_detection_training_dag.py
[2025-12-27T05:01:05.672+0000] {processor.py:914} INFO - Processing file /opt/airflow/dags/fraud_detection_training_dag.py for tasks to queue
[2025-12-27T05:01:05.674+0000] {logging_mixin.py:190} INFO - [2025-12-27T05:01:05.674+0000] {dagbag.py:588} INFO - Filling up the DagBag from /opt/airflow/dags/fraud_detection_training_dag.py
[2025-12-27T05:01:05.693+0000] {processor.py:925} INFO - DAG(s) 'fraud_detection_training' retrieved from /opt/airflow/dags/fraud_detection_training_dag.py
[2025-12-27T05:01:05.726+0000] {logging_mixin.py:190} INFO - [2025-12-27T05:01:05.726+0000] {dag.py:3239} INFO - Sync 1 DAGs
[2025-12-27T05:01:05.748+0000] {logging_mixin.py:190} INFO - [2025-12-27T05:01:05.748+0000] {dag.py:4180} INFO - Setting next_dagrun for fraud_detection_training to 2025-12-27 03:00:00+00:00, run_after=2025-12-28 03:00:00+00:00
[2025-12-27T05:01:05.761+0000] {processor.py:208} INFO - Processing /opt/airflow/dags/fraud_detection_training_dag.py took 0.096 seconds
[2025-12-27T05:01:35.891+0000] {processor.py:186} INFO - Started process (PID=2087) to work on /opt/airflow/dags/fraud_detection_training_dag.py
[2025-12-27T05:01:35.892+0000] {processor.py:914} INFO - Processing file /opt/airflow/dags/fraud_detection_training_dag.py for tasks to queue
[2025-12-27T05:01:35.895+0000] {logging_mixin.py:190} INFO - [2025-12-27T05:01:35.895+0000] {dagbag.py:588} INFO - Filling up the DagBag from /opt/airflow/dags/fraud_detection_training_dag.py
[2025-12-27T05:01:35.911+0000] {processor.py:925} INFO - DAG(s) 'fraud_detection_training' retrieved from /opt/airflow/dags/fraud_detection_training_dag.py
[2025-12-27T05:01:35.937+0000] {logging_mixin.py:190} INFO - [2025-12-27T05:01:35.937+0000] {dag.py:3239} INFO - Sync 1 DAGs
[2025-12-27T05:01:35.958+0000] {logging_mixin.py:190} INFO - [2025-12-27T05:01:35.957+0000] {dag.py:4180} INFO - Setting next_dagrun for fraud_detection_training to 2025-12-27 03:00:00+00:00, run_after=2025-12-28 03:00:00+00:00
[2025-12-27T05:01:36.125+0000] {processor.py:208} INFO - Processing /opt/airflow/dags/fraud_detection_training_dag.py took 0.240 seconds
[2025-12-27T05:04:38.020+0000] {processor.py:186} INFO - Started process (PID=55) to work on /opt/airflow/dags/fraud_detection_training_dag.py
[2025-12-27T05:04:38.021+0000] {processor.py:914} INFO - Processing file /opt/airflow/dags/fraud_detection_training_dag.py for tasks to queue
[2025-12-27T05:04:38.040+0000] {logging_mixin.py:190} INFO - [2025-12-27T05:04:38.039+0000] {dagbag.py:588} INFO - Filling up the DagBag from /opt/airflow/dags/fraud_detection_training_dag.py
[2025-12-27T05:04:38.133+0000] {processor.py:925} INFO - DAG(s) 'fraud_detection_training' retrieved from /opt/airflow/dags/fraud_detection_training_dag.py
[2025-12-27T05:04:38.298+0000] {logging_mixin.py:190} INFO - [2025-12-27T05:04:38.298+0000] {dag.py:3239} INFO - Sync 1 DAGs
[2025-12-27T05:04:38.337+0000] {logging_mixin.py:190} INFO - [2025-12-27T05:04:38.336+0000] {dag.py:4180} INFO - Setting next_dagrun for fraud_detection_training to 2025-12-27 03:00:00+00:00, run_after=2025-12-28 03:00:00+00:00
[2025-12-27T05:04:38.414+0000] {processor.py:208} INFO - Processing /opt/airflow/dags/fraud_detection_training_dag.py took 0.399 seconds
[2025-12-27T05:05:08.715+0000] {processor.py:186} INFO - Started process (PID=62) to work on /opt/airflow/dags/fraud_detection_training_dag.py
[2025-12-27T05:05:08.716+0000] {processor.py:914} INFO - Processing file /opt/airflow/dags/fraud_detection_training_dag.py for tasks to queue
[2025-12-27T05:05:08.718+0000] {logging_mixin.py:190} INFO - [2025-12-27T05:05:08.718+0000] {dagbag.py:588} INFO - Filling up the DagBag from /opt/airflow/dags/fraud_detection_training_dag.py
[2025-12-27T05:05:08.738+0000] {processor.py:925} INFO - DAG(s) 'fraud_detection_training' retrieved from /opt/airflow/dags/fraud_detection_training_dag.py
[2025-12-27T05:05:08.765+0000] {logging_mixin.py:190} INFO - [2025-12-27T05:05:08.765+0000] {dag.py:3239} INFO - Sync 1 DAGs
[2025-12-27T05:05:08.780+0000] {logging_mixin.py:190} INFO - [2025-12-27T05:05:08.780+0000] {dag.py:4180} INFO - Setting next_dagrun for fraud_detection_training to 2025-12-27 03:00:00+00:00, run_after=2025-12-28 03:00:00+00:00
[2025-12-27T05:05:08.812+0000] {processor.py:208} INFO - Processing /opt/airflow/dags/fraud_detection_training_dag.py took 0.101 seconds
[2025-12-27T05:05:38.961+0000] {processor.py:186} INFO - Started process (PID=69) to work on /opt/airflow/dags/fraud_detection_training_dag.py
[2025-12-27T05:05:38.962+0000] {processor.py:914} INFO - Processing file /opt/airflow/dags/fraud_detection_training_dag.py for tasks to queue
[2025-12-27T05:05:38.966+0000] {logging_mixin.py:190} INFO - [2025-12-27T05:05:38.965+0000] {dagbag.py:588} INFO - Filling up the DagBag from /opt/airflow/dags/fraud_detection_training_dag.py
[2025-12-27T05:05:38.989+0000] {processor.py:925} INFO - DAG(s) 'fraud_detection_training' retrieved from /opt/airflow/dags/fraud_detection_training_dag.py
[2025-12-27T05:05:39.021+0000] {logging_mixin.py:190} INFO - [2025-12-27T05:05:39.021+0000] {dag.py:3239} INFO - Sync 1 DAGs
[2025-12-27T05:05:39.055+0000] {logging_mixin.py:190} INFO - [2025-12-27T05:05:39.055+0000] {dag.py:4180} INFO - Setting next_dagrun for fraud_detection_training to 2025-12-27 03:00:00+00:00, run_after=2025-12-28 03:00:00+00:00
[2025-12-27T05:05:39.080+0000] {processor.py:208} INFO - Processing /opt/airflow/dags/fraud_detection_training_dag.py took 0.127 seconds
[2025-12-27T05:06:09.316+0000] {processor.py:186} INFO - Started process (PID=77) to work on /opt/airflow/dags/fraud_detection_training_dag.py
[2025-12-27T05:06:09.320+0000] {processor.py:914} INFO - Processing file /opt/airflow/dags/fraud_detection_training_dag.py for tasks to queue
[2025-12-27T05:06:09.327+0000] {logging_mixin.py:190} INFO - [2025-12-27T05:06:09.327+0000] {dagbag.py:588} INFO - Filling up the DagBag from /opt/airflow/dags/fraud_detection_training_dag.py
[2025-12-27T05:06:09.449+0000] {processor.py:925} INFO - DAG(s) 'fraud_detection_training' retrieved from /opt/airflow/dags/fraud_detection_training_dag.py
[2025-12-27T05:06:09.701+0000] {logging_mixin.py:190} INFO - [2025-12-27T05:06:09.700+0000] {dag.py:3239} INFO - Sync 1 DAGs
[2025-12-27T05:06:09.746+0000] {logging_mixin.py:190} INFO - [2025-12-27T05:06:09.745+0000] {dag.py:4180} INFO - Setting next_dagrun for fraud_detection_training to 2025-12-27 03:00:00+00:00, run_after=2025-12-28 03:00:00+00:00
[2025-12-27T05:06:09.846+0000] {processor.py:208} INFO - Processing /opt/airflow/dags/fraud_detection_training_dag.py took 0.541 seconds
[2025-12-27T05:06:40.139+0000] {processor.py:186} INFO - Started process (PID=84) to work on /opt/airflow/dags/fraud_detection_training_dag.py
[2025-12-27T05:06:40.140+0000] {processor.py:914} INFO - Processing file /opt/airflow/dags/fraud_detection_training_dag.py for tasks to queue
[2025-12-27T05:06:40.141+0000] {logging_mixin.py:190} INFO - [2025-12-27T05:06:40.141+0000] {dagbag.py:588} INFO - Filling up the DagBag from /opt/airflow/dags/fraud_detection_training_dag.py
[2025-12-27T05:06:40.152+0000] {processor.py:925} INFO - DAG(s) 'fraud_detection_training' retrieved from /opt/airflow/dags/fraud_detection_training_dag.py
[2025-12-27T05:06:40.170+0000] {logging_mixin.py:190} INFO - [2025-12-27T05:06:40.170+0000] {dag.py:3239} INFO - Sync 1 DAGs
[2025-12-27T05:06:40.182+0000] {logging_mixin.py:190} INFO - [2025-12-27T05:06:40.182+0000] {dag.py:4180} INFO - Setting next_dagrun for fraud_detection_training to 2025-12-27 03:00:00+00:00, run_after=2025-12-28 03:00:00+00:00
[2025-12-27T05:06:40.190+0000] {processor.py:208} INFO - Processing /opt/airflow/dags/fraud_detection_training_dag.py took 0.055 seconds
[2025-12-27T05:07:10.251+0000] {processor.py:186} INFO - Started process (PID=91) to work on /opt/airflow/dags/fraud_detection_training_dag.py
[2025-12-27T05:07:10.251+0000] {processor.py:914} INFO - Processing file /opt/airflow/dags/fraud_detection_training_dag.py for tasks to queue
[2025-12-27T05:07:10.252+0000] {logging_mixin.py:190} INFO - [2025-12-27T05:07:10.252+0000] {dagbag.py:588} INFO - Filling up the DagBag from /opt/airflow/dags/fraud_detection_training_dag.py
[2025-12-27T05:07:10.257+0000] {processor.py:925} INFO - DAG(s) 'fraud_detection_training' retrieved from /opt/airflow/dags/fraud_detection_training_dag.py
[2025-12-27T05:07:10.271+0000] {logging_mixin.py:190} INFO - [2025-12-27T05:07:10.271+0000] {dag.py:3239} INFO - Sync 1 DAGs
[2025-12-27T05:07:10.281+0000] {logging_mixin.py:190} INFO - [2025-12-27T05:07:10.281+0000] {dag.py:4180} INFO - Setting next_dagrun for fraud_detection_training to 2025-12-27 03:00:00+00:00, run_after=2025-12-28 03:00:00+00:00
[2025-12-27T05:07:10.289+0000] {processor.py:208} INFO - Processing /opt/airflow/dags/fraud_detection_training_dag.py took 0.041 seconds
[2025-12-27T05:07:40.383+0000] {processor.py:186} INFO - Started process (PID=98) to work on /opt/airflow/dags/fraud_detection_training_dag.py
[2025-12-27T05:07:40.384+0000] {processor.py:914} INFO - Processing file /opt/airflow/dags/fraud_detection_training_dag.py for tasks to queue
[2025-12-27T05:07:40.385+0000] {logging_mixin.py:190} INFO - [2025-12-27T05:07:40.385+0000] {dagbag.py:588} INFO - Filling up the DagBag from /opt/airflow/dags/fraud_detection_training_dag.py
[2025-12-27T05:07:40.390+0000] {processor.py:925} INFO - DAG(s) 'fraud_detection_training' retrieved from /opt/airflow/dags/fraud_detection_training_dag.py
[2025-12-27T05:07:40.403+0000] {logging_mixin.py:190} INFO - [2025-12-27T05:07:40.403+0000] {dag.py:3239} INFO - Sync 1 DAGs
[2025-12-27T05:07:40.413+0000] {logging_mixin.py:190} INFO - [2025-12-27T05:07:40.413+0000] {dag.py:4180} INFO - Setting next_dagrun for fraud_detection_training to 2025-12-27 03:00:00+00:00, run_after=2025-12-28 03:00:00+00:00
[2025-12-27T05:07:40.420+0000] {processor.py:208} INFO - Processing /opt/airflow/dags/fraud_detection_training_dag.py took 0.040 seconds
[2025-12-27T05:08:10.503+0000] {processor.py:186} INFO - Started process (PID=105) to work on /opt/airflow/dags/fraud_detection_training_dag.py
[2025-12-27T05:08:10.504+0000] {processor.py:914} INFO - Processing file /opt/airflow/dags/fraud_detection_training_dag.py for tasks to queue
[2025-12-27T05:08:10.505+0000] {logging_mixin.py:190} INFO - [2025-12-27T05:08:10.505+0000] {dagbag.py:588} INFO - Filling up the DagBag from /opt/airflow/dags/fraud_detection_training_dag.py
[2025-12-27T05:08:10.510+0000] {processor.py:925} INFO - DAG(s) 'fraud_detection_training' retrieved from /opt/airflow/dags/fraud_detection_training_dag.py
[2025-12-27T05:08:10.522+0000] {logging_mixin.py:190} INFO - [2025-12-27T05:08:10.522+0000] {dag.py:3239} INFO - Sync 1 DAGs
[2025-12-27T05:08:10.532+0000] {logging_mixin.py:190} INFO - [2025-12-27T05:08:10.532+0000] {dag.py:4180} INFO - Setting next_dagrun for fraud_detection_training to 2025-12-27 03:00:00+00:00, run_after=2025-12-28 03:00:00+00:00
[2025-12-27T05:08:10.540+0000] {processor.py:208} INFO - Processing /opt/airflow/dags/fraud_detection_training_dag.py took 0.039 seconds
[2025-12-27T05:08:40.619+0000] {processor.py:186} INFO - Started process (PID=112) to work on /opt/airflow/dags/fraud_detection_training_dag.py
[2025-12-27T05:08:40.619+0000] {processor.py:914} INFO - Processing file /opt/airflow/dags/fraud_detection_training_dag.py for tasks to queue
[2025-12-27T05:08:40.620+0000] {logging_mixin.py:190} INFO - [2025-12-27T05:08:40.620+0000] {dagbag.py:588} INFO - Filling up the DagBag from /opt/airflow/dags/fraud_detection_training_dag.py
[2025-12-27T05:08:40.625+0000] {processor.py:925} INFO - DAG(s) 'fraud_detection_training' retrieved from /opt/airflow/dags/fraud_detection_training_dag.py
[2025-12-27T05:08:40.637+0000] {logging_mixin.py:190} INFO - [2025-12-27T05:08:40.637+0000] {dag.py:3239} INFO - Sync 1 DAGs
[2025-12-27T05:08:40.647+0000] {logging_mixin.py:190} INFO - [2025-12-27T05:08:40.646+0000] {dag.py:4180} INFO - Setting next_dagrun for fraud_detection_training to 2025-12-27 03:00:00+00:00, run_after=2025-12-28 03:00:00+00:00
[2025-12-27T05:08:40.653+0000] {processor.py:208} INFO - Processing /opt/airflow/dags/fraud_detection_training_dag.py took 0.038 seconds
[2025-12-27T05:09:10.730+0000] {processor.py:186} INFO - Started process (PID=119) to work on /opt/airflow/dags/fraud_detection_training_dag.py
[2025-12-27T05:09:10.730+0000] {processor.py:914} INFO - Processing file /opt/airflow/dags/fraud_detection_training_dag.py for tasks to queue
[2025-12-27T05:09:10.731+0000] {logging_mixin.py:190} INFO - [2025-12-27T05:09:10.731+0000] {dagbag.py:588} INFO - Filling up the DagBag from /opt/airflow/dags/fraud_detection_training_dag.py
[2025-12-27T05:09:10.736+0000] {processor.py:925} INFO - DAG(s) 'fraud_detection_training' retrieved from /opt/airflow/dags/fraud_detection_training_dag.py
[2025-12-27T05:09:10.748+0000] {logging_mixin.py:190} INFO - [2025-12-27T05:09:10.748+0000] {dag.py:3239} INFO - Sync 1 DAGs
[2025-12-27T05:09:10.757+0000] {logging_mixin.py:190} INFO - [2025-12-27T05:09:10.757+0000] {dag.py:4180} INFO - Setting next_dagrun for fraud_detection_training to 2025-12-27 03:00:00+00:00, run_after=2025-12-28 03:00:00+00:00
[2025-12-27T05:09:10.765+0000] {processor.py:208} INFO - Processing /opt/airflow/dags/fraud_detection_training_dag.py took 0.038 seconds
[2025-12-27T05:09:40.857+0000] {processor.py:186} INFO - Started process (PID=126) to work on /opt/airflow/dags/fraud_detection_training_dag.py
[2025-12-27T05:09:40.857+0000] {processor.py:914} INFO - Processing file /opt/airflow/dags/fraud_detection_training_dag.py for tasks to queue
[2025-12-27T05:09:40.858+0000] {logging_mixin.py:190} INFO - [2025-12-27T05:09:40.858+0000] {dagbag.py:588} INFO - Filling up the DagBag from /opt/airflow/dags/fraud_detection_training_dag.py
[2025-12-27T05:09:40.863+0000] {processor.py:925} INFO - DAG(s) 'fraud_detection_training' retrieved from /opt/airflow/dags/fraud_detection_training_dag.py
[2025-12-27T05:09:40.876+0000] {logging_mixin.py:190} INFO - [2025-12-27T05:09:40.876+0000] {dag.py:3239} INFO - Sync 1 DAGs
[2025-12-27T05:09:40.885+0000] {logging_mixin.py:190} INFO - [2025-12-27T05:09:40.885+0000] {dag.py:4180} INFO - Setting next_dagrun for fraud_detection_training to 2025-12-27 03:00:00+00:00, run_after=2025-12-28 03:00:00+00:00
[2025-12-27T05:09:40.893+0000] {processor.py:208} INFO - Processing /opt/airflow/dags/fraud_detection_training_dag.py took 0.039 seconds
[2025-12-27T05:10:10.972+0000] {processor.py:186} INFO - Started process (PID=133) to work on /opt/airflow/dags/fraud_detection_training_dag.py
[2025-12-27T05:10:10.972+0000] {processor.py:914} INFO - Processing file /opt/airflow/dags/fraud_detection_training_dag.py for tasks to queue
[2025-12-27T05:10:10.973+0000] {logging_mixin.py:190} INFO - [2025-12-27T05:10:10.973+0000] {dagbag.py:588} INFO - Filling up the DagBag from /opt/airflow/dags/fraud_detection_training_dag.py
[2025-12-27T05:10:10.978+0000] {processor.py:925} INFO - DAG(s) 'fraud_detection_training' retrieved from /opt/airflow/dags/fraud_detection_training_dag.py
[2025-12-27T05:10:10.990+0000] {logging_mixin.py:190} INFO - [2025-12-27T05:10:10.990+0000] {dag.py:3239} INFO - Sync 1 DAGs
[2025-12-27T05:10:11.001+0000] {logging_mixin.py:190} INFO - [2025-12-27T05:10:11.000+0000] {dag.py:4180} INFO - Setting next_dagrun for fraud_detection_training to 2025-12-27 03:00:00+00:00, run_after=2025-12-28 03:00:00+00:00
[2025-12-27T05:10:11.008+0000] {processor.py:208} INFO - Processing /opt/airflow/dags/fraud_detection_training_dag.py took 0.038 seconds
[2025-12-27T05:10:41.091+0000] {processor.py:186} INFO - Started process (PID=140) to work on /opt/airflow/dags/fraud_detection_training_dag.py
[2025-12-27T05:10:41.091+0000] {processor.py:914} INFO - Processing file /opt/airflow/dags/fraud_detection_training_dag.py for tasks to queue
[2025-12-27T05:10:41.092+0000] {logging_mixin.py:190} INFO - [2025-12-27T05:10:41.092+0000] {dagbag.py:588} INFO - Filling up the DagBag from /opt/airflow/dags/fraud_detection_training_dag.py
[2025-12-27T05:10:41.097+0000] {processor.py:925} INFO - DAG(s) 'fraud_detection_training' retrieved from /opt/airflow/dags/fraud_detection_training_dag.py
[2025-12-27T05:10:41.109+0000] {logging_mixin.py:190} INFO - [2025-12-27T05:10:41.109+0000] {dag.py:3239} INFO - Sync 1 DAGs
[2025-12-27T05:10:41.119+0000] {logging_mixin.py:190} INFO - [2025-12-27T05:10:41.118+0000] {dag.py:4180} INFO - Setting next_dagrun for fraud_detection_training to 2025-12-27 03:00:00+00:00, run_after=2025-12-28 03:00:00+00:00
[2025-12-27T05:10:41.125+0000] {processor.py:208} INFO - Processing /opt/airflow/dags/fraud_detection_training_dag.py took 0.037 seconds
[2025-12-27T05:11:11.199+0000] {processor.py:186} INFO - Started process (PID=147) to work on /opt/airflow/dags/fraud_detection_training_dag.py
[2025-12-27T05:11:11.200+0000] {processor.py:914} INFO - Processing file /opt/airflow/dags/fraud_detection_training_dag.py for tasks to queue
[2025-12-27T05:11:11.201+0000] {logging_mixin.py:190} INFO - [2025-12-27T05:11:11.200+0000] {dagbag.py:588} INFO - Filling up the DagBag from /opt/airflow/dags/fraud_detection_training_dag.py
[2025-12-27T05:11:11.205+0000] {processor.py:925} INFO - DAG(s) 'fraud_detection_training' retrieved from /opt/airflow/dags/fraud_detection_training_dag.py
[2025-12-27T05:11:11.221+0000] {logging_mixin.py:190} INFO - [2025-12-27T05:11:11.221+0000] {dag.py:3239} INFO - Sync 1 DAGs
[2025-12-27T05:11:11.230+0000] {logging_mixin.py:190} INFO - [2025-12-27T05:11:11.230+0000] {dag.py:4180} INFO - Setting next_dagrun for fraud_detection_training to 2025-12-27 03:00:00+00:00, run_after=2025-12-28 03:00:00+00:00
[2025-12-27T05:11:11.237+0000] {processor.py:208} INFO - Processing /opt/airflow/dags/fraud_detection_training_dag.py took 0.040 seconds
[2025-12-27T05:11:41.316+0000] {processor.py:186} INFO - Started process (PID=154) to work on /opt/airflow/dags/fraud_detection_training_dag.py
[2025-12-27T05:11:41.316+0000] {processor.py:914} INFO - Processing file /opt/airflow/dags/fraud_detection_training_dag.py for tasks to queue
[2025-12-27T05:11:41.317+0000] {logging_mixin.py:190} INFO - [2025-12-27T05:11:41.317+0000] {dagbag.py:588} INFO - Filling up the DagBag from /opt/airflow/dags/fraud_detection_training_dag.py
[2025-12-27T05:11:41.322+0000] {processor.py:925} INFO - DAG(s) 'fraud_detection_training' retrieved from /opt/airflow/dags/fraud_detection_training_dag.py
[2025-12-27T05:11:41.335+0000] {logging_mixin.py:190} INFO - [2025-12-27T05:11:41.335+0000] {dag.py:3239} INFO - Sync 1 DAGs
[2025-12-27T05:11:41.345+0000] {logging_mixin.py:190} INFO - [2025-12-27T05:11:41.345+0000] {dag.py:4180} INFO - Setting next_dagrun for fraud_detection_training to 2025-12-27 03:00:00+00:00, run_after=2025-12-28 03:00:00+00:00
[2025-12-27T05:11:41.352+0000] {processor.py:208} INFO - Processing /opt/airflow/dags/fraud_detection_training_dag.py took 0.038 seconds
[2025-12-27T05:12:11.429+0000] {processor.py:186} INFO - Started process (PID=161) to work on /opt/airflow/dags/fraud_detection_training_dag.py
[2025-12-27T05:12:11.430+0000] {processor.py:914} INFO - Processing file /opt/airflow/dags/fraud_detection_training_dag.py for tasks to queue
[2025-12-27T05:12:11.430+0000] {logging_mixin.py:190} INFO - [2025-12-27T05:12:11.430+0000] {dagbag.py:588} INFO - Filling up the DagBag from /opt/airflow/dags/fraud_detection_training_dag.py
[2025-12-27T05:12:11.435+0000] {processor.py:925} INFO - DAG(s) 'fraud_detection_training' retrieved from /opt/airflow/dags/fraud_detection_training_dag.py
[2025-12-27T05:12:11.447+0000] {logging_mixin.py:190} INFO - [2025-12-27T05:12:11.447+0000] {dag.py:3239} INFO - Sync 1 DAGs
[2025-12-27T05:12:11.457+0000] {logging_mixin.py:190} INFO - [2025-12-27T05:12:11.457+0000] {dag.py:4180} INFO - Setting next_dagrun for fraud_detection_training to 2025-12-27 03:00:00+00:00, run_after=2025-12-28 03:00:00+00:00
[2025-12-27T05:12:11.464+0000] {processor.py:208} INFO - Processing /opt/airflow/dags/fraud_detection_training_dag.py took 0.038 seconds
[2025-12-27T05:12:41.542+0000] {processor.py:186} INFO - Started process (PID=168) to work on /opt/airflow/dags/fraud_detection_training_dag.py
[2025-12-27T05:12:41.542+0000] {processor.py:914} INFO - Processing file /opt/airflow/dags/fraud_detection_training_dag.py for tasks to queue
[2025-12-27T05:12:41.543+0000] {logging_mixin.py:190} INFO - [2025-12-27T05:12:41.543+0000] {dagbag.py:588} INFO - Filling up the DagBag from /opt/airflow/dags/fraud_detection_training_dag.py
[2025-12-27T05:12:41.549+0000] {processor.py:925} INFO - DAG(s) 'fraud_detection_training' retrieved from /opt/airflow/dags/fraud_detection_training_dag.py
[2025-12-27T05:12:41.562+0000] {logging_mixin.py:190} INFO - [2025-12-27T05:12:41.562+0000] {dag.py:3239} INFO - Sync 1 DAGs
[2025-12-27T05:12:41.572+0000] {logging_mixin.py:190} INFO - [2025-12-27T05:12:41.572+0000] {dag.py:4180} INFO - Setting next_dagrun for fraud_detection_training to 2025-12-27 03:00:00+00:00, run_after=2025-12-28 03:00:00+00:00
[2025-12-27T05:12:41.580+0000] {processor.py:208} INFO - Processing /opt/airflow/dags/fraud_detection_training_dag.py took 0.040 seconds
[2025-12-27T05:13:11.667+0000] {processor.py:186} INFO - Started process (PID=175) to work on /opt/airflow/dags/fraud_detection_training_dag.py
[2025-12-27T05:13:11.667+0000] {processor.py:914} INFO - Processing file /opt/airflow/dags/fraud_detection_training_dag.py for tasks to queue
[2025-12-27T05:13:11.669+0000] {logging_mixin.py:190} INFO - [2025-12-27T05:13:11.669+0000] {dagbag.py:588} INFO - Filling up the DagBag from /opt/airflow/dags/fraud_detection_training_dag.py
[2025-12-27T05:13:11.674+0000] {processor.py:925} INFO - DAG(s) 'fraud_detection_training' retrieved from /opt/airflow/dags/fraud_detection_training_dag.py
[2025-12-27T05:13:11.686+0000] {logging_mixin.py:190} INFO - [2025-12-27T05:13:11.686+0000] {dag.py:3239} INFO - Sync 1 DAGs
[2025-12-27T05:13:11.696+0000] {logging_mixin.py:190} INFO - [2025-12-27T05:13:11.696+0000] {dag.py:4180} INFO - Setting next_dagrun for fraud_detection_training to 2025-12-27 03:00:00+00:00, run_after=2025-12-28 03:00:00+00:00
[2025-12-27T05:13:11.703+0000] {processor.py:208} INFO - Processing /opt/airflow/dags/fraud_detection_training_dag.py took 0.039 seconds
[2025-12-27T05:13:41.787+0000] {processor.py:186} INFO - Started process (PID=182) to work on /opt/airflow/dags/fraud_detection_training_dag.py
[2025-12-27T05:13:41.788+0000] {processor.py:914} INFO - Processing file /opt/airflow/dags/fraud_detection_training_dag.py for tasks to queue
[2025-12-27T05:13:41.789+0000] {logging_mixin.py:190} INFO - [2025-12-27T05:13:41.789+0000] {dagbag.py:588} INFO - Filling up the DagBag from /opt/airflow/dags/fraud_detection_training_dag.py
[2025-12-27T05:13:41.793+0000] {processor.py:925} INFO - DAG(s) 'fraud_detection_training' retrieved from /opt/airflow/dags/fraud_detection_training_dag.py
[2025-12-27T05:13:41.806+0000] {logging_mixin.py:190} INFO - [2025-12-27T05:13:41.806+0000] {dag.py:3239} INFO - Sync 1 DAGs
[2025-12-27T05:13:41.816+0000] {logging_mixin.py:190} INFO - [2025-12-27T05:13:41.816+0000] {dag.py:4180} INFO - Setting next_dagrun for fraud_detection_training to 2025-12-27 03:00:00+00:00, run_after=2025-12-28 03:00:00+00:00
[2025-12-27T05:13:41.823+0000] {processor.py:208} INFO - Processing /opt/airflow/dags/fraud_detection_training_dag.py took 0.038 seconds
[2025-12-27T05:14:11.901+0000] {processor.py:186} INFO - Started process (PID=189) to work on /opt/airflow/dags/fraud_detection_training_dag.py
[2025-12-27T05:14:11.902+0000] {processor.py:914} INFO - Processing file /opt/airflow/dags/fraud_detection_training_dag.py for tasks to queue
[2025-12-27T05:14:11.903+0000] {logging_mixin.py:190} INFO - [2025-12-27T05:14:11.902+0000] {dagbag.py:588} INFO - Filling up the DagBag from /opt/airflow/dags/fraud_detection_training_dag.py
[2025-12-27T05:14:11.907+0000] {processor.py:925} INFO - DAG(s) 'fraud_detection_training' retrieved from /opt/airflow/dags/fraud_detection_training_dag.py
[2025-12-27T05:14:11.920+0000] {logging_mixin.py:190} INFO - [2025-12-27T05:14:11.920+0000] {dag.py:3239} INFO - Sync 1 DAGs
[2025-12-27T05:14:11.930+0000] {logging_mixin.py:190} INFO - [2025-12-27T05:14:11.930+0000] {dag.py:4180} INFO - Setting next_dagrun for fraud_detection_training to 2025-12-27 03:00:00+00:00, run_after=2025-12-28 03:00:00+00:00
[2025-12-27T05:14:11.938+0000] {processor.py:208} INFO - Processing /opt/airflow/dags/fraud_detection_training_dag.py took 0.039 seconds
[2025-12-27T05:14:42.021+0000] {processor.py:186} INFO - Started process (PID=196) to work on /opt/airflow/dags/fraud_detection_training_dag.py
[2025-12-27T05:14:42.022+0000] {processor.py:914} INFO - Processing file /opt/airflow/dags/fraud_detection_training_dag.py for tasks to queue
[2025-12-27T05:14:42.023+0000] {logging_mixin.py:190} INFO - [2025-12-27T05:14:42.022+0000] {dagbag.py:588} INFO - Filling up the DagBag from /opt/airflow/dags/fraud_detection_training_dag.py
[2025-12-27T05:14:42.028+0000] {processor.py:925} INFO - DAG(s) 'fraud_detection_training' retrieved from /opt/airflow/dags/fraud_detection_training_dag.py
[2025-12-27T05:14:42.041+0000] {logging_mixin.py:190} INFO - [2025-12-27T05:14:42.040+0000] {dag.py:3239} INFO - Sync 1 DAGs
[2025-12-27T05:14:42.050+0000] {logging_mixin.py:190} INFO - [2025-12-27T05:14:42.050+0000] {dag.py:4180} INFO - Setting next_dagrun for fraud_detection_training to 2025-12-27 03:00:00+00:00, run_after=2025-12-28 03:00:00+00:00
[2025-12-27T05:14:42.057+0000] {processor.py:208} INFO - Processing /opt/airflow/dags/fraud_detection_training_dag.py took 0.038 seconds
[2025-12-27T05:15:12.128+0000] {processor.py:186} INFO - Started process (PID=203) to work on /opt/airflow/dags/fraud_detection_training_dag.py
[2025-12-27T05:15:12.129+0000] {processor.py:914} INFO - Processing file /opt/airflow/dags/fraud_detection_training_dag.py for tasks to queue
[2025-12-27T05:15:12.130+0000] {logging_mixin.py:190} INFO - [2025-12-27T05:15:12.129+0000] {dagbag.py:588} INFO - Filling up the DagBag from /opt/airflow/dags/fraud_detection_training_dag.py
[2025-12-27T05:15:12.137+0000] {processor.py:925} INFO - DAG(s) 'fraud_detection_training' retrieved from /opt/airflow/dags/fraud_detection_training_dag.py
[2025-12-27T05:15:12.149+0000] {logging_mixin.py:190} INFO - [2025-12-27T05:15:12.149+0000] {dag.py:3239} INFO - Sync 1 DAGs
[2025-12-27T05:15:12.159+0000] {logging_mixin.py:190} INFO - [2025-12-27T05:15:12.159+0000] {dag.py:4180} INFO - Setting next_dagrun for fraud_detection_training to 2025-12-27 03:00:00+00:00, run_after=2025-12-28 03:00:00+00:00
[2025-12-27T05:15:12.166+0000] {processor.py:208} INFO - Processing /opt/airflow/dags/fraud_detection_training_dag.py took 0.041 seconds
[2025-12-27T05:15:42.250+0000] {processor.py:186} INFO - Started process (PID=210) to work on /opt/airflow/dags/fraud_detection_training_dag.py
[2025-12-27T05:15:42.250+0000] {processor.py:914} INFO - Processing file /opt/airflow/dags/fraud_detection_training_dag.py for tasks to queue
[2025-12-27T05:15:42.252+0000] {logging_mixin.py:190} INFO - [2025-12-27T05:15:42.251+0000] {dagbag.py:588} INFO - Filling up the DagBag from /opt/airflow/dags/fraud_detection_training_dag.py
[2025-12-27T05:15:42.256+0000] {processor.py:925} INFO - DAG(s) 'fraud_detection_training' retrieved from /opt/airflow/dags/fraud_detection_training_dag.py
[2025-12-27T05:15:42.269+0000] {logging_mixin.py:190} INFO - [2025-12-27T05:15:42.269+0000] {dag.py:3239} INFO - Sync 1 DAGs
[2025-12-27T05:15:42.278+0000] {logging_mixin.py:190} INFO - [2025-12-27T05:15:42.278+0000] {dag.py:4180} INFO - Setting next_dagrun for fraud_detection_training to 2025-12-27 03:00:00+00:00, run_after=2025-12-28 03:00:00+00:00
[2025-12-27T05:15:42.285+0000] {processor.py:208} INFO - Processing /opt/airflow/dags/fraud_detection_training_dag.py took 0.038 seconds
[2025-12-27T05:16:12.366+0000] {processor.py:186} INFO - Started process (PID=216) to work on /opt/airflow/dags/fraud_detection_training_dag.py
[2025-12-27T05:16:12.367+0000] {processor.py:914} INFO - Processing file /opt/airflow/dags/fraud_detection_training_dag.py for tasks to queue
[2025-12-27T05:16:12.368+0000] {logging_mixin.py:190} INFO - [2025-12-27T05:16:12.368+0000] {dagbag.py:588} INFO - Filling up the DagBag from /opt/airflow/dags/fraud_detection_training_dag.py
[2025-12-27T05:16:12.374+0000] {processor.py:925} INFO - DAG(s) 'fraud_detection_training' retrieved from /opt/airflow/dags/fraud_detection_training_dag.py
[2025-12-27T05:16:12.388+0000] {logging_mixin.py:190} INFO - [2025-12-27T05:16:12.388+0000] {dag.py:3239} INFO - Sync 1 DAGs
[2025-12-27T05:16:12.400+0000] {logging_mixin.py:190} INFO - [2025-12-27T05:16:12.400+0000] {dag.py:4180} INFO - Setting next_dagrun for fraud_detection_training to 2025-12-27 03:00:00+00:00, run_after=2025-12-28 03:00:00+00:00
[2025-12-27T05:16:12.408+0000] {processor.py:208} INFO - Processing /opt/airflow/dags/fraud_detection_training_dag.py took 0.045 seconds
[2025-12-27T05:16:42.488+0000] {processor.py:186} INFO - Started process (PID=223) to work on /opt/airflow/dags/fraud_detection_training_dag.py
[2025-12-27T05:16:42.488+0000] {processor.py:914} INFO - Processing file /opt/airflow/dags/fraud_detection_training_dag.py for tasks to queue
[2025-12-27T05:16:42.489+0000] {logging_mixin.py:190} INFO - [2025-12-27T05:16:42.489+0000] {dagbag.py:588} INFO - Filling up the DagBag from /opt/airflow/dags/fraud_detection_training_dag.py
[2025-12-27T05:16:42.494+0000] {processor.py:925} INFO - DAG(s) 'fraud_detection_training' retrieved from /opt/airflow/dags/fraud_detection_training_dag.py
[2025-12-27T05:16:42.507+0000] {logging_mixin.py:190} INFO - [2025-12-27T05:16:42.507+0000] {dag.py:3239} INFO - Sync 1 DAGs
[2025-12-27T05:16:42.517+0000] {logging_mixin.py:190} INFO - [2025-12-27T05:16:42.517+0000] {dag.py:4180} INFO - Setting next_dagrun for fraud_detection_training to 2025-12-27 03:00:00+00:00, run_after=2025-12-28 03:00:00+00:00
[2025-12-27T05:16:42.524+0000] {processor.py:208} INFO - Processing /opt/airflow/dags/fraud_detection_training_dag.py took 0.038 seconds
[2025-12-27T05:17:12.616+0000] {processor.py:186} INFO - Started process (PID=230) to work on /opt/airflow/dags/fraud_detection_training_dag.py
[2025-12-27T05:17:12.617+0000] {processor.py:914} INFO - Processing file /opt/airflow/dags/fraud_detection_training_dag.py for tasks to queue
[2025-12-27T05:17:12.621+0000] {logging_mixin.py:190} INFO - [2025-12-27T05:17:12.621+0000] {dagbag.py:588} INFO - Filling up the DagBag from /opt/airflow/dags/fraud_detection_training_dag.py
[2025-12-27T05:17:12.629+0000] {processor.py:925} INFO - DAG(s) 'fraud_detection_training' retrieved from /opt/airflow/dags/fraud_detection_training_dag.py
[2025-12-27T05:17:12.647+0000] {logging_mixin.py:190} INFO - [2025-12-27T05:17:12.647+0000] {dag.py:3239} INFO - Sync 1 DAGs
[2025-12-27T05:17:12.659+0000] {logging_mixin.py:190} INFO - [2025-12-27T05:17:12.659+0000] {dag.py:4180} INFO - Setting next_dagrun for fraud_detection_training to 2025-12-27 03:00:00+00:00, run_after=2025-12-28 03:00:00+00:00
[2025-12-27T05:17:12.669+0000] {processor.py:208} INFO - Processing /opt/airflow/dags/fraud_detection_training_dag.py took 0.061 seconds
[2025-12-27T05:17:42.747+0000] {processor.py:186} INFO - Started process (PID=237) to work on /opt/airflow/dags/fraud_detection_training_dag.py
[2025-12-27T05:17:42.747+0000] {processor.py:914} INFO - Processing file /opt/airflow/dags/fraud_detection_training_dag.py for tasks to queue
[2025-12-27T05:17:42.749+0000] {logging_mixin.py:190} INFO - [2025-12-27T05:17:42.749+0000] {dagbag.py:588} INFO - Filling up the DagBag from /opt/airflow/dags/fraud_detection_training_dag.py
[2025-12-27T05:17:42.756+0000] {processor.py:925} INFO - DAG(s) 'fraud_detection_training' retrieved from /opt/airflow/dags/fraud_detection_training_dag.py
[2025-12-27T05:17:42.769+0000] {logging_mixin.py:190} INFO - [2025-12-27T05:17:42.769+0000] {dag.py:3239} INFO - Sync 1 DAGs
[2025-12-27T05:17:42.779+0000] {logging_mixin.py:190} INFO - [2025-12-27T05:17:42.779+0000] {dag.py:4180} INFO - Setting next_dagrun for fraud_detection_training to 2025-12-27 03:00:00+00:00, run_after=2025-12-28 03:00:00+00:00
[2025-12-27T05:17:42.786+0000] {processor.py:208} INFO - Processing /opt/airflow/dags/fraud_detection_training_dag.py took 0.042 seconds
[2025-12-27T05:18:12.871+0000] {processor.py:186} INFO - Started process (PID=244) to work on /opt/airflow/dags/fraud_detection_training_dag.py
[2025-12-27T05:18:12.872+0000] {processor.py:914} INFO - Processing file /opt/airflow/dags/fraud_detection_training_dag.py for tasks to queue
[2025-12-27T05:18:12.875+0000] {logging_mixin.py:190} INFO - [2025-12-27T05:18:12.874+0000] {dagbag.py:588} INFO - Filling up the DagBag from /opt/airflow/dags/fraud_detection_training_dag.py
[2025-12-27T05:18:12.883+0000] {processor.py:925} INFO - DAG(s) 'fraud_detection_training' retrieved from /opt/airflow/dags/fraud_detection_training_dag.py
[2025-12-27T05:18:12.901+0000] {logging_mixin.py:190} INFO - [2025-12-27T05:18:12.901+0000] {dag.py:3239} INFO - Sync 1 DAGs
[2025-12-27T05:18:12.915+0000] {logging_mixin.py:190} INFO - [2025-12-27T05:18:12.915+0000] {dag.py:4180} INFO - Setting next_dagrun for fraud_detection_training to 2025-12-27 03:00:00+00:00, run_after=2025-12-28 03:00:00+00:00
[2025-12-27T05:18:12.924+0000] {processor.py:208} INFO - Processing /opt/airflow/dags/fraud_detection_training_dag.py took 0.056 seconds
[2025-12-27T05:18:42.995+0000] {processor.py:186} INFO - Started process (PID=251) to work on /opt/airflow/dags/fraud_detection_training_dag.py
[2025-12-27T05:18:42.995+0000] {processor.py:914} INFO - Processing file /opt/airflow/dags/fraud_detection_training_dag.py for tasks to queue
[2025-12-27T05:18:42.996+0000] {logging_mixin.py:190} INFO - [2025-12-27T05:18:42.996+0000] {dagbag.py:588} INFO - Filling up the DagBag from /opt/airflow/dags/fraud_detection_training_dag.py
[2025-12-27T05:18:43.001+0000] {processor.py:925} INFO - DAG(s) 'fraud_detection_training' retrieved from /opt/airflow/dags/fraud_detection_training_dag.py
[2025-12-27T05:18:43.016+0000] {logging_mixin.py:190} INFO - [2025-12-27T05:18:43.016+0000] {dag.py:3239} INFO - Sync 1 DAGs
[2025-12-27T05:18:43.028+0000] {logging_mixin.py:190} INFO - [2025-12-27T05:18:43.028+0000] {dag.py:4180} INFO - Setting next_dagrun for fraud_detection_training to 2025-12-27 03:00:00+00:00, run_after=2025-12-28 03:00:00+00:00
[2025-12-27T05:18:43.035+0000] {processor.py:208} INFO - Processing /opt/airflow/dags/fraud_detection_training_dag.py took 0.043 seconds
[2025-12-27T05:19:13.134+0000] {processor.py:186} INFO - Started process (PID=258) to work on /opt/airflow/dags/fraud_detection_training_dag.py
[2025-12-27T05:19:13.135+0000] {processor.py:914} INFO - Processing file /opt/airflow/dags/fraud_detection_training_dag.py for tasks to queue
[2025-12-27T05:19:13.136+0000] {logging_mixin.py:190} INFO - [2025-12-27T05:19:13.136+0000] {dagbag.py:588} INFO - Filling up the DagBag from /opt/airflow/dags/fraud_detection_training_dag.py
[2025-12-27T05:19:13.144+0000] {processor.py:925} INFO - DAG(s) 'fraud_detection_training' retrieved from /opt/airflow/dags/fraud_detection_training_dag.py
[2025-12-27T05:19:13.162+0000] {logging_mixin.py:190} INFO - [2025-12-27T05:19:13.162+0000] {dag.py:3239} INFO - Sync 1 DAGs
[2025-12-27T05:19:13.177+0000] {logging_mixin.py:190} INFO - [2025-12-27T05:19:13.177+0000] {dag.py:4180} INFO - Setting next_dagrun for fraud_detection_training to 2025-12-27 03:00:00+00:00, run_after=2025-12-28 03:00:00+00:00
[2025-12-27T05:19:13.186+0000] {processor.py:208} INFO - Processing /opt/airflow/dags/fraud_detection_training_dag.py took 0.055 seconds
[2025-12-27T05:19:43.245+0000] {processor.py:186} INFO - Started process (PID=265) to work on /opt/airflow/dags/fraud_detection_training_dag.py
[2025-12-27T05:19:43.246+0000] {processor.py:914} INFO - Processing file /opt/airflow/dags/fraud_detection_training_dag.py for tasks to queue
[2025-12-27T05:19:43.247+0000] {logging_mixin.py:190} INFO - [2025-12-27T05:19:43.247+0000] {dagbag.py:588} INFO - Filling up the DagBag from /opt/airflow/dags/fraud_detection_training_dag.py
[2025-12-27T05:19:43.252+0000] {processor.py:925} INFO - DAG(s) 'fraud_detection_training' retrieved from /opt/airflow/dags/fraud_detection_training_dag.py
[2025-12-27T05:19:43.267+0000] {logging_mixin.py:190} INFO - [2025-12-27T05:19:43.266+0000] {dag.py:3239} INFO - Sync 1 DAGs
[2025-12-27T05:19:43.279+0000] {logging_mixin.py:190} INFO - [2025-12-27T05:19:43.279+0000] {dag.py:4180} INFO - Setting next_dagrun for fraud_detection_training to 2025-12-27 03:00:00+00:00, run_after=2025-12-28 03:00:00+00:00
[2025-12-27T05:19:43.287+0000] {processor.py:208} INFO - Processing /opt/airflow/dags/fraud_detection_training_dag.py took 0.044 seconds
[2025-12-27T05:20:13.394+0000] {processor.py:186} INFO - Started process (PID=272) to work on /opt/airflow/dags/fraud_detection_training_dag.py
[2025-12-27T05:20:13.394+0000] {processor.py:914} INFO - Processing file /opt/airflow/dags/fraud_detection_training_dag.py for tasks to queue
[2025-12-27T05:20:13.395+0000] {logging_mixin.py:190} INFO - [2025-12-27T05:20:13.395+0000] {dagbag.py:588} INFO - Filling up the DagBag from /opt/airflow/dags/fraud_detection_training_dag.py
[2025-12-27T05:20:13.401+0000] {processor.py:925} INFO - DAG(s) 'fraud_detection_training' retrieved from /opt/airflow/dags/fraud_detection_training_dag.py
[2025-12-27T05:20:13.415+0000] {logging_mixin.py:190} INFO - [2025-12-27T05:20:13.415+0000] {dag.py:3239} INFO - Sync 1 DAGs
[2025-12-27T05:20:13.425+0000] {logging_mixin.py:190} INFO - [2025-12-27T05:20:13.425+0000] {dag.py:4180} INFO - Setting next_dagrun for fraud_detection_training to 2025-12-27 03:00:00+00:00, run_after=2025-12-28 03:00:00+00:00
[2025-12-27T05:20:13.432+0000] {processor.py:208} INFO - Processing /opt/airflow/dags/fraud_detection_training_dag.py took 0.041 seconds
[2025-12-27T05:20:43.520+0000] {processor.py:186} INFO - Started process (PID=279) to work on /opt/airflow/dags/fraud_detection_training_dag.py
[2025-12-27T05:20:43.520+0000] {processor.py:914} INFO - Processing file /opt/airflow/dags/fraud_detection_training_dag.py for tasks to queue
[2025-12-27T05:20:43.521+0000] {logging_mixin.py:190} INFO - [2025-12-27T05:20:43.521+0000] {dagbag.py:588} INFO - Filling up the DagBag from /opt/airflow/dags/fraud_detection_training_dag.py
[2025-12-27T05:20:43.526+0000] {processor.py:925} INFO - DAG(s) 'fraud_detection_training' retrieved from /opt/airflow/dags/fraud_detection_training_dag.py
[2025-12-27T05:20:43.539+0000] {logging_mixin.py:190} INFO - [2025-12-27T05:20:43.539+0000] {dag.py:3239} INFO - Sync 1 DAGs
[2025-12-27T05:20:43.549+0000] {logging_mixin.py:190} INFO - [2025-12-27T05:20:43.549+0000] {dag.py:4180} INFO - Setting next_dagrun for fraud_detection_training to 2025-12-27 03:00:00+00:00, run_after=2025-12-28 03:00:00+00:00
[2025-12-27T05:20:43.557+0000] {processor.py:208} INFO - Processing /opt/airflow/dags/fraud_detection_training_dag.py took 0.040 seconds
[2025-12-27T05:21:31.361+0000] {processor.py:186} INFO - Started process (PID=49) to work on /opt/airflow/dags/fraud_detection_training_dag.py
[2025-12-27T05:21:31.362+0000] {processor.py:914} INFO - Processing file /opt/airflow/dags/fraud_detection_training_dag.py for tasks to queue
[2025-12-27T05:21:31.363+0000] {logging_mixin.py:190} INFO - [2025-12-27T05:21:31.363+0000] {dagbag.py:588} INFO - Filling up the DagBag from /opt/airflow/dags/fraud_detection_training_dag.py
[2025-12-27T05:21:31.386+0000] {processor.py:925} INFO - DAG(s) 'fraud_detection_training' retrieved from /opt/airflow/dags/fraud_detection_training_dag.py
[2025-12-27T05:21:31.420+0000] {logging_mixin.py:190} INFO - [2025-12-27T05:21:31.419+0000] {dag.py:3239} INFO - Sync 1 DAGs
[2025-12-27T05:21:31.438+0000] {logging_mixin.py:190} INFO - [2025-12-27T05:21:31.437+0000] {dag.py:4180} INFO - Setting next_dagrun for fraud_detection_training to 2025-12-27 03:00:00+00:00, run_after=2025-12-28 03:00:00+00:00
[2025-12-27T05:21:31.450+0000] {processor.py:208} INFO - Processing /opt/airflow/dags/fraud_detection_training_dag.py took 0.092 seconds
[2025-12-27T05:22:01.509+0000] {processor.py:186} INFO - Started process (PID=56) to work on /opt/airflow/dags/fraud_detection_training_dag.py
[2025-12-27T05:22:01.509+0000] {processor.py:914} INFO - Processing file /opt/airflow/dags/fraud_detection_training_dag.py for tasks to queue
[2025-12-27T05:22:01.510+0000] {logging_mixin.py:190} INFO - [2025-12-27T05:22:01.510+0000] {dagbag.py:588} INFO - Filling up the DagBag from /opt/airflow/dags/fraud_detection_training_dag.py
[2025-12-27T05:22:01.517+0000] {processor.py:925} INFO - DAG(s) 'fraud_detection_training' retrieved from /opt/airflow/dags/fraud_detection_training_dag.py
[2025-12-27T05:22:01.536+0000] {logging_mixin.py:190} INFO - [2025-12-27T05:22:01.536+0000] {dag.py:3239} INFO - Sync 1 DAGs
[2025-12-27T05:22:01.549+0000] {logging_mixin.py:190} INFO - [2025-12-27T05:22:01.549+0000] {dag.py:4180} INFO - Setting next_dagrun for fraud_detection_training to 2025-12-27 03:00:00+00:00, run_after=2025-12-28 03:00:00+00:00
[2025-12-27T05:22:01.560+0000] {processor.py:208} INFO - Processing /opt/airflow/dags/fraud_detection_training_dag.py took 0.054 seconds
[2025-12-27T05:22:31.682+0000] {processor.py:186} INFO - Started process (PID=63) to work on /opt/airflow/dags/fraud_detection_training_dag.py
[2025-12-27T05:22:31.682+0000] {processor.py:914} INFO - Processing file /opt/airflow/dags/fraud_detection_training_dag.py for tasks to queue
[2025-12-27T05:22:31.684+0000] {logging_mixin.py:190} INFO - [2025-12-27T05:22:31.684+0000] {dagbag.py:588} INFO - Filling up the DagBag from /opt/airflow/dags/fraud_detection_training_dag.py
[2025-12-27T05:22:31.693+0000] {processor.py:925} INFO - DAG(s) 'fraud_detection_training' retrieved from /opt/airflow/dags/fraud_detection_training_dag.py
[2025-12-27T05:22:31.709+0000] {logging_mixin.py:190} INFO - [2025-12-27T05:22:31.709+0000] {dag.py:3239} INFO - Sync 1 DAGs
[2025-12-27T05:22:31.720+0000] {logging_mixin.py:190} INFO - [2025-12-27T05:22:31.720+0000] {dag.py:4180} INFO - Setting next_dagrun for fraud_detection_training to 2025-12-27 03:00:00+00:00, run_after=2025-12-28 03:00:00+00:00
[2025-12-27T05:22:31.727+0000] {processor.py:208} INFO - Processing /opt/airflow/dags/fraud_detection_training_dag.py took 0.049 seconds
[2025-12-27T05:23:01.785+0000] {processor.py:186} INFO - Started process (PID=70) to work on /opt/airflow/dags/fraud_detection_training_dag.py
[2025-12-27T05:23:01.785+0000] {processor.py:914} INFO - Processing file /opt/airflow/dags/fraud_detection_training_dag.py for tasks to queue
[2025-12-27T05:23:01.788+0000] {logging_mixin.py:190} INFO - [2025-12-27T05:23:01.787+0000] {dagbag.py:588} INFO - Filling up the DagBag from /opt/airflow/dags/fraud_detection_training_dag.py
[2025-12-27T05:23:01.796+0000] {processor.py:925} INFO - DAG(s) 'fraud_detection_training' retrieved from /opt/airflow/dags/fraud_detection_training_dag.py
[2025-12-27T05:23:01.815+0000] {logging_mixin.py:190} INFO - [2025-12-27T05:23:01.815+0000] {dag.py:3239} INFO - Sync 1 DAGs
[2025-12-27T05:23:01.830+0000] {logging_mixin.py:190} INFO - [2025-12-27T05:23:01.830+0000] {dag.py:4180} INFO - Setting next_dagrun for fraud_detection_training to 2025-12-27 03:00:00+00:00, run_after=2025-12-28 03:00:00+00:00
[2025-12-27T05:23:01.840+0000] {processor.py:208} INFO - Processing /opt/airflow/dags/fraud_detection_training_dag.py took 0.058 seconds
[2025-12-27T05:23:31.939+0000] {processor.py:186} INFO - Started process (PID=77) to work on /opt/airflow/dags/fraud_detection_training_dag.py
[2025-12-27T05:23:31.939+0000] {processor.py:914} INFO - Processing file /opt/airflow/dags/fraud_detection_training_dag.py for tasks to queue
[2025-12-27T05:23:31.940+0000] {logging_mixin.py:190} INFO - [2025-12-27T05:23:31.940+0000] {dagbag.py:588} INFO - Filling up the DagBag from /opt/airflow/dags/fraud_detection_training_dag.py
[2025-12-27T05:23:31.946+0000] {processor.py:925} INFO - DAG(s) 'fraud_detection_training' retrieved from /opt/airflow/dags/fraud_detection_training_dag.py
[2025-12-27T05:23:31.959+0000] {logging_mixin.py:190} INFO - [2025-12-27T05:23:31.959+0000] {dag.py:3239} INFO - Sync 1 DAGs
[2025-12-27T05:23:31.970+0000] {logging_mixin.py:190} INFO - [2025-12-27T05:23:31.970+0000] {dag.py:4180} INFO - Setting next_dagrun for fraud_detection_training to 2025-12-27 03:00:00+00:00, run_after=2025-12-28 03:00:00+00:00
[2025-12-27T05:23:31.980+0000] {processor.py:208} INFO - Processing /opt/airflow/dags/fraud_detection_training_dag.py took 0.043 seconds
[2025-12-27T05:24:00.055+0000] {processor.py:186} INFO - Started process (PID=78) to work on /opt/airflow/dags/fraud_detection_training_dag.py
[2025-12-27T05:24:00.056+0000] {processor.py:914} INFO - Processing file /opt/airflow/dags/fraud_detection_training_dag.py for tasks to queue
[2025-12-27T05:24:00.058+0000] {logging_mixin.py:190} INFO - [2025-12-27T05:24:00.057+0000] {dagbag.py:588} INFO - Filling up the DagBag from /opt/airflow/dags/fraud_detection_training_dag.py
[2025-12-27T05:24:00.067+0000] {processor.py:925} INFO - DAG(s) 'fraud_detection_training' retrieved from /opt/airflow/dags/fraud_detection_training_dag.py
[2025-12-27T05:24:00.083+0000] {logging_mixin.py:190} INFO - [2025-12-27T05:24:00.083+0000] {dag.py:3239} INFO - Sync 1 DAGs
[2025-12-27T05:24:00.094+0000] {logging_mixin.py:190} INFO - [2025-12-27T05:24:00.094+0000] {dag.py:4180} INFO - Setting next_dagrun for fraud_detection_training to 2025-12-27 03:00:00+00:00, run_after=2025-12-28 03:00:00+00:00
[2025-12-27T05:24:00.103+0000] {processor.py:208} INFO - Processing /opt/airflow/dags/fraud_detection_training_dag.py took 0.051 seconds
[2025-12-27T05:24:30.173+0000] {processor.py:186} INFO - Started process (PID=85) to work on /opt/airflow/dags/fraud_detection_training_dag.py
[2025-12-27T05:24:30.174+0000] {processor.py:914} INFO - Processing file /opt/airflow/dags/fraud_detection_training_dag.py for tasks to queue
[2025-12-27T05:24:30.175+0000] {logging_mixin.py:190} INFO - [2025-12-27T05:24:30.174+0000] {dagbag.py:588} INFO - Filling up the DagBag from /opt/airflow/dags/fraud_detection_training_dag.py
[2025-12-27T05:24:30.182+0000] {processor.py:925} INFO - DAG(s) 'fraud_detection_training' retrieved from /opt/airflow/dags/fraud_detection_training_dag.py
[2025-12-27T05:24:30.197+0000] {logging_mixin.py:190} INFO - [2025-12-27T05:24:30.197+0000] {dag.py:3239} INFO - Sync 1 DAGs
[2025-12-27T05:24:30.208+0000] {logging_mixin.py:190} INFO - [2025-12-27T05:24:30.208+0000] {dag.py:4180} INFO - Setting next_dagrun for fraud_detection_training to 2025-12-27 03:00:00+00:00, run_after=2025-12-28 03:00:00+00:00
[2025-12-27T05:24:30.215+0000] {processor.py:208} INFO - Processing /opt/airflow/dags/fraud_detection_training_dag.py took 0.045 seconds
[2025-12-27T05:24:35.232+0000] {processor.py:186} INFO - Started process (PID=92) to work on /opt/airflow/dags/fraud_detection_training_dag.py
[2025-12-27T05:24:35.233+0000] {processor.py:914} INFO - Processing file /opt/airflow/dags/fraud_detection_training_dag.py for tasks to queue
[2025-12-27T05:24:35.234+0000] {logging_mixin.py:190} INFO - [2025-12-27T05:24:35.234+0000] {dagbag.py:588} INFO - Filling up the DagBag from /opt/airflow/dags/fraud_detection_training_dag.py
[2025-12-27T05:24:35.240+0000] {processor.py:925} INFO - DAG(s) 'fraud_detection_training' retrieved from /opt/airflow/dags/fraud_detection_training_dag.py
[2025-12-27T05:24:35.410+0000] {logging_mixin.py:190} INFO - [2025-12-27T05:24:35.410+0000] {dag.py:3239} INFO - Sync 1 DAGs
[2025-12-27T05:24:35.421+0000] {logging_mixin.py:190} INFO - [2025-12-27T05:24:35.421+0000] {dag.py:4180} INFO - Setting next_dagrun for fraud_detection_training to 2025-12-27 03:00:00+00:00, run_after=2025-12-28 03:00:00+00:00
[2025-12-27T05:24:35.432+0000] {processor.py:208} INFO - Processing /opt/airflow/dags/fraud_detection_training_dag.py took 0.202 seconds
[2025-12-27T05:25:05.536+0000] {processor.py:186} INFO - Started process (PID=99) to work on /opt/airflow/dags/fraud_detection_training_dag.py
[2025-12-27T05:25:05.537+0000] {processor.py:914} INFO - Processing file /opt/airflow/dags/fraud_detection_training_dag.py for tasks to queue
[2025-12-27T05:25:05.538+0000] {logging_mixin.py:190} INFO - [2025-12-27T05:25:05.537+0000] {dagbag.py:588} INFO - Filling up the DagBag from /opt/airflow/dags/fraud_detection_training_dag.py
[2025-12-27T05:25:05.549+0000] {processor.py:925} INFO - DAG(s) 'fraud_detection_training' retrieved from /opt/airflow/dags/fraud_detection_training_dag.py
[2025-12-27T05:25:05.566+0000] {logging_mixin.py:190} INFO - [2025-12-27T05:25:05.566+0000] {dag.py:3239} INFO - Sync 1 DAGs
[2025-12-27T05:25:05.578+0000] {logging_mixin.py:190} INFO - [2025-12-27T05:25:05.578+0000] {dag.py:4180} INFO - Setting next_dagrun for fraud_detection_training to 2025-12-27 03:00:00+00:00, run_after=2025-12-28 03:00:00+00:00
[2025-12-27T05:25:05.586+0000] {processor.py:208} INFO - Processing /opt/airflow/dags/fraud_detection_training_dag.py took 0.053 seconds
[2025-12-27T05:25:35.646+0000] {processor.py:186} INFO - Started process (PID=106) to work on /opt/airflow/dags/fraud_detection_training_dag.py
[2025-12-27T05:25:35.647+0000] {processor.py:914} INFO - Processing file /opt/airflow/dags/fraud_detection_training_dag.py for tasks to queue
[2025-12-27T05:25:35.649+0000] {logging_mixin.py:190} INFO - [2025-12-27T05:25:35.648+0000] {dagbag.py:588} INFO - Filling up the DagBag from /opt/airflow/dags/fraud_detection_training_dag.py
[2025-12-27T05:25:35.657+0000] {processor.py:925} INFO - DAG(s) 'fraud_detection_training' retrieved from /opt/airflow/dags/fraud_detection_training_dag.py
[2025-12-27T05:25:35.672+0000] {logging_mixin.py:190} INFO - [2025-12-27T05:25:35.672+0000] {dag.py:3239} INFO - Sync 1 DAGs
[2025-12-27T05:25:35.683+0000] {logging_mixin.py:190} INFO - [2025-12-27T05:25:35.683+0000] {dag.py:4180} INFO - Setting next_dagrun for fraud_detection_training to 2025-12-27 03:00:00+00:00, run_after=2025-12-28 03:00:00+00:00
[2025-12-27T05:25:35.690+0000] {processor.py:208} INFO - Processing /opt/airflow/dags/fraud_detection_training_dag.py took 0.047 seconds
[2025-12-27T05:26:05.811+0000] {processor.py:186} INFO - Started process (PID=113) to work on /opt/airflow/dags/fraud_detection_training_dag.py
[2025-12-27T05:26:05.811+0000] {processor.py:914} INFO - Processing file /opt/airflow/dags/fraud_detection_training_dag.py for tasks to queue
[2025-12-27T05:26:05.812+0000] {logging_mixin.py:190} INFO - [2025-12-27T05:26:05.812+0000] {dagbag.py:588} INFO - Filling up the DagBag from /opt/airflow/dags/fraud_detection_training_dag.py
[2025-12-27T05:26:05.819+0000] {processor.py:925} INFO - DAG(s) 'fraud_detection_training' retrieved from /opt/airflow/dags/fraud_detection_training_dag.py
[2025-12-27T05:26:05.834+0000] {logging_mixin.py:190} INFO - [2025-12-27T05:26:05.834+0000] {dag.py:3239} INFO - Sync 1 DAGs
[2025-12-27T05:26:05.845+0000] {logging_mixin.py:190} INFO - [2025-12-27T05:26:05.845+0000] {dag.py:4180} INFO - Setting next_dagrun for fraud_detection_training to 2025-12-27 03:00:00+00:00, run_after=2025-12-28 03:00:00+00:00
[2025-12-27T05:26:05.852+0000] {processor.py:208} INFO - Processing /opt/airflow/dags/fraud_detection_training_dag.py took 0.045 seconds
[2025-12-27T05:26:35.940+0000] {processor.py:186} INFO - Started process (PID=120) to work on /opt/airflow/dags/fraud_detection_training_dag.py
[2025-12-27T05:26:35.940+0000] {processor.py:914} INFO - Processing file /opt/airflow/dags/fraud_detection_training_dag.py for tasks to queue
[2025-12-27T05:26:35.943+0000] {logging_mixin.py:190} INFO - [2025-12-27T05:26:35.942+0000] {dagbag.py:588} INFO - Filling up the DagBag from /opt/airflow/dags/fraud_detection_training_dag.py
[2025-12-27T05:26:35.951+0000] {processor.py:925} INFO - DAG(s) 'fraud_detection_training' retrieved from /opt/airflow/dags/fraud_detection_training_dag.py
[2025-12-27T05:26:35.967+0000] {logging_mixin.py:190} INFO - [2025-12-27T05:26:35.967+0000] {dag.py:3239} INFO - Sync 1 DAGs
[2025-12-27T05:26:35.980+0000] {logging_mixin.py:190} INFO - [2025-12-27T05:26:35.979+0000] {dag.py:4180} INFO - Setting next_dagrun for fraud_detection_training to 2025-12-27 03:00:00+00:00, run_after=2025-12-28 03:00:00+00:00
[2025-12-27T05:26:35.988+0000] {processor.py:208} INFO - Processing /opt/airflow/dags/fraud_detection_training_dag.py took 0.053 seconds
[2025-12-27T05:27:06.069+0000] {processor.py:186} INFO - Started process (PID=127) to work on /opt/airflow/dags/fraud_detection_training_dag.py
[2025-12-27T05:27:06.070+0000] {processor.py:914} INFO - Processing file /opt/airflow/dags/fraud_detection_training_dag.py for tasks to queue
[2025-12-27T05:27:06.071+0000] {logging_mixin.py:190} INFO - [2025-12-27T05:27:06.071+0000] {dagbag.py:588} INFO - Filling up the DagBag from /opt/airflow/dags/fraud_detection_training_dag.py
[2025-12-27T05:27:06.077+0000] {processor.py:925} INFO - DAG(s) 'fraud_detection_training' retrieved from /opt/airflow/dags/fraud_detection_training_dag.py
[2025-12-27T05:27:06.095+0000] {logging_mixin.py:190} INFO - [2025-12-27T05:27:06.095+0000] {dag.py:3239} INFO - Sync 1 DAGs
[2025-12-27T05:27:06.107+0000] {logging_mixin.py:190} INFO - [2025-12-27T05:27:06.107+0000] {dag.py:4180} INFO - Setting next_dagrun for fraud_detection_training to 2025-12-27 03:00:00+00:00, run_after=2025-12-28 03:00:00+00:00
[2025-12-27T05:27:06.115+0000] {processor.py:208} INFO - Processing /opt/airflow/dags/fraud_detection_training_dag.py took 0.049 seconds
[2025-12-27T05:27:36.205+0000] {processor.py:186} INFO - Started process (PID=134) to work on /opt/airflow/dags/fraud_detection_training_dag.py
[2025-12-27T05:27:36.206+0000] {processor.py:914} INFO - Processing file /opt/airflow/dags/fraud_detection_training_dag.py for tasks to queue
[2025-12-27T05:27:36.207+0000] {logging_mixin.py:190} INFO - [2025-12-27T05:27:36.207+0000] {dagbag.py:588} INFO - Filling up the DagBag from /opt/airflow/dags/fraud_detection_training_dag.py
[2025-12-27T05:27:36.212+0000] {processor.py:925} INFO - DAG(s) 'fraud_detection_training' retrieved from /opt/airflow/dags/fraud_detection_training_dag.py
[2025-12-27T05:27:36.228+0000] {logging_mixin.py:190} INFO - [2025-12-27T05:27:36.228+0000] {dag.py:3239} INFO - Sync 1 DAGs
[2025-12-27T05:27:36.242+0000] {logging_mixin.py:190} INFO - [2025-12-27T05:27:36.242+0000] {dag.py:4180} INFO - Setting next_dagrun for fraud_detection_training to 2025-12-27 03:00:00+00:00, run_after=2025-12-28 03:00:00+00:00
[2025-12-27T05:27:36.250+0000] {processor.py:208} INFO - Processing /opt/airflow/dags/fraud_detection_training_dag.py took 0.048 seconds
[2025-12-27T05:28:06.324+0000] {processor.py:186} INFO - Started process (PID=141) to work on /opt/airflow/dags/fraud_detection_training_dag.py
[2025-12-27T05:28:06.324+0000] {processor.py:914} INFO - Processing file /opt/airflow/dags/fraud_detection_training_dag.py for tasks to queue
[2025-12-27T05:28:06.325+0000] {logging_mixin.py:190} INFO - [2025-12-27T05:28:06.325+0000] {dagbag.py:588} INFO - Filling up the DagBag from /opt/airflow/dags/fraud_detection_training_dag.py
[2025-12-27T05:28:06.331+0000] {processor.py:925} INFO - DAG(s) 'fraud_detection_training' retrieved from /opt/airflow/dags/fraud_detection_training_dag.py
[2025-12-27T05:28:06.346+0000] {logging_mixin.py:190} INFO - [2025-12-27T05:28:06.346+0000] {dag.py:3239} INFO - Sync 1 DAGs
[2025-12-27T05:28:06.356+0000] {logging_mixin.py:190} INFO - [2025-12-27T05:28:06.356+0000] {dag.py:4180} INFO - Setting next_dagrun for fraud_detection_training to 2025-12-27 03:00:00+00:00, run_after=2025-12-28 03:00:00+00:00
[2025-12-27T05:28:06.363+0000] {processor.py:208} INFO - Processing /opt/airflow/dags/fraud_detection_training_dag.py took 0.042 seconds
[2025-12-27T05:28:36.455+0000] {processor.py:186} INFO - Started process (PID=148) to work on /opt/airflow/dags/fraud_detection_training_dag.py
[2025-12-27T05:28:36.455+0000] {processor.py:914} INFO - Processing file /opt/airflow/dags/fraud_detection_training_dag.py for tasks to queue
[2025-12-27T05:28:36.456+0000] {logging_mixin.py:190} INFO - [2025-12-27T05:28:36.456+0000] {dagbag.py:588} INFO - Filling up the DagBag from /opt/airflow/dags/fraud_detection_training_dag.py
[2025-12-27T05:28:36.461+0000] {processor.py:925} INFO - DAG(s) 'fraud_detection_training' retrieved from /opt/airflow/dags/fraud_detection_training_dag.py
[2025-12-27T05:28:36.474+0000] {logging_mixin.py:190} INFO - [2025-12-27T05:28:36.474+0000] {dag.py:3239} INFO - Sync 1 DAGs
[2025-12-27T05:28:36.484+0000] {logging_mixin.py:190} INFO - [2025-12-27T05:28:36.484+0000] {dag.py:4180} INFO - Setting next_dagrun for fraud_detection_training to 2025-12-27 03:00:00+00:00, run_after=2025-12-28 03:00:00+00:00
[2025-12-27T05:28:36.491+0000] {processor.py:208} INFO - Processing /opt/airflow/dags/fraud_detection_training_dag.py took 0.038 seconds
[2025-12-27T05:29:06.569+0000] {processor.py:186} INFO - Started process (PID=155) to work on /opt/airflow/dags/fraud_detection_training_dag.py
[2025-12-27T05:29:06.569+0000] {processor.py:914} INFO - Processing file /opt/airflow/dags/fraud_detection_training_dag.py for tasks to queue
[2025-12-27T05:29:06.570+0000] {logging_mixin.py:190} INFO - [2025-12-27T05:29:06.570+0000] {dagbag.py:588} INFO - Filling up the DagBag from /opt/airflow/dags/fraud_detection_training_dag.py
[2025-12-27T05:29:06.575+0000] {processor.py:925} INFO - DAG(s) 'fraud_detection_training' retrieved from /opt/airflow/dags/fraud_detection_training_dag.py
[2025-12-27T05:29:06.588+0000] {logging_mixin.py:190} INFO - [2025-12-27T05:29:06.587+0000] {dag.py:3239} INFO - Sync 1 DAGs
[2025-12-27T05:29:06.597+0000] {logging_mixin.py:190} INFO - [2025-12-27T05:29:06.597+0000] {dag.py:4180} INFO - Setting next_dagrun for fraud_detection_training to 2025-12-27 03:00:00+00:00, run_after=2025-12-28 03:00:00+00:00
[2025-12-27T05:29:06.604+0000] {processor.py:208} INFO - Processing /opt/airflow/dags/fraud_detection_training_dag.py took 0.038 seconds
[2025-12-27T05:29:36.680+0000] {processor.py:186} INFO - Started process (PID=162) to work on /opt/airflow/dags/fraud_detection_training_dag.py
[2025-12-27T05:29:36.681+0000] {processor.py:914} INFO - Processing file /opt/airflow/dags/fraud_detection_training_dag.py for tasks to queue
[2025-12-27T05:29:36.682+0000] {logging_mixin.py:190} INFO - [2025-12-27T05:29:36.682+0000] {dagbag.py:588} INFO - Filling up the DagBag from /opt/airflow/dags/fraud_detection_training_dag.py
[2025-12-27T05:29:36.688+0000] {processor.py:925} INFO - DAG(s) 'fraud_detection_training' retrieved from /opt/airflow/dags/fraud_detection_training_dag.py
[2025-12-27T05:29:36.701+0000] {logging_mixin.py:190} INFO - [2025-12-27T05:29:36.701+0000] {dag.py:3239} INFO - Sync 1 DAGs
[2025-12-27T05:29:36.711+0000] {logging_mixin.py:190} INFO - [2025-12-27T05:29:36.711+0000] {dag.py:4180} INFO - Setting next_dagrun for fraud_detection_training to 2025-12-27 03:00:00+00:00, run_after=2025-12-28 03:00:00+00:00
[2025-12-27T05:29:36.719+0000] {processor.py:208} INFO - Processing /opt/airflow/dags/fraud_detection_training_dag.py took 0.041 seconds
[2025-12-27T05:30:06.813+0000] {processor.py:186} INFO - Started process (PID=169) to work on /opt/airflow/dags/fraud_detection_training_dag.py
[2025-12-27T05:30:06.813+0000] {processor.py:914} INFO - Processing file /opt/airflow/dags/fraud_detection_training_dag.py for tasks to queue
[2025-12-27T05:30:06.815+0000] {logging_mixin.py:190} INFO - [2025-12-27T05:30:06.814+0000] {dagbag.py:588} INFO - Filling up the DagBag from /opt/airflow/dags/fraud_detection_training_dag.py
[2025-12-27T05:30:06.820+0000] {processor.py:925} INFO - DAG(s) 'fraud_detection_training' retrieved from /opt/airflow/dags/fraud_detection_training_dag.py
[2025-12-27T05:30:06.833+0000] {logging_mixin.py:190} INFO - [2025-12-27T05:30:06.833+0000] {dag.py:3239} INFO - Sync 1 DAGs
[2025-12-27T05:30:06.843+0000] {logging_mixin.py:190} INFO - [2025-12-27T05:30:06.842+0000] {dag.py:4180} INFO - Setting next_dagrun for fraud_detection_training to 2025-12-27 03:00:00+00:00, run_after=2025-12-28 03:00:00+00:00
[2025-12-27T05:30:06.849+0000] {processor.py:208} INFO - Processing /opt/airflow/dags/fraud_detection_training_dag.py took 0.039 seconds
[2025-12-27T05:30:36.935+0000] {processor.py:186} INFO - Started process (PID=176) to work on /opt/airflow/dags/fraud_detection_training_dag.py
[2025-12-27T05:30:36.935+0000] {processor.py:914} INFO - Processing file /opt/airflow/dags/fraud_detection_training_dag.py for tasks to queue
[2025-12-27T05:30:36.936+0000] {logging_mixin.py:190} INFO - [2025-12-27T05:30:36.936+0000] {dagbag.py:588} INFO - Filling up the DagBag from /opt/airflow/dags/fraud_detection_training_dag.py
[2025-12-27T05:30:36.943+0000] {processor.py:925} INFO - DAG(s) 'fraud_detection_training' retrieved from /opt/airflow/dags/fraud_detection_training_dag.py
[2025-12-27T05:30:36.957+0000] {logging_mixin.py:190} INFO - [2025-12-27T05:30:36.957+0000] {dag.py:3239} INFO - Sync 1 DAGs
[2025-12-27T05:30:36.967+0000] {logging_mixin.py:190} INFO - [2025-12-27T05:30:36.967+0000] {dag.py:4180} INFO - Setting next_dagrun for fraud_detection_training to 2025-12-27 03:00:00+00:00, run_after=2025-12-28 03:00:00+00:00
[2025-12-27T05:30:36.974+0000] {processor.py:208} INFO - Processing /opt/airflow/dags/fraud_detection_training_dag.py took 0.043 seconds
[2025-12-27T07:19:47.008+0000] {processor.py:186} INFO - Started process (PID=418) to work on /opt/airflow/dags/fraud_detection_training_dag.py
[2025-12-27T07:19:47.010+0000] {processor.py:914} INFO - Processing file /opt/airflow/dags/fraud_detection_training_dag.py for tasks to queue
[2025-12-27T07:19:47.014+0000] {logging_mixin.py:190} INFO - [2025-12-27T07:19:47.014+0000] {dagbag.py:588} INFO - Filling up the DagBag from /opt/airflow/dags/fraud_detection_training_dag.py
[2025-12-27T07:19:47.052+0000] {processor.py:925} INFO - DAG(s) 'fraud_detection_training' retrieved from /opt/airflow/dags/fraud_detection_training_dag.py
[2025-12-27T07:19:47.155+0000] {logging_mixin.py:190} INFO - [2025-12-27T07:19:47.155+0000] {dag.py:3239} INFO - Sync 1 DAGs
[2025-12-27T07:19:47.199+0000] {logging_mixin.py:190} INFO - [2025-12-27T07:19:47.199+0000] {dag.py:4180} INFO - Setting next_dagrun for fraud_detection_training to 2025-12-27 03:00:00+00:00, run_after=2025-12-28 03:00:00+00:00
[2025-12-27T07:19:47.260+0000] {processor.py:208} INFO - Processing /opt/airflow/dags/fraud_detection_training_dag.py took 0.261 seconds
[2025-12-27T07:20:17.403+0000] {processor.py:186} INFO - Started process (PID=425) to work on /opt/airflow/dags/fraud_detection_training_dag.py
[2025-12-27T07:20:17.404+0000] {processor.py:914} INFO - Processing file /opt/airflow/dags/fraud_detection_training_dag.py for tasks to queue
[2025-12-27T07:20:17.407+0000] {logging_mixin.py:190} INFO - [2025-12-27T07:20:17.407+0000] {dagbag.py:588} INFO - Filling up the DagBag from /opt/airflow/dags/fraud_detection_training_dag.py
[2025-12-27T07:20:17.422+0000] {processor.py:925} INFO - DAG(s) 'fraud_detection_training' retrieved from /opt/airflow/dags/fraud_detection_training_dag.py
[2025-12-27T07:20:17.457+0000] {logging_mixin.py:190} INFO - [2025-12-27T07:20:17.457+0000] {dag.py:3239} INFO - Sync 1 DAGs
[2025-12-27T07:20:17.484+0000] {logging_mixin.py:190} INFO - [2025-12-27T07:20:17.484+0000] {dag.py:4180} INFO - Setting next_dagrun for fraud_detection_training to 2025-12-27 03:00:00+00:00, run_after=2025-12-28 03:00:00+00:00
[2025-12-27T07:20:17.499+0000] {processor.py:208} INFO - Processing /opt/airflow/dags/fraud_detection_training_dag.py took 0.100 seconds
[2025-12-27T07:20:47.562+0000] {processor.py:186} INFO - Started process (PID=432) to work on /opt/airflow/dags/fraud_detection_training_dag.py
[2025-12-27T07:20:47.562+0000] {processor.py:914} INFO - Processing file /opt/airflow/dags/fraud_detection_training_dag.py for tasks to queue
[2025-12-27T07:20:47.566+0000] {logging_mixin.py:190} INFO - [2025-12-27T07:20:47.565+0000] {dagbag.py:588} INFO - Filling up the DagBag from /opt/airflow/dags/fraud_detection_training_dag.py
[2025-12-27T07:20:47.581+0000] {processor.py:925} INFO - DAG(s) 'fraud_detection_training' retrieved from /opt/airflow/dags/fraud_detection_training_dag.py
[2025-12-27T07:20:47.619+0000] {logging_mixin.py:190} INFO - [2025-12-27T07:20:47.619+0000] {dag.py:3239} INFO - Sync 1 DAGs
[2025-12-27T07:20:47.635+0000] {logging_mixin.py:190} INFO - [2025-12-27T07:20:47.634+0000] {dag.py:4180} INFO - Setting next_dagrun for fraud_detection_training to 2025-12-27 03:00:00+00:00, run_after=2025-12-28 03:00:00+00:00
[2025-12-27T07:20:47.646+0000] {processor.py:208} INFO - Processing /opt/airflow/dags/fraud_detection_training_dag.py took 0.093 seconds
[2025-12-27T07:21:17.832+0000] {processor.py:186} INFO - Started process (PID=440) to work on /opt/airflow/dags/fraud_detection_training_dag.py
[2025-12-27T07:21:17.833+0000] {processor.py:914} INFO - Processing file /opt/airflow/dags/fraud_detection_training_dag.py for tasks to queue
[2025-12-27T07:21:17.837+0000] {logging_mixin.py:190} INFO - [2025-12-27T07:21:17.836+0000] {dagbag.py:588} INFO - Filling up the DagBag from /opt/airflow/dags/fraud_detection_training_dag.py
[2025-12-27T07:21:17.851+0000] {processor.py:925} INFO - DAG(s) 'fraud_detection_training' retrieved from /opt/airflow/dags/fraud_detection_training_dag.py
[2025-12-27T07:21:17.879+0000] {logging_mixin.py:190} INFO - [2025-12-27T07:21:17.879+0000] {dag.py:3239} INFO - Sync 1 DAGs
[2025-12-27T07:21:17.901+0000] {logging_mixin.py:190} INFO - [2025-12-27T07:21:17.901+0000] {dag.py:4180} INFO - Setting next_dagrun for fraud_detection_training to 2025-12-27 03:00:00+00:00, run_after=2025-12-28 03:00:00+00:00
[2025-12-27T07:21:17.917+0000] {processor.py:208} INFO - Processing /opt/airflow/dags/fraud_detection_training_dag.py took 0.090 seconds
[2025-12-27T07:21:47.996+0000] {processor.py:186} INFO - Started process (PID=447) to work on /opt/airflow/dags/fraud_detection_training_dag.py
[2025-12-27T07:21:47.997+0000] {processor.py:914} INFO - Processing file /opt/airflow/dags/fraud_detection_training_dag.py for tasks to queue
[2025-12-27T07:21:48.000+0000] {logging_mixin.py:190} INFO - [2025-12-27T07:21:48.000+0000] {dagbag.py:588} INFO - Filling up the DagBag from /opt/airflow/dags/fraud_detection_training_dag.py
[2025-12-27T07:21:48.015+0000] {processor.py:925} INFO - DAG(s) 'fraud_detection_training' retrieved from /opt/airflow/dags/fraud_detection_training_dag.py
[2025-12-27T07:21:48.049+0000] {logging_mixin.py:190} INFO - [2025-12-27T07:21:48.049+0000] {dag.py:3239} INFO - Sync 1 DAGs
[2025-12-27T07:21:48.067+0000] {logging_mixin.py:190} INFO - [2025-12-27T07:21:48.066+0000] {dag.py:4180} INFO - Setting next_dagrun for fraud_detection_training to 2025-12-27 03:00:00+00:00, run_after=2025-12-28 03:00:00+00:00
[2025-12-27T07:21:48.081+0000] {processor.py:208} INFO - Processing /opt/airflow/dags/fraud_detection_training_dag.py took 0.095 seconds
[2025-12-27T07:22:18.160+0000] {processor.py:186} INFO - Started process (PID=454) to work on /opt/airflow/dags/fraud_detection_training_dag.py
[2025-12-27T07:22:18.161+0000] {processor.py:914} INFO - Processing file /opt/airflow/dags/fraud_detection_training_dag.py for tasks to queue
[2025-12-27T07:22:18.163+0000] {logging_mixin.py:190} INFO - [2025-12-27T07:22:18.163+0000] {dagbag.py:588} INFO - Filling up the DagBag from /opt/airflow/dags/fraud_detection_training_dag.py
[2025-12-27T07:22:18.174+0000] {processor.py:925} INFO - DAG(s) 'fraud_detection_training' retrieved from /opt/airflow/dags/fraud_detection_training_dag.py
[2025-12-27T07:22:18.195+0000] {logging_mixin.py:190} INFO - [2025-12-27T07:22:18.195+0000] {dag.py:3239} INFO - Sync 1 DAGs
[2025-12-27T07:22:18.210+0000] {logging_mixin.py:190} INFO - [2025-12-27T07:22:18.209+0000] {dag.py:4180} INFO - Setting next_dagrun for fraud_detection_training to 2025-12-27 03:00:00+00:00, run_after=2025-12-28 03:00:00+00:00
[2025-12-27T07:22:18.218+0000] {processor.py:208} INFO - Processing /opt/airflow/dags/fraud_detection_training_dag.py took 0.063 seconds
[2025-12-27T07:22:48.322+0000] {processor.py:186} INFO - Started process (PID=461) to work on /opt/airflow/dags/fraud_detection_training_dag.py
[2025-12-27T07:22:48.323+0000] {processor.py:914} INFO - Processing file /opt/airflow/dags/fraud_detection_training_dag.py for tasks to queue
[2025-12-27T07:22:48.327+0000] {logging_mixin.py:190} INFO - [2025-12-27T07:22:48.327+0000] {dagbag.py:588} INFO - Filling up the DagBag from /opt/airflow/dags/fraud_detection_training_dag.py
[2025-12-27T07:22:48.343+0000] {processor.py:925} INFO - DAG(s) 'fraud_detection_training' retrieved from /opt/airflow/dags/fraud_detection_training_dag.py
[2025-12-27T07:22:48.369+0000] {logging_mixin.py:190} INFO - [2025-12-27T07:22:48.369+0000] {dag.py:3239} INFO - Sync 1 DAGs
[2025-12-27T07:22:48.388+0000] {logging_mixin.py:190} INFO - [2025-12-27T07:22:48.388+0000] {dag.py:4180} INFO - Setting next_dagrun for fraud_detection_training to 2025-12-27 03:00:00+00:00, run_after=2025-12-28 03:00:00+00:00
[2025-12-27T07:22:48.398+0000] {processor.py:208} INFO - Processing /opt/airflow/dags/fraud_detection_training_dag.py took 0.086 seconds
[2025-12-27T07:23:18.458+0000] {processor.py:186} INFO - Started process (PID=468) to work on /opt/airflow/dags/fraud_detection_training_dag.py
[2025-12-27T07:23:18.459+0000] {processor.py:914} INFO - Processing file /opt/airflow/dags/fraud_detection_training_dag.py for tasks to queue
[2025-12-27T07:23:18.461+0000] {logging_mixin.py:190} INFO - [2025-12-27T07:23:18.461+0000] {dagbag.py:588} INFO - Filling up the DagBag from /opt/airflow/dags/fraud_detection_training_dag.py
[2025-12-27T07:23:18.471+0000] {processor.py:925} INFO - DAG(s) 'fraud_detection_training' retrieved from /opt/airflow/dags/fraud_detection_training_dag.py
[2025-12-27T07:23:18.492+0000] {logging_mixin.py:190} INFO - [2025-12-27T07:23:18.492+0000] {dag.py:3239} INFO - Sync 1 DAGs
[2025-12-27T07:23:18.507+0000] {logging_mixin.py:190} INFO - [2025-12-27T07:23:18.507+0000] {dag.py:4180} INFO - Setting next_dagrun for fraud_detection_training to 2025-12-27 03:00:00+00:00, run_after=2025-12-28 03:00:00+00:00
[2025-12-27T07:23:18.517+0000] {processor.py:208} INFO - Processing /opt/airflow/dags/fraud_detection_training_dag.py took 0.063 seconds
[2025-12-27T07:23:48.624+0000] {processor.py:186} INFO - Started process (PID=475) to work on /opt/airflow/dags/fraud_detection_training_dag.py
[2025-12-27T07:23:48.624+0000] {processor.py:914} INFO - Processing file /opt/airflow/dags/fraud_detection_training_dag.py for tasks to queue
[2025-12-27T07:23:48.626+0000] {logging_mixin.py:190} INFO - [2025-12-27T07:23:48.626+0000] {dagbag.py:588} INFO - Filling up the DagBag from /opt/airflow/dags/fraud_detection_training_dag.py
[2025-12-27T07:23:48.636+0000] {processor.py:925} INFO - DAG(s) 'fraud_detection_training' retrieved from /opt/airflow/dags/fraud_detection_training_dag.py
[2025-12-27T07:23:48.655+0000] {logging_mixin.py:190} INFO - [2025-12-27T07:23:48.655+0000] {dag.py:3239} INFO - Sync 1 DAGs
[2025-12-27T07:23:48.670+0000] {logging_mixin.py:190} INFO - [2025-12-27T07:23:48.670+0000] {dag.py:4180} INFO - Setting next_dagrun for fraud_detection_training to 2025-12-27 03:00:00+00:00, run_after=2025-12-28 03:00:00+00:00
[2025-12-27T07:23:48.679+0000] {processor.py:208} INFO - Processing /opt/airflow/dags/fraud_detection_training_dag.py took 0.059 seconds
[2025-12-27T07:24:18.749+0000] {processor.py:186} INFO - Started process (PID=482) to work on /opt/airflow/dags/fraud_detection_training_dag.py
[2025-12-27T07:24:18.749+0000] {processor.py:914} INFO - Processing file /opt/airflow/dags/fraud_detection_training_dag.py for tasks to queue
[2025-12-27T07:24:18.751+0000] {logging_mixin.py:190} INFO - [2025-12-27T07:24:18.751+0000] {dagbag.py:588} INFO - Filling up the DagBag from /opt/airflow/dags/fraud_detection_training_dag.py
[2025-12-27T07:24:18.761+0000] {processor.py:925} INFO - DAG(s) 'fraud_detection_training' retrieved from /opt/airflow/dags/fraud_detection_training_dag.py
[2025-12-27T07:24:18.783+0000] {logging_mixin.py:190} INFO - [2025-12-27T07:24:18.783+0000] {dag.py:3239} INFO - Sync 1 DAGs
[2025-12-27T07:24:18.797+0000] {logging_mixin.py:190} INFO - [2025-12-27T07:24:18.797+0000] {dag.py:4180} INFO - Setting next_dagrun for fraud_detection_training to 2025-12-27 03:00:00+00:00, run_after=2025-12-28 03:00:00+00:00
[2025-12-27T07:24:18.805+0000] {processor.py:208} INFO - Processing /opt/airflow/dags/fraud_detection_training_dag.py took 0.063 seconds
[2025-12-27T07:24:48.914+0000] {processor.py:186} INFO - Started process (PID=489) to work on /opt/airflow/dags/fraud_detection_training_dag.py
[2025-12-27T07:24:48.915+0000] {processor.py:914} INFO - Processing file /opt/airflow/dags/fraud_detection_training_dag.py for tasks to queue
[2025-12-27T07:24:48.916+0000] {logging_mixin.py:190} INFO - [2025-12-27T07:24:48.916+0000] {dagbag.py:588} INFO - Filling up the DagBag from /opt/airflow/dags/fraud_detection_training_dag.py
[2025-12-27T07:24:48.922+0000] {processor.py:925} INFO - DAG(s) 'fraud_detection_training' retrieved from /opt/airflow/dags/fraud_detection_training_dag.py
[2025-12-27T07:24:48.936+0000] {logging_mixin.py:190} INFO - [2025-12-27T07:24:48.936+0000] {dag.py:3239} INFO - Sync 1 DAGs
[2025-12-27T07:24:48.947+0000] {logging_mixin.py:190} INFO - [2025-12-27T07:24:48.947+0000] {dag.py:4180} INFO - Setting next_dagrun for fraud_detection_training to 2025-12-27 03:00:00+00:00, run_after=2025-12-28 03:00:00+00:00
[2025-12-27T07:24:48.955+0000] {processor.py:208} INFO - Processing /opt/airflow/dags/fraud_detection_training_dag.py took 0.045 seconds
[2025-12-27T07:25:19.055+0000] {processor.py:186} INFO - Started process (PID=496) to work on /opt/airflow/dags/fraud_detection_training_dag.py
[2025-12-27T07:25:19.056+0000] {processor.py:914} INFO - Processing file /opt/airflow/dags/fraud_detection_training_dag.py for tasks to queue
[2025-12-27T07:25:19.058+0000] {logging_mixin.py:190} INFO - [2025-12-27T07:25:19.058+0000] {dagbag.py:588} INFO - Filling up the DagBag from /opt/airflow/dags/fraud_detection_training_dag.py
[2025-12-27T07:25:19.068+0000] {processor.py:925} INFO - DAG(s) 'fraud_detection_training' retrieved from /opt/airflow/dags/fraud_detection_training_dag.py
[2025-12-27T07:25:19.086+0000] {logging_mixin.py:190} INFO - [2025-12-27T07:25:19.086+0000] {dag.py:3239} INFO - Sync 1 DAGs
[2025-12-27T07:25:19.100+0000] {logging_mixin.py:190} INFO - [2025-12-27T07:25:19.100+0000] {dag.py:4180} INFO - Setting next_dagrun for fraud_detection_training to 2025-12-27 03:00:00+00:00, run_after=2025-12-28 03:00:00+00:00
[2025-12-27T07:25:19.108+0000] {processor.py:208} INFO - Processing /opt/airflow/dags/fraud_detection_training_dag.py took 0.056 seconds
[2025-12-27T07:25:49.195+0000] {processor.py:186} INFO - Started process (PID=503) to work on /opt/airflow/dags/fraud_detection_training_dag.py
[2025-12-27T07:25:49.195+0000] {processor.py:914} INFO - Processing file /opt/airflow/dags/fraud_detection_training_dag.py for tasks to queue
[2025-12-27T07:25:49.196+0000] {logging_mixin.py:190} INFO - [2025-12-27T07:25:49.196+0000] {dagbag.py:588} INFO - Filling up the DagBag from /opt/airflow/dags/fraud_detection_training_dag.py
[2025-12-27T07:25:49.202+0000] {processor.py:925} INFO - DAG(s) 'fraud_detection_training' retrieved from /opt/airflow/dags/fraud_detection_training_dag.py
[2025-12-27T07:25:49.216+0000] {logging_mixin.py:190} INFO - [2025-12-27T07:25:49.216+0000] {dag.py:3239} INFO - Sync 1 DAGs
[2025-12-27T07:25:49.227+0000] {logging_mixin.py:190} INFO - [2025-12-27T07:25:49.226+0000] {dag.py:4180} INFO - Setting next_dagrun for fraud_detection_training to 2025-12-27 03:00:00+00:00, run_after=2025-12-28 03:00:00+00:00
[2025-12-27T07:25:49.234+0000] {processor.py:208} INFO - Processing /opt/airflow/dags/fraud_detection_training_dag.py took 0.042 seconds
[2025-12-27T07:26:19.332+0000] {processor.py:186} INFO - Started process (PID=510) to work on /opt/airflow/dags/fraud_detection_training_dag.py
[2025-12-27T07:26:19.332+0000] {processor.py:914} INFO - Processing file /opt/airflow/dags/fraud_detection_training_dag.py for tasks to queue
[2025-12-27T07:26:19.335+0000] {logging_mixin.py:190} INFO - [2025-12-27T07:26:19.334+0000] {dagbag.py:588} INFO - Filling up the DagBag from /opt/airflow/dags/fraud_detection_training_dag.py
[2025-12-27T07:26:19.344+0000] {processor.py:925} INFO - DAG(s) 'fraud_detection_training' retrieved from /opt/airflow/dags/fraud_detection_training_dag.py
[2025-12-27T07:26:19.362+0000] {logging_mixin.py:190} INFO - [2025-12-27T07:26:19.362+0000] {dag.py:3239} INFO - Sync 1 DAGs
[2025-12-27T07:26:19.376+0000] {logging_mixin.py:190} INFO - [2025-12-27T07:26:19.375+0000] {dag.py:4180} INFO - Setting next_dagrun for fraud_detection_training to 2025-12-27 03:00:00+00:00, run_after=2025-12-28 03:00:00+00:00
[2025-12-27T07:26:19.385+0000] {processor.py:208} INFO - Processing /opt/airflow/dags/fraud_detection_training_dag.py took 0.063 seconds
[2025-12-27T07:26:49.441+0000] {processor.py:186} INFO - Started process (PID=517) to work on /opt/airflow/dags/fraud_detection_training_dag.py
[2025-12-27T07:26:49.441+0000] {processor.py:914} INFO - Processing file /opt/airflow/dags/fraud_detection_training_dag.py for tasks to queue
[2025-12-27T07:26:49.442+0000] {logging_mixin.py:190} INFO - [2025-12-27T07:26:49.442+0000] {dagbag.py:588} INFO - Filling up the DagBag from /opt/airflow/dags/fraud_detection_training_dag.py
[2025-12-27T07:26:49.450+0000] {processor.py:925} INFO - DAG(s) 'fraud_detection_training' retrieved from /opt/airflow/dags/fraud_detection_training_dag.py
[2025-12-27T07:26:49.465+0000] {logging_mixin.py:190} INFO - [2025-12-27T07:26:49.464+0000] {dag.py:3239} INFO - Sync 1 DAGs
[2025-12-27T07:26:49.476+0000] {logging_mixin.py:190} INFO - [2025-12-27T07:26:49.475+0000] {dag.py:4180} INFO - Setting next_dagrun for fraud_detection_training to 2025-12-27 03:00:00+00:00, run_after=2025-12-28 03:00:00+00:00
[2025-12-27T07:26:49.485+0000] {processor.py:208} INFO - Processing /opt/airflow/dags/fraud_detection_training_dag.py took 0.047 seconds
[2025-12-27T07:27:19.607+0000] {processor.py:186} INFO - Started process (PID=524) to work on /opt/airflow/dags/fraud_detection_training_dag.py
[2025-12-27T07:27:19.608+0000] {processor.py:914} INFO - Processing file /opt/airflow/dags/fraud_detection_training_dag.py for tasks to queue
[2025-12-27T07:27:19.612+0000] {logging_mixin.py:190} INFO - [2025-12-27T07:27:19.611+0000] {dagbag.py:588} INFO - Filling up the DagBag from /opt/airflow/dags/fraud_detection_training_dag.py
[2025-12-27T07:27:19.623+0000] {processor.py:925} INFO - DAG(s) 'fraud_detection_training' retrieved from /opt/airflow/dags/fraud_detection_training_dag.py
[2025-12-27T07:27:19.647+0000] {logging_mixin.py:190} INFO - [2025-12-27T07:27:19.647+0000] {dag.py:3239} INFO - Sync 1 DAGs
[2025-12-27T07:27:19.665+0000] {logging_mixin.py:190} INFO - [2025-12-27T07:27:19.664+0000] {dag.py:4180} INFO - Setting next_dagrun for fraud_detection_training to 2025-12-27 03:00:00+00:00, run_after=2025-12-28 03:00:00+00:00
[2025-12-27T07:27:19.676+0000] {processor.py:208} INFO - Processing /opt/airflow/dags/fraud_detection_training_dag.py took 0.076 seconds
[2025-12-27T07:27:49.727+0000] {processor.py:186} INFO - Started process (PID=531) to work on /opt/airflow/dags/fraud_detection_training_dag.py
[2025-12-27T07:27:49.728+0000] {processor.py:914} INFO - Processing file /opt/airflow/dags/fraud_detection_training_dag.py for tasks to queue
[2025-12-27T07:27:49.730+0000] {logging_mixin.py:190} INFO - [2025-12-27T07:27:49.730+0000] {dagbag.py:588} INFO - Filling up the DagBag from /opt/airflow/dags/fraud_detection_training_dag.py
[2025-12-27T07:27:49.741+0000] {processor.py:925} INFO - DAG(s) 'fraud_detection_training' retrieved from /opt/airflow/dags/fraud_detection_training_dag.py
[2025-12-27T07:27:49.761+0000] {logging_mixin.py:190} INFO - [2025-12-27T07:27:49.760+0000] {dag.py:3239} INFO - Sync 1 DAGs
[2025-12-27T07:27:49.776+0000] {logging_mixin.py:190} INFO - [2025-12-27T07:27:49.776+0000] {dag.py:4180} INFO - Setting next_dagrun for fraud_detection_training to 2025-12-27 03:00:00+00:00, run_after=2025-12-28 03:00:00+00:00
[2025-12-27T07:27:49.786+0000] {processor.py:208} INFO - Processing /opt/airflow/dags/fraud_detection_training_dag.py took 0.064 seconds
[2025-12-27T07:30:38.781+0000] {processor.py:186} INFO - Started process (PID=50) to work on /opt/airflow/dags/fraud_detection_training_dag.py
[2025-12-27T07:30:38.782+0000] {processor.py:914} INFO - Processing file /opt/airflow/dags/fraud_detection_training_dag.py for tasks to queue
[2025-12-27T07:30:38.783+0000] {logging_mixin.py:190} INFO - [2025-12-27T07:30:38.783+0000] {dagbag.py:588} INFO - Filling up the DagBag from /opt/airflow/dags/fraud_detection_training_dag.py
[2025-12-27T07:30:38.794+0000] {processor.py:925} INFO - DAG(s) 'fraud_detection_training' retrieved from /opt/airflow/dags/fraud_detection_training_dag.py
[2025-12-27T07:30:38.923+0000] {logging_mixin.py:190} INFO - [2025-12-27T07:30:38.923+0000] {override.py:1912} INFO - Created Permission View: can read on DAG:fraud_detection_training
[2025-12-27T07:30:38.928+0000] {logging_mixin.py:190} INFO - [2025-12-27T07:30:38.927+0000] {override.py:1912} INFO - Created Permission View: can edit on DAG:fraud_detection_training
[2025-12-27T07:30:38.931+0000] {logging_mixin.py:190} INFO - [2025-12-27T07:30:38.931+0000] {override.py:1912} INFO - Created Permission View: can delete on DAG:fraud_detection_training
[2025-12-27T07:30:38.934+0000] {logging_mixin.py:190} INFO - [2025-12-27T07:30:38.934+0000] {override.py:1912} INFO - Created Permission View: can read on DAG Run:fraud_detection_training
[2025-12-27T07:30:38.937+0000] {logging_mixin.py:190} INFO - [2025-12-27T07:30:38.937+0000] {override.py:1912} INFO - Created Permission View: menu access on DAG Run:fraud_detection_training
[2025-12-27T07:30:38.940+0000] {logging_mixin.py:190} INFO - [2025-12-27T07:30:38.940+0000] {override.py:1912} INFO - Created Permission View: can create on DAG Run:fraud_detection_training
[2025-12-27T07:30:38.944+0000] {logging_mixin.py:190} INFO - [2025-12-27T07:30:38.943+0000] {override.py:1912} INFO - Created Permission View: can delete on DAG Run:fraud_detection_training
[2025-12-27T07:30:38.944+0000] {logging_mixin.py:190} INFO - [2025-12-27T07:30:38.944+0000] {dag.py:3239} INFO - Sync 1 DAGs
[2025-12-27T07:30:38.951+0000] {logging_mixin.py:190} INFO - [2025-12-27T07:30:38.950+0000] {dag.py:3262} INFO - Creating ORM DAG for fraud_detection_training
[2025-12-27T07:30:38.955+0000] {logging_mixin.py:190} INFO - [2025-12-27T07:30:38.955+0000] {dag.py:4180} INFO - Setting next_dagrun for fraud_detection_training to 2025-12-26 03:00:00+00:00, run_after=2025-12-27 03:00:00+00:00
[2025-12-27T07:30:38.965+0000] {processor.py:208} INFO - Processing /opt/airflow/dags/fraud_detection_training_dag.py took 0.187 seconds
[2025-12-27T07:31:09.037+0000] {processor.py:186} INFO - Started process (PID=57) to work on /opt/airflow/dags/fraud_detection_training_dag.py
[2025-12-27T07:31:09.038+0000] {processor.py:914} INFO - Processing file /opt/airflow/dags/fraud_detection_training_dag.py for tasks to queue
[2025-12-27T07:31:09.041+0000] {logging_mixin.py:190} INFO - [2025-12-27T07:31:09.040+0000] {dagbag.py:588} INFO - Filling up the DagBag from /opt/airflow/dags/fraud_detection_training_dag.py
[2025-12-27T07:31:09.089+0000] {processor.py:925} INFO - DAG(s) 'fraud_detection_training' retrieved from /opt/airflow/dags/fraud_detection_training_dag.py
[2025-12-27T07:31:09.148+0000] {logging_mixin.py:190} INFO - [2025-12-27T07:31:09.148+0000] {dag.py:3239} INFO - Sync 1 DAGs
[2025-12-27T07:31:09.168+0000] {logging_mixin.py:190} INFO - [2025-12-27T07:31:09.168+0000] {dag.py:4180} INFO - Setting next_dagrun for fraud_detection_training to 2025-12-26 03:00:00+00:00, run_after=2025-12-27 03:00:00+00:00
[2025-12-27T07:31:09.179+0000] {processor.py:208} INFO - Processing /opt/airflow/dags/fraud_detection_training_dag.py took 0.148 seconds
[2025-12-27T07:31:39.280+0000] {processor.py:186} INFO - Started process (PID=70) to work on /opt/airflow/dags/fraud_detection_training_dag.py
[2025-12-27T07:31:39.281+0000] {processor.py:914} INFO - Processing file /opt/airflow/dags/fraud_detection_training_dag.py for tasks to queue
[2025-12-27T07:31:39.284+0000] {logging_mixin.py:190} INFO - [2025-12-27T07:31:39.283+0000] {dagbag.py:588} INFO - Filling up the DagBag from /opt/airflow/dags/fraud_detection_training_dag.py
[2025-12-27T07:31:39.303+0000] {processor.py:925} INFO - DAG(s) 'fraud_detection_training' retrieved from /opt/airflow/dags/fraud_detection_training_dag.py
[2025-12-27T07:31:39.329+0000] {logging_mixin.py:190} INFO - [2025-12-27T07:31:39.328+0000] {dag.py:3239} INFO - Sync 1 DAGs
[2025-12-27T07:31:39.347+0000] {logging_mixin.py:190} INFO - [2025-12-27T07:31:39.346+0000] {dag.py:4180} INFO - Setting next_dagrun for fraud_detection_training to 2025-12-27 03:00:00+00:00, run_after=2025-12-28 03:00:00+00:00
[2025-12-27T07:31:39.356+0000] {processor.py:208} INFO - Processing /opt/airflow/dags/fraud_detection_training_dag.py took 0.083 seconds
[2025-12-27T07:32:09.424+0000] {processor.py:186} INFO - Started process (PID=76) to work on /opt/airflow/dags/fraud_detection_training_dag.py
[2025-12-27T07:32:09.425+0000] {processor.py:914} INFO - Processing file /opt/airflow/dags/fraud_detection_training_dag.py for tasks to queue
[2025-12-27T07:32:09.428+0000] {logging_mixin.py:190} INFO - [2025-12-27T07:32:09.427+0000] {dagbag.py:588} INFO - Filling up the DagBag from /opt/airflow/dags/fraud_detection_training_dag.py
[2025-12-27T07:32:09.439+0000] {processor.py:925} INFO - DAG(s) 'fraud_detection_training' retrieved from /opt/airflow/dags/fraud_detection_training_dag.py
[2025-12-27T07:32:09.464+0000] {logging_mixin.py:190} INFO - [2025-12-27T07:32:09.464+0000] {dag.py:3239} INFO - Sync 1 DAGs
[2025-12-27T07:32:09.479+0000] {logging_mixin.py:190} INFO - [2025-12-27T07:32:09.478+0000] {dag.py:4180} INFO - Setting next_dagrun for fraud_detection_training to 2025-12-27 03:00:00+00:00, run_after=2025-12-28 03:00:00+00:00
[2025-12-27T07:32:09.489+0000] {processor.py:208} INFO - Processing /opt/airflow/dags/fraud_detection_training_dag.py took 0.070 seconds
[2025-12-27T07:32:39.596+0000] {processor.py:186} INFO - Started process (PID=77) to work on /opt/airflow/dags/fraud_detection_training_dag.py
[2025-12-27T07:32:39.597+0000] {processor.py:914} INFO - Processing file /opt/airflow/dags/fraud_detection_training_dag.py for tasks to queue
[2025-12-27T07:32:39.604+0000] {logging_mixin.py:190} INFO - [2025-12-27T07:32:39.604+0000] {dagbag.py:588} INFO - Filling up the DagBag from /opt/airflow/dags/fraud_detection_training_dag.py
[2025-12-27T07:32:39.620+0000] {processor.py:925} INFO - DAG(s) 'fraud_detection_training' retrieved from /opt/airflow/dags/fraud_detection_training_dag.py
[2025-12-27T07:32:39.647+0000] {logging_mixin.py:190} INFO - [2025-12-27T07:32:39.647+0000] {dag.py:3239} INFO - Sync 1 DAGs
[2025-12-27T07:32:39.670+0000] {logging_mixin.py:190} INFO - [2025-12-27T07:32:39.670+0000] {dag.py:4180} INFO - Setting next_dagrun for fraud_detection_training to 2025-12-27 03:00:00+00:00, run_after=2025-12-28 03:00:00+00:00
[2025-12-27T07:32:39.683+0000] {processor.py:208} INFO - Processing /opt/airflow/dags/fraud_detection_training_dag.py took 0.093 seconds
[2025-12-27T07:33:09.804+0000] {processor.py:186} INFO - Started process (PID=84) to work on /opt/airflow/dags/fraud_detection_training_dag.py
[2025-12-27T07:33:09.805+0000] {processor.py:914} INFO - Processing file /opt/airflow/dags/fraud_detection_training_dag.py for tasks to queue
[2025-12-27T07:33:09.807+0000] {logging_mixin.py:190} INFO - [2025-12-27T07:33:09.807+0000] {dagbag.py:588} INFO - Filling up the DagBag from /opt/airflow/dags/fraud_detection_training_dag.py
[2025-12-27T07:33:09.825+0000] {processor.py:925} INFO - DAG(s) 'fraud_detection_training' retrieved from /opt/airflow/dags/fraud_detection_training_dag.py
[2025-12-27T07:33:09.848+0000] {logging_mixin.py:190} INFO - [2025-12-27T07:33:09.848+0000] {dag.py:3239} INFO - Sync 1 DAGs
[2025-12-27T07:33:09.865+0000] {logging_mixin.py:190} INFO - [2025-12-27T07:33:09.865+0000] {dag.py:4180} INFO - Setting next_dagrun for fraud_detection_training to 2025-12-27 03:00:00+00:00, run_after=2025-12-28 03:00:00+00:00
[2025-12-27T07:33:09.878+0000] {processor.py:208} INFO - Processing /opt/airflow/dags/fraud_detection_training_dag.py took 0.084 seconds
[2025-12-27T07:33:39.948+0000] {processor.py:186} INFO - Started process (PID=85) to work on /opt/airflow/dags/fraud_detection_training_dag.py
[2025-12-27T07:33:39.949+0000] {processor.py:914} INFO - Processing file /opt/airflow/dags/fraud_detection_training_dag.py for tasks to queue
[2025-12-27T07:33:39.951+0000] {logging_mixin.py:190} INFO - [2025-12-27T07:33:39.951+0000] {dagbag.py:588} INFO - Filling up the DagBag from /opt/airflow/dags/fraud_detection_training_dag.py
[2025-12-27T07:33:39.963+0000] {processor.py:925} INFO - DAG(s) 'fraud_detection_training' retrieved from /opt/airflow/dags/fraud_detection_training_dag.py
[2025-12-27T07:33:40.010+0000] {logging_mixin.py:190} INFO - [2025-12-27T07:33:40.010+0000] {dag.py:3239} INFO - Sync 1 DAGs
[2025-12-27T07:33:40.043+0000] {logging_mixin.py:190} INFO - [2025-12-27T07:33:40.040+0000] {dag.py:4180} INFO - Setting next_dagrun for fraud_detection_training to 2025-12-27 03:00:00+00:00, run_after=2025-12-28 03:00:00+00:00
[2025-12-27T07:33:40.070+0000] {processor.py:208} INFO - Processing /opt/airflow/dags/fraud_detection_training_dag.py took 0.127 seconds
[2025-12-27T07:34:10.163+0000] {processor.py:186} INFO - Started process (PID=92) to work on /opt/airflow/dags/fraud_detection_training_dag.py
[2025-12-27T07:34:10.166+0000] {processor.py:914} INFO - Processing file /opt/airflow/dags/fraud_detection_training_dag.py for tasks to queue
[2025-12-27T07:34:10.173+0000] {logging_mixin.py:190} INFO - [2025-12-27T07:34:10.173+0000] {dagbag.py:588} INFO - Filling up the DagBag from /opt/airflow/dags/fraud_detection_training_dag.py
[2025-12-27T07:34:10.199+0000] {processor.py:925} INFO - DAG(s) 'fraud_detection_training' retrieved from /opt/airflow/dags/fraud_detection_training_dag.py
[2025-12-27T07:34:10.244+0000] {logging_mixin.py:190} INFO - [2025-12-27T07:34:10.243+0000] {dag.py:3239} INFO - Sync 1 DAGs
[2025-12-27T07:34:10.278+0000] {logging_mixin.py:190} INFO - [2025-12-27T07:34:10.277+0000] {dag.py:4180} INFO - Setting next_dagrun for fraud_detection_training to 2025-12-27 03:00:00+00:00, run_after=2025-12-28 03:00:00+00:00
[2025-12-27T07:34:10.288+0000] {processor.py:208} INFO - Processing /opt/airflow/dags/fraud_detection_training_dag.py took 0.137 seconds
[2025-12-27T07:34:40.470+0000] {processor.py:186} INFO - Started process (PID=93) to work on /opt/airflow/dags/fraud_detection_training_dag.py
[2025-12-27T07:34:40.471+0000] {processor.py:914} INFO - Processing file /opt/airflow/dags/fraud_detection_training_dag.py for tasks to queue
[2025-12-27T07:34:40.474+0000] {logging_mixin.py:190} INFO - [2025-12-27T07:34:40.474+0000] {dagbag.py:588} INFO - Filling up the DagBag from /opt/airflow/dags/fraud_detection_training_dag.py
[2025-12-27T07:34:40.492+0000] {processor.py:925} INFO - DAG(s) 'fraud_detection_training' retrieved from /opt/airflow/dags/fraud_detection_training_dag.py
[2025-12-27T07:34:40.534+0000] {logging_mixin.py:190} INFO - [2025-12-27T07:34:40.534+0000] {dag.py:3239} INFO - Sync 1 DAGs
[2025-12-27T07:34:40.565+0000] {logging_mixin.py:190} INFO - [2025-12-27T07:34:40.565+0000] {dag.py:4180} INFO - Setting next_dagrun for fraud_detection_training to 2025-12-27 03:00:00+00:00, run_after=2025-12-28 03:00:00+00:00
[2025-12-27T07:34:40.584+0000] {processor.py:208} INFO - Processing /opt/airflow/dags/fraud_detection_training_dag.py took 0.127 seconds
[2025-12-27T07:35:10.611+0000] {processor.py:186} INFO - Started process (PID=100) to work on /opt/airflow/dags/fraud_detection_training_dag.py
[2025-12-27T07:35:10.611+0000] {processor.py:914} INFO - Processing file /opt/airflow/dags/fraud_detection_training_dag.py for tasks to queue
[2025-12-27T07:35:10.615+0000] {logging_mixin.py:190} INFO - [2025-12-27T07:35:10.615+0000] {dagbag.py:588} INFO - Filling up the DagBag from /opt/airflow/dags/fraud_detection_training_dag.py
[2025-12-27T07:35:10.638+0000] {processor.py:925} INFO - DAG(s) 'fraud_detection_training' retrieved from /opt/airflow/dags/fraud_detection_training_dag.py
[2025-12-27T07:35:10.670+0000] {logging_mixin.py:190} INFO - [2025-12-27T07:35:10.669+0000] {dag.py:3239} INFO - Sync 1 DAGs
[2025-12-27T07:35:10.689+0000] {logging_mixin.py:190} INFO - [2025-12-27T07:35:10.689+0000] {dag.py:4180} INFO - Setting next_dagrun for fraud_detection_training to 2025-12-27 03:00:00+00:00, run_after=2025-12-28 03:00:00+00:00
[2025-12-27T07:35:10.701+0000] {processor.py:208} INFO - Processing /opt/airflow/dags/fraud_detection_training_dag.py took 0.098 seconds
[2025-12-27T07:35:40.831+0000] {processor.py:186} INFO - Started process (PID=101) to work on /opt/airflow/dags/fraud_detection_training_dag.py
[2025-12-27T07:35:40.832+0000] {processor.py:914} INFO - Processing file /opt/airflow/dags/fraud_detection_training_dag.py for tasks to queue
[2025-12-27T07:35:40.834+0000] {logging_mixin.py:190} INFO - [2025-12-27T07:35:40.834+0000] {dagbag.py:588} INFO - Filling up the DagBag from /opt/airflow/dags/fraud_detection_training_dag.py
[2025-12-27T07:35:40.844+0000] {processor.py:925} INFO - DAG(s) 'fraud_detection_training' retrieved from /opt/airflow/dags/fraud_detection_training_dag.py
[2025-12-27T07:35:40.867+0000] {logging_mixin.py:190} INFO - [2025-12-27T07:35:40.866+0000] {dag.py:3239} INFO - Sync 1 DAGs
[2025-12-27T07:35:40.880+0000] {logging_mixin.py:190} INFO - [2025-12-27T07:35:40.880+0000] {dag.py:4180} INFO - Setting next_dagrun for fraud_detection_training to 2025-12-27 03:00:00+00:00, run_after=2025-12-28 03:00:00+00:00
[2025-12-27T07:35:40.890+0000] {processor.py:208} INFO - Processing /opt/airflow/dags/fraud_detection_training_dag.py took 0.064 seconds
[2025-12-27T07:36:11.007+0000] {processor.py:186} INFO - Started process (PID=108) to work on /opt/airflow/dags/fraud_detection_training_dag.py
[2025-12-27T07:36:11.008+0000] {processor.py:914} INFO - Processing file /opt/airflow/dags/fraud_detection_training_dag.py for tasks to queue
[2025-12-27T07:36:11.011+0000] {logging_mixin.py:190} INFO - [2025-12-27T07:36:11.011+0000] {dagbag.py:588} INFO - Filling up the DagBag from /opt/airflow/dags/fraud_detection_training_dag.py
[2025-12-27T07:36:11.020+0000] {processor.py:925} INFO - DAG(s) 'fraud_detection_training' retrieved from /opt/airflow/dags/fraud_detection_training_dag.py
[2025-12-27T07:36:11.038+0000] {logging_mixin.py:190} INFO - [2025-12-27T07:36:11.037+0000] {dag.py:3239} INFO - Sync 1 DAGs
[2025-12-27T07:36:11.051+0000] {logging_mixin.py:190} INFO - [2025-12-27T07:36:11.051+0000] {dag.py:4180} INFO - Setting next_dagrun for fraud_detection_training to 2025-12-27 03:00:00+00:00, run_after=2025-12-28 03:00:00+00:00
[2025-12-27T07:36:11.060+0000] {processor.py:208} INFO - Processing /opt/airflow/dags/fraud_detection_training_dag.py took 0.057 seconds
[2025-12-27T07:36:41.135+0000] {processor.py:186} INFO - Started process (PID=109) to work on /opt/airflow/dags/fraud_detection_training_dag.py
[2025-12-27T07:36:41.135+0000] {processor.py:914} INFO - Processing file /opt/airflow/dags/fraud_detection_training_dag.py for tasks to queue
[2025-12-27T07:36:41.139+0000] {logging_mixin.py:190} INFO - [2025-12-27T07:36:41.138+0000] {dagbag.py:588} INFO - Filling up the DagBag from /opt/airflow/dags/fraud_detection_training_dag.py
[2025-12-27T07:36:41.147+0000] {processor.py:925} INFO - DAG(s) 'fraud_detection_training' retrieved from /opt/airflow/dags/fraud_detection_training_dag.py
[2025-12-27T07:36:41.165+0000] {logging_mixin.py:190} INFO - [2025-12-27T07:36:41.165+0000] {dag.py:3239} INFO - Sync 1 DAGs
[2025-12-27T07:36:41.178+0000] {logging_mixin.py:190} INFO - [2025-12-27T07:36:41.178+0000] {dag.py:4180} INFO - Setting next_dagrun for fraud_detection_training to 2025-12-27 03:00:00+00:00, run_after=2025-12-28 03:00:00+00:00
[2025-12-27T07:36:41.188+0000] {processor.py:208} INFO - Processing /opt/airflow/dags/fraud_detection_training_dag.py took 0.059 seconds
[2025-12-27T07:37:11.310+0000] {processor.py:186} INFO - Started process (PID=115) to work on /opt/airflow/dags/fraud_detection_training_dag.py
[2025-12-27T07:37:11.310+0000] {processor.py:914} INFO - Processing file /opt/airflow/dags/fraud_detection_training_dag.py for tasks to queue
[2025-12-27T07:37:11.312+0000] {logging_mixin.py:190} INFO - [2025-12-27T07:37:11.312+0000] {dagbag.py:588} INFO - Filling up the DagBag from /opt/airflow/dags/fraud_detection_training_dag.py
[2025-12-27T07:37:11.324+0000] {processor.py:925} INFO - DAG(s) 'fraud_detection_training' retrieved from /opt/airflow/dags/fraud_detection_training_dag.py
[2025-12-27T07:37:11.344+0000] {logging_mixin.py:190} INFO - [2025-12-27T07:37:11.344+0000] {dag.py:3239} INFO - Sync 1 DAGs
[2025-12-27T07:37:11.359+0000] {logging_mixin.py:190} INFO - [2025-12-27T07:37:11.359+0000] {dag.py:4180} INFO - Setting next_dagrun for fraud_detection_training to 2025-12-27 03:00:00+00:00, run_after=2025-12-28 03:00:00+00:00
[2025-12-27T07:37:11.368+0000] {processor.py:208} INFO - Processing /opt/airflow/dags/fraud_detection_training_dag.py took 0.063 seconds
[2025-12-27T07:37:41.470+0000] {processor.py:186} INFO - Started process (PID=116) to work on /opt/airflow/dags/fraud_detection_training_dag.py
[2025-12-27T07:37:41.471+0000] {processor.py:914} INFO - Processing file /opt/airflow/dags/fraud_detection_training_dag.py for tasks to queue
[2025-12-27T07:37:41.474+0000] {logging_mixin.py:190} INFO - [2025-12-27T07:37:41.473+0000] {dagbag.py:588} INFO - Filling up the DagBag from /opt/airflow/dags/fraud_detection_training_dag.py
[2025-12-27T07:37:41.487+0000] {processor.py:925} INFO - DAG(s) 'fraud_detection_training' retrieved from /opt/airflow/dags/fraud_detection_training_dag.py
[2025-12-27T07:37:41.525+0000] {logging_mixin.py:190} INFO - [2025-12-27T07:37:41.525+0000] {dag.py:3239} INFO - Sync 1 DAGs
[2025-12-27T07:37:41.543+0000] {logging_mixin.py:190} INFO - [2025-12-27T07:37:41.543+0000] {dag.py:4180} INFO - Setting next_dagrun for fraud_detection_training to 2025-12-27 03:00:00+00:00, run_after=2025-12-28 03:00:00+00:00
[2025-12-27T07:37:41.553+0000] {processor.py:208} INFO - Processing /opt/airflow/dags/fraud_detection_training_dag.py took 0.101 seconds
[2025-12-27T07:38:11.619+0000] {processor.py:186} INFO - Started process (PID=123) to work on /opt/airflow/dags/fraud_detection_training_dag.py
[2025-12-27T07:38:11.620+0000] {processor.py:914} INFO - Processing file /opt/airflow/dags/fraud_detection_training_dag.py for tasks to queue
[2025-12-27T07:38:11.623+0000] {logging_mixin.py:190} INFO - [2025-12-27T07:38:11.622+0000] {dagbag.py:588} INFO - Filling up the DagBag from /opt/airflow/dags/fraud_detection_training_dag.py
[2025-12-27T07:38:11.637+0000] {processor.py:925} INFO - DAG(s) 'fraud_detection_training' retrieved from /opt/airflow/dags/fraud_detection_training_dag.py
[2025-12-27T07:38:11.657+0000] {logging_mixin.py:190} INFO - [2025-12-27T07:38:11.657+0000] {dag.py:3239} INFO - Sync 1 DAGs
[2025-12-27T07:38:11.671+0000] {logging_mixin.py:190} INFO - [2025-12-27T07:38:11.671+0000] {dag.py:4180} INFO - Setting next_dagrun for fraud_detection_training to 2025-12-27 03:00:00+00:00, run_after=2025-12-28 03:00:00+00:00
[2025-12-27T07:38:11.684+0000] {processor.py:208} INFO - Processing /opt/airflow/dags/fraud_detection_training_dag.py took 0.072 seconds
[2025-12-27T07:38:41.796+0000] {processor.py:186} INFO - Started process (PID=124) to work on /opt/airflow/dags/fraud_detection_training_dag.py
[2025-12-27T07:38:41.797+0000] {processor.py:914} INFO - Processing file /opt/airflow/dags/fraud_detection_training_dag.py for tasks to queue
[2025-12-27T07:38:41.799+0000] {logging_mixin.py:190} INFO - [2025-12-27T07:38:41.799+0000] {dagbag.py:588} INFO - Filling up the DagBag from /opt/airflow/dags/fraud_detection_training_dag.py
[2025-12-27T07:38:41.812+0000] {processor.py:925} INFO - DAG(s) 'fraud_detection_training' retrieved from /opt/airflow/dags/fraud_detection_training_dag.py
[2025-12-27T07:38:41.832+0000] {logging_mixin.py:190} INFO - [2025-12-27T07:38:41.832+0000] {dag.py:3239} INFO - Sync 1 DAGs
[2025-12-27T07:38:41.847+0000] {logging_mixin.py:190} INFO - [2025-12-27T07:38:41.847+0000] {dag.py:4180} INFO - Setting next_dagrun for fraud_detection_training to 2025-12-27 03:00:00+00:00, run_after=2025-12-28 03:00:00+00:00
[2025-12-27T07:38:41.856+0000] {processor.py:208} INFO - Processing /opt/airflow/dags/fraud_detection_training_dag.py took 0.065 seconds
[2025-12-27T07:39:11.999+0000] {processor.py:186} INFO - Started process (PID=131) to work on /opt/airflow/dags/fraud_detection_training_dag.py
[2025-12-27T07:39:12.000+0000] {processor.py:914} INFO - Processing file /opt/airflow/dags/fraud_detection_training_dag.py for tasks to queue
[2025-12-27T07:39:12.003+0000] {logging_mixin.py:190} INFO - [2025-12-27T07:39:12.003+0000] {dagbag.py:588} INFO - Filling up the DagBag from /opt/airflow/dags/fraud_detection_training_dag.py
[2025-12-27T07:39:12.018+0000] {processor.py:925} INFO - DAG(s) 'fraud_detection_training' retrieved from /opt/airflow/dags/fraud_detection_training_dag.py
[2025-12-27T07:39:12.043+0000] {logging_mixin.py:190} INFO - [2025-12-27T07:39:12.043+0000] {dag.py:3239} INFO - Sync 1 DAGs
[2025-12-27T07:39:12.068+0000] {logging_mixin.py:190} INFO - [2025-12-27T07:39:12.067+0000] {dag.py:4180} INFO - Setting next_dagrun for fraud_detection_training to 2025-12-27 03:00:00+00:00, run_after=2025-12-28 03:00:00+00:00
[2025-12-27T07:39:12.079+0000] {processor.py:208} INFO - Processing /opt/airflow/dags/fraud_detection_training_dag.py took 0.086 seconds
[2025-12-27T07:39:42.221+0000] {processor.py:186} INFO - Started process (PID=132) to work on /opt/airflow/dags/fraud_detection_training_dag.py
[2025-12-27T07:39:42.222+0000] {processor.py:914} INFO - Processing file /opt/airflow/dags/fraud_detection_training_dag.py for tasks to queue
[2025-12-27T07:39:42.225+0000] {logging_mixin.py:190} INFO - [2025-12-27T07:39:42.225+0000] {dagbag.py:588} INFO - Filling up the DagBag from /opt/airflow/dags/fraud_detection_training_dag.py
[2025-12-27T07:39:42.237+0000] {processor.py:925} INFO - DAG(s) 'fraud_detection_training' retrieved from /opt/airflow/dags/fraud_detection_training_dag.py
[2025-12-27T07:39:42.260+0000] {logging_mixin.py:190} INFO - [2025-12-27T07:39:42.260+0000] {dag.py:3239} INFO - Sync 1 DAGs
[2025-12-27T07:39:42.275+0000] {logging_mixin.py:190} INFO - [2025-12-27T07:39:42.275+0000] {dag.py:4180} INFO - Setting next_dagrun for fraud_detection_training to 2025-12-27 03:00:00+00:00, run_after=2025-12-28 03:00:00+00:00
[2025-12-27T07:39:42.285+0000] {processor.py:208} INFO - Processing /opt/airflow/dags/fraud_detection_training_dag.py took 0.069 seconds
[2025-12-27T07:40:12.346+0000] {processor.py:186} INFO - Started process (PID=139) to work on /opt/airflow/dags/fraud_detection_training_dag.py
[2025-12-27T07:40:12.346+0000] {processor.py:914} INFO - Processing file /opt/airflow/dags/fraud_detection_training_dag.py for tasks to queue
[2025-12-27T07:40:12.348+0000] {logging_mixin.py:190} INFO - [2025-12-27T07:40:12.348+0000] {dagbag.py:588} INFO - Filling up the DagBag from /opt/airflow/dags/fraud_detection_training_dag.py
[2025-12-27T07:40:12.355+0000] {processor.py:925} INFO - DAG(s) 'fraud_detection_training' retrieved from /opt/airflow/dags/fraud_detection_training_dag.py
[2025-12-27T07:40:12.372+0000] {logging_mixin.py:190} INFO - [2025-12-27T07:40:12.372+0000] {dag.py:3239} INFO - Sync 1 DAGs
[2025-12-27T07:40:12.388+0000] {logging_mixin.py:190} INFO - [2025-12-27T07:40:12.388+0000] {dag.py:4180} INFO - Setting next_dagrun for fraud_detection_training to 2025-12-27 03:00:00+00:00, run_after=2025-12-28 03:00:00+00:00
[2025-12-27T07:40:12.396+0000] {processor.py:208} INFO - Processing /opt/airflow/dags/fraud_detection_training_dag.py took 0.053 seconds
[2025-12-27T07:40:42.611+0000] {processor.py:186} INFO - Started process (PID=140) to work on /opt/airflow/dags/fraud_detection_training_dag.py
[2025-12-27T07:40:42.612+0000] {processor.py:914} INFO - Processing file /opt/airflow/dags/fraud_detection_training_dag.py for tasks to queue
[2025-12-27T07:40:42.616+0000] {logging_mixin.py:190} INFO - [2025-12-27T07:40:42.615+0000] {dagbag.py:588} INFO - Filling up the DagBag from /opt/airflow/dags/fraud_detection_training_dag.py
[2025-12-27T07:40:42.632+0000] {processor.py:925} INFO - DAG(s) 'fraud_detection_training' retrieved from /opt/airflow/dags/fraud_detection_training_dag.py
[2025-12-27T07:40:42.662+0000] {logging_mixin.py:190} INFO - [2025-12-27T07:40:42.662+0000] {dag.py:3239} INFO - Sync 1 DAGs
[2025-12-27T07:40:42.681+0000] {logging_mixin.py:190} INFO - [2025-12-27T07:40:42.681+0000] {dag.py:4180} INFO - Setting next_dagrun for fraud_detection_training to 2025-12-27 03:00:00+00:00, run_after=2025-12-28 03:00:00+00:00
[2025-12-27T07:40:42.695+0000] {processor.py:208} INFO - Processing /opt/airflow/dags/fraud_detection_training_dag.py took 0.096 seconds
[2025-12-27T07:41:12.737+0000] {processor.py:186} INFO - Started process (PID=147) to work on /opt/airflow/dags/fraud_detection_training_dag.py
[2025-12-27T07:41:12.738+0000] {processor.py:914} INFO - Processing file /opt/airflow/dags/fraud_detection_training_dag.py for tasks to queue
[2025-12-27T07:41:12.740+0000] {logging_mixin.py:190} INFO - [2025-12-27T07:41:12.740+0000] {dagbag.py:588} INFO - Filling up the DagBag from /opt/airflow/dags/fraud_detection_training_dag.py
[2025-12-27T07:41:12.753+0000] {processor.py:925} INFO - DAG(s) 'fraud_detection_training' retrieved from /opt/airflow/dags/fraud_detection_training_dag.py
[2025-12-27T07:41:12.780+0000] {logging_mixin.py:190} INFO - [2025-12-27T07:41:12.779+0000] {dag.py:3239} INFO - Sync 1 DAGs
[2025-12-27T07:41:12.795+0000] {logging_mixin.py:190} INFO - [2025-12-27T07:41:12.795+0000] {dag.py:4180} INFO - Setting next_dagrun for fraud_detection_training to 2025-12-27 03:00:00+00:00, run_after=2025-12-28 03:00:00+00:00
[2025-12-27T07:41:12.806+0000] {processor.py:208} INFO - Processing /opt/airflow/dags/fraud_detection_training_dag.py took 0.074 seconds
[2025-12-27T07:41:42.849+0000] {processor.py:186} INFO - Started process (PID=148) to work on /opt/airflow/dags/fraud_detection_training_dag.py
[2025-12-27T07:41:42.849+0000] {processor.py:914} INFO - Processing file /opt/airflow/dags/fraud_detection_training_dag.py for tasks to queue
[2025-12-27T07:41:42.850+0000] {logging_mixin.py:190} INFO - [2025-12-27T07:41:42.850+0000] {dagbag.py:588} INFO - Filling up the DagBag from /opt/airflow/dags/fraud_detection_training_dag.py
[2025-12-27T07:41:42.856+0000] {processor.py:925} INFO - DAG(s) 'fraud_detection_training' retrieved from /opt/airflow/dags/fraud_detection_training_dag.py
[2025-12-27T07:41:42.873+0000] {logging_mixin.py:190} INFO - [2025-12-27T07:41:42.872+0000] {dag.py:3239} INFO - Sync 1 DAGs
[2025-12-27T07:41:42.885+0000] {logging_mixin.py:190} INFO - [2025-12-27T07:41:42.885+0000] {dag.py:4180} INFO - Setting next_dagrun for fraud_detection_training to 2025-12-27 03:00:00+00:00, run_after=2025-12-28 03:00:00+00:00
[2025-12-27T07:41:42.893+0000] {processor.py:208} INFO - Processing /opt/airflow/dags/fraud_detection_training_dag.py took 0.048 seconds
[2025-12-27T07:42:12.986+0000] {processor.py:186} INFO - Started process (PID=155) to work on /opt/airflow/dags/fraud_detection_training_dag.py
[2025-12-27T07:42:12.986+0000] {processor.py:914} INFO - Processing file /opt/airflow/dags/fraud_detection_training_dag.py for tasks to queue
[2025-12-27T07:42:12.989+0000] {logging_mixin.py:190} INFO - [2025-12-27T07:42:12.989+0000] {dagbag.py:588} INFO - Filling up the DagBag from /opt/airflow/dags/fraud_detection_training_dag.py
[2025-12-27T07:42:13.000+0000] {processor.py:925} INFO - DAG(s) 'fraud_detection_training' retrieved from /opt/airflow/dags/fraud_detection_training_dag.py
[2025-12-27T07:42:13.020+0000] {logging_mixin.py:190} INFO - [2025-12-27T07:42:13.019+0000] {dag.py:3239} INFO - Sync 1 DAGs
[2025-12-27T07:42:13.036+0000] {logging_mixin.py:190} INFO - [2025-12-27T07:42:13.036+0000] {dag.py:4180} INFO - Setting next_dagrun for fraud_detection_training to 2025-12-27 03:00:00+00:00, run_after=2025-12-28 03:00:00+00:00
[2025-12-27T07:42:13.046+0000] {processor.py:208} INFO - Processing /opt/airflow/dags/fraud_detection_training_dag.py took 0.066 seconds
[2025-12-27T07:42:43.127+0000] {processor.py:186} INFO - Started process (PID=156) to work on /opt/airflow/dags/fraud_detection_training_dag.py
[2025-12-27T07:42:43.128+0000] {processor.py:914} INFO - Processing file /opt/airflow/dags/fraud_detection_training_dag.py for tasks to queue
[2025-12-27T07:42:43.130+0000] {logging_mixin.py:190} INFO - [2025-12-27T07:42:43.130+0000] {dagbag.py:588} INFO - Filling up the DagBag from /opt/airflow/dags/fraud_detection_training_dag.py
[2025-12-27T07:42:43.142+0000] {processor.py:925} INFO - DAG(s) 'fraud_detection_training' retrieved from /opt/airflow/dags/fraud_detection_training_dag.py
[2025-12-27T07:42:43.165+0000] {logging_mixin.py:190} INFO - [2025-12-27T07:42:43.165+0000] {dag.py:3239} INFO - Sync 1 DAGs
[2025-12-27T07:42:43.180+0000] {logging_mixin.py:190} INFO - [2025-12-27T07:42:43.180+0000] {dag.py:4180} INFO - Setting next_dagrun for fraud_detection_training to 2025-12-27 03:00:00+00:00, run_after=2025-12-28 03:00:00+00:00
[2025-12-27T07:42:43.192+0000] {processor.py:208} INFO - Processing /opt/airflow/dags/fraud_detection_training_dag.py took 0.070 seconds
[2025-12-27T07:43:13.322+0000] {processor.py:186} INFO - Started process (PID=162) to work on /opt/airflow/dags/fraud_detection_training_dag.py
[2025-12-27T07:43:13.323+0000] {processor.py:914} INFO - Processing file /opt/airflow/dags/fraud_detection_training_dag.py for tasks to queue
[2025-12-27T07:43:13.326+0000] {logging_mixin.py:190} INFO - [2025-12-27T07:43:13.325+0000] {dagbag.py:588} INFO - Filling up the DagBag from /opt/airflow/dags/fraud_detection_training_dag.py
[2025-12-27T07:43:13.343+0000] {processor.py:925} INFO - DAG(s) 'fraud_detection_training' retrieved from /opt/airflow/dags/fraud_detection_training_dag.py
[2025-12-27T07:43:13.369+0000] {logging_mixin.py:190} INFO - [2025-12-27T07:43:13.368+0000] {dag.py:3239} INFO - Sync 1 DAGs
[2025-12-27T07:43:13.384+0000] {logging_mixin.py:190} INFO - [2025-12-27T07:43:13.384+0000] {dag.py:4180} INFO - Setting next_dagrun for fraud_detection_training to 2025-12-27 03:00:00+00:00, run_after=2025-12-28 03:00:00+00:00
[2025-12-27T07:43:13.394+0000] {processor.py:208} INFO - Processing /opt/airflow/dags/fraud_detection_training_dag.py took 0.077 seconds
[2025-12-27T07:43:43.442+0000] {processor.py:186} INFO - Started process (PID=163) to work on /opt/airflow/dags/fraud_detection_training_dag.py
[2025-12-27T07:43:43.443+0000] {processor.py:914} INFO - Processing file /opt/airflow/dags/fraud_detection_training_dag.py for tasks to queue
[2025-12-27T07:43:43.444+0000] {logging_mixin.py:190} INFO - [2025-12-27T07:43:43.444+0000] {dagbag.py:588} INFO - Filling up the DagBag from /opt/airflow/dags/fraud_detection_training_dag.py
[2025-12-27T07:43:43.454+0000] {processor.py:925} INFO - DAG(s) 'fraud_detection_training' retrieved from /opt/airflow/dags/fraud_detection_training_dag.py
[2025-12-27T07:43:43.476+0000] {logging_mixin.py:190} INFO - [2025-12-27T07:43:43.475+0000] {dag.py:3239} INFO - Sync 1 DAGs
[2025-12-27T07:43:43.489+0000] {logging_mixin.py:190} INFO - [2025-12-27T07:43:43.489+0000] {dag.py:4180} INFO - Setting next_dagrun for fraud_detection_training to 2025-12-27 03:00:00+00:00, run_after=2025-12-28 03:00:00+00:00
[2025-12-27T07:43:43.499+0000] {processor.py:208} INFO - Processing /opt/airflow/dags/fraud_detection_training_dag.py took 0.059 seconds
[2025-12-27T07:44:13.617+0000] {processor.py:186} INFO - Started process (PID=170) to work on /opt/airflow/dags/fraud_detection_training_dag.py
[2025-12-27T07:44:13.617+0000] {processor.py:914} INFO - Processing file /opt/airflow/dags/fraud_detection_training_dag.py for tasks to queue
[2025-12-27T07:44:13.620+0000] {logging_mixin.py:190} INFO - [2025-12-27T07:44:13.620+0000] {dagbag.py:588} INFO - Filling up the DagBag from /opt/airflow/dags/fraud_detection_training_dag.py
[2025-12-27T07:44:13.632+0000] {processor.py:925} INFO - DAG(s) 'fraud_detection_training' retrieved from /opt/airflow/dags/fraud_detection_training_dag.py
[2025-12-27T07:44:13.653+0000] {logging_mixin.py:190} INFO - [2025-12-27T07:44:13.653+0000] {dag.py:3239} INFO - Sync 1 DAGs
[2025-12-27T07:44:13.668+0000] {logging_mixin.py:190} INFO - [2025-12-27T07:44:13.668+0000] {dag.py:4180} INFO - Setting next_dagrun for fraud_detection_training to 2025-12-27 03:00:00+00:00, run_after=2025-12-28 03:00:00+00:00
[2025-12-27T07:44:13.679+0000] {processor.py:208} INFO - Processing /opt/airflow/dags/fraud_detection_training_dag.py took 0.068 seconds
[2025-12-27T07:44:43.862+0000] {processor.py:186} INFO - Started process (PID=177) to work on /opt/airflow/dags/fraud_detection_training_dag.py
[2025-12-27T07:44:43.863+0000] {processor.py:914} INFO - Processing file /opt/airflow/dags/fraud_detection_training_dag.py for tasks to queue
[2025-12-27T07:44:43.865+0000] {logging_mixin.py:190} INFO - [2025-12-27T07:44:43.865+0000] {dagbag.py:588} INFO - Filling up the DagBag from /opt/airflow/dags/fraud_detection_training_dag.py
[2025-12-27T07:44:43.876+0000] {processor.py:925} INFO - DAG(s) 'fraud_detection_training' retrieved from /opt/airflow/dags/fraud_detection_training_dag.py
[2025-12-27T07:44:43.900+0000] {logging_mixin.py:190} INFO - [2025-12-27T07:44:43.899+0000] {dag.py:3239} INFO - Sync 1 DAGs
[2025-12-27T07:44:43.915+0000] {logging_mixin.py:190} INFO - [2025-12-27T07:44:43.914+0000] {dag.py:4180} INFO - Setting next_dagrun for fraud_detection_training to 2025-12-27 03:00:00+00:00, run_after=2025-12-28 03:00:00+00:00
[2025-12-27T07:44:43.924+0000] {processor.py:208} INFO - Processing /opt/airflow/dags/fraud_detection_training_dag.py took 0.067 seconds
[2025-12-27T07:45:13.984+0000] {processor.py:186} INFO - Started process (PID=178) to work on /opt/airflow/dags/fraud_detection_training_dag.py
[2025-12-27T07:45:13.984+0000] {processor.py:914} INFO - Processing file /opt/airflow/dags/fraud_detection_training_dag.py for tasks to queue
[2025-12-27T07:45:13.985+0000] {logging_mixin.py:190} INFO - [2025-12-27T07:45:13.985+0000] {dagbag.py:588} INFO - Filling up the DagBag from /opt/airflow/dags/fraud_detection_training_dag.py
[2025-12-27T07:45:13.991+0000] {processor.py:925} INFO - DAG(s) 'fraud_detection_training' retrieved from /opt/airflow/dags/fraud_detection_training_dag.py
[2025-12-27T07:45:14.009+0000] {logging_mixin.py:190} INFO - [2025-12-27T07:45:14.009+0000] {dag.py:3239} INFO - Sync 1 DAGs
[2025-12-27T07:45:14.023+0000] {logging_mixin.py:190} INFO - [2025-12-27T07:45:14.022+0000] {dag.py:4180} INFO - Setting next_dagrun for fraud_detection_training to 2025-12-27 03:00:00+00:00, run_after=2025-12-28 03:00:00+00:00
[2025-12-27T07:45:14.031+0000] {processor.py:208} INFO - Processing /opt/airflow/dags/fraud_detection_training_dag.py took 0.050 seconds
[2025-12-27T07:45:44.150+0000] {processor.py:186} INFO - Started process (PID=185) to work on /opt/airflow/dags/fraud_detection_training_dag.py
[2025-12-27T07:45:44.150+0000] {processor.py:914} INFO - Processing file /opt/airflow/dags/fraud_detection_training_dag.py for tasks to queue
[2025-12-27T07:45:44.151+0000] {logging_mixin.py:190} INFO - [2025-12-27T07:45:44.151+0000] {dagbag.py:588} INFO - Filling up the DagBag from /opt/airflow/dags/fraud_detection_training_dag.py
[2025-12-27T07:45:44.158+0000] {processor.py:925} INFO - DAG(s) 'fraud_detection_training' retrieved from /opt/airflow/dags/fraud_detection_training_dag.py
[2025-12-27T07:45:44.173+0000] {logging_mixin.py:190} INFO - [2025-12-27T07:45:44.173+0000] {dag.py:3239} INFO - Sync 1 DAGs
[2025-12-27T07:45:44.184+0000] {logging_mixin.py:190} INFO - [2025-12-27T07:45:44.184+0000] {dag.py:4180} INFO - Setting next_dagrun for fraud_detection_training to 2025-12-27 03:00:00+00:00, run_after=2025-12-28 03:00:00+00:00
[2025-12-27T07:45:44.192+0000] {processor.py:208} INFO - Processing /opt/airflow/dags/fraud_detection_training_dag.py took 0.045 seconds
[2025-12-27T07:46:14.294+0000] {processor.py:186} INFO - Started process (PID=186) to work on /opt/airflow/dags/fraud_detection_training_dag.py
[2025-12-27T07:46:14.295+0000] {processor.py:914} INFO - Processing file /opt/airflow/dags/fraud_detection_training_dag.py for tasks to queue
[2025-12-27T07:46:14.297+0000] {logging_mixin.py:190} INFO - [2025-12-27T07:46:14.296+0000] {dagbag.py:588} INFO - Filling up the DagBag from /opt/airflow/dags/fraud_detection_training_dag.py
[2025-12-27T07:46:14.309+0000] {processor.py:925} INFO - DAG(s) 'fraud_detection_training' retrieved from /opt/airflow/dags/fraud_detection_training_dag.py
[2025-12-27T07:46:14.332+0000] {logging_mixin.py:190} INFO - [2025-12-27T07:46:14.331+0000] {dag.py:3239} INFO - Sync 1 DAGs
[2025-12-27T07:46:14.345+0000] {logging_mixin.py:190} INFO - [2025-12-27T07:46:14.345+0000] {dag.py:4180} INFO - Setting next_dagrun for fraud_detection_training to 2025-12-27 03:00:00+00:00, run_after=2025-12-28 03:00:00+00:00
[2025-12-27T07:46:14.353+0000] {processor.py:208} INFO - Processing /opt/airflow/dags/fraud_detection_training_dag.py took 0.065 seconds
[2025-12-27T07:46:44.469+0000] {processor.py:186} INFO - Started process (PID=193) to work on /opt/airflow/dags/fraud_detection_training_dag.py
[2025-12-27T07:46:44.470+0000] {processor.py:914} INFO - Processing file /opt/airflow/dags/fraud_detection_training_dag.py for tasks to queue
[2025-12-27T07:46:44.472+0000] {logging_mixin.py:190} INFO - [2025-12-27T07:46:44.472+0000] {dagbag.py:588} INFO - Filling up the DagBag from /opt/airflow/dags/fraud_detection_training_dag.py
[2025-12-27T07:46:44.491+0000] {processor.py:925} INFO - DAG(s) 'fraud_detection_training' retrieved from /opt/airflow/dags/fraud_detection_training_dag.py
[2025-12-27T07:46:44.512+0000] {logging_mixin.py:190} INFO - [2025-12-27T07:46:44.512+0000] {dag.py:3239} INFO - Sync 1 DAGs
[2025-12-27T07:46:44.526+0000] {logging_mixin.py:190} INFO - [2025-12-27T07:46:44.526+0000] {dag.py:4180} INFO - Setting next_dagrun for fraud_detection_training to 2025-12-27 03:00:00+00:00, run_after=2025-12-28 03:00:00+00:00
[2025-12-27T07:46:44.536+0000] {processor.py:208} INFO - Processing /opt/airflow/dags/fraud_detection_training_dag.py took 0.072 seconds
[2025-12-27T07:47:14.599+0000] {processor.py:186} INFO - Started process (PID=194) to work on /opt/airflow/dags/fraud_detection_training_dag.py
[2025-12-27T07:47:14.600+0000] {processor.py:914} INFO - Processing file /opt/airflow/dags/fraud_detection_training_dag.py for tasks to queue
[2025-12-27T07:47:14.603+0000] {logging_mixin.py:190} INFO - [2025-12-27T07:47:14.603+0000] {dagbag.py:588} INFO - Filling up the DagBag from /opt/airflow/dags/fraud_detection_training_dag.py
[2025-12-27T07:47:14.615+0000] {processor.py:925} INFO - DAG(s) 'fraud_detection_training' retrieved from /opt/airflow/dags/fraud_detection_training_dag.py
[2025-12-27T07:47:14.637+0000] {logging_mixin.py:190} INFO - [2025-12-27T07:47:14.636+0000] {dag.py:3239} INFO - Sync 1 DAGs
[2025-12-27T07:47:14.653+0000] {logging_mixin.py:190} INFO - [2025-12-27T07:47:14.653+0000] {dag.py:4180} INFO - Setting next_dagrun for fraud_detection_training to 2025-12-27 03:00:00+00:00, run_after=2025-12-28 03:00:00+00:00
[2025-12-27T07:47:14.664+0000] {processor.py:208} INFO - Processing /opt/airflow/dags/fraud_detection_training_dag.py took 0.069 seconds
[2025-12-27T07:47:44.740+0000] {processor.py:186} INFO - Started process (PID=201) to work on /opt/airflow/dags/fraud_detection_training_dag.py
[2025-12-27T07:47:44.741+0000] {processor.py:914} INFO - Processing file /opt/airflow/dags/fraud_detection_training_dag.py for tasks to queue
[2025-12-27T07:47:44.742+0000] {logging_mixin.py:190} INFO - [2025-12-27T07:47:44.741+0000] {dagbag.py:588} INFO - Filling up the DagBag from /opt/airflow/dags/fraud_detection_training_dag.py
[2025-12-27T07:47:44.747+0000] {processor.py:925} INFO - DAG(s) 'fraud_detection_training' retrieved from /opt/airflow/dags/fraud_detection_training_dag.py
[2025-12-27T07:47:44.763+0000] {logging_mixin.py:190} INFO - [2025-12-27T07:47:44.763+0000] {dag.py:3239} INFO - Sync 1 DAGs
[2025-12-27T07:47:44.774+0000] {logging_mixin.py:190} INFO - [2025-12-27T07:47:44.774+0000] {dag.py:4180} INFO - Setting next_dagrun for fraud_detection_training to 2025-12-27 03:00:00+00:00, run_after=2025-12-28 03:00:00+00:00
[2025-12-27T07:47:44.781+0000] {processor.py:208} INFO - Processing /opt/airflow/dags/fraud_detection_training_dag.py took 0.044 seconds
[2025-12-27T07:48:14.879+0000] {processor.py:186} INFO - Started process (PID=202) to work on /opt/airflow/dags/fraud_detection_training_dag.py
[2025-12-27T07:48:14.880+0000] {processor.py:914} INFO - Processing file /opt/airflow/dags/fraud_detection_training_dag.py for tasks to queue
[2025-12-27T07:48:14.881+0000] {logging_mixin.py:190} INFO - [2025-12-27T07:48:14.881+0000] {dagbag.py:588} INFO - Filling up the DagBag from /opt/airflow/dags/fraud_detection_training_dag.py
[2025-12-27T07:48:14.887+0000] {processor.py:925} INFO - DAG(s) 'fraud_detection_training' retrieved from /opt/airflow/dags/fraud_detection_training_dag.py
[2025-12-27T07:48:14.903+0000] {logging_mixin.py:190} INFO - [2025-12-27T07:48:14.903+0000] {dag.py:3239} INFO - Sync 1 DAGs
[2025-12-27T07:48:14.916+0000] {logging_mixin.py:190} INFO - [2025-12-27T07:48:14.915+0000] {dag.py:4180} INFO - Setting next_dagrun for fraud_detection_training to 2025-12-27 03:00:00+00:00, run_after=2025-12-28 03:00:00+00:00
[2025-12-27T07:48:14.924+0000] {processor.py:208} INFO - Processing /opt/airflow/dags/fraud_detection_training_dag.py took 0.047 seconds
[2025-12-27T07:48:45.002+0000] {processor.py:186} INFO - Started process (PID=209) to work on /opt/airflow/dags/fraud_detection_training_dag.py
[2025-12-27T07:48:45.002+0000] {processor.py:914} INFO - Processing file /opt/airflow/dags/fraud_detection_training_dag.py for tasks to queue
[2025-12-27T07:48:45.003+0000] {logging_mixin.py:190} INFO - [2025-12-27T07:48:45.003+0000] {dagbag.py:588} INFO - Filling up the DagBag from /opt/airflow/dags/fraud_detection_training_dag.py
[2025-12-27T07:48:45.009+0000] {processor.py:925} INFO - DAG(s) 'fraud_detection_training' retrieved from /opt/airflow/dags/fraud_detection_training_dag.py
[2025-12-27T07:48:45.027+0000] {logging_mixin.py:190} INFO - [2025-12-27T07:48:45.027+0000] {dag.py:3239} INFO - Sync 1 DAGs
[2025-12-27T07:48:45.038+0000] {logging_mixin.py:190} INFO - [2025-12-27T07:48:45.038+0000] {dag.py:4180} INFO - Setting next_dagrun for fraud_detection_training to 2025-12-27 03:00:00+00:00, run_after=2025-12-28 03:00:00+00:00
[2025-12-27T07:48:45.047+0000] {processor.py:208} INFO - Processing /opt/airflow/dags/fraud_detection_training_dag.py took 0.048 seconds
[2025-12-27T07:49:15.139+0000] {processor.py:186} INFO - Started process (PID=210) to work on /opt/airflow/dags/fraud_detection_training_dag.py
[2025-12-27T07:49:15.140+0000] {processor.py:914} INFO - Processing file /opt/airflow/dags/fraud_detection_training_dag.py for tasks to queue
[2025-12-27T07:49:15.141+0000] {logging_mixin.py:190} INFO - [2025-12-27T07:49:15.141+0000] {dagbag.py:588} INFO - Filling up the DagBag from /opt/airflow/dags/fraud_detection_training_dag.py
[2025-12-27T07:49:15.146+0000] {processor.py:925} INFO - DAG(s) 'fraud_detection_training' retrieved from /opt/airflow/dags/fraud_detection_training_dag.py
[2025-12-27T07:49:15.159+0000] {logging_mixin.py:190} INFO - [2025-12-27T07:49:15.159+0000] {dag.py:3239} INFO - Sync 1 DAGs
[2025-12-27T07:49:15.169+0000] {logging_mixin.py:190} INFO - [2025-12-27T07:49:15.169+0000] {dag.py:4180} INFO - Setting next_dagrun for fraud_detection_training to 2025-12-27 03:00:00+00:00, run_after=2025-12-28 03:00:00+00:00
[2025-12-27T07:49:15.176+0000] {processor.py:208} INFO - Processing /opt/airflow/dags/fraud_detection_training_dag.py took 0.040 seconds
[2025-12-27T07:49:45.283+0000] {processor.py:186} INFO - Started process (PID=217) to work on /opt/airflow/dags/fraud_detection_training_dag.py
[2025-12-27T07:49:45.283+0000] {processor.py:914} INFO - Processing file /opt/airflow/dags/fraud_detection_training_dag.py for tasks to queue
[2025-12-27T07:49:45.285+0000] {logging_mixin.py:190} INFO - [2025-12-27T07:49:45.285+0000] {dagbag.py:588} INFO - Filling up the DagBag from /opt/airflow/dags/fraud_detection_training_dag.py
[2025-12-27T07:49:45.297+0000] {processor.py:925} INFO - DAG(s) 'fraud_detection_training' retrieved from /opt/airflow/dags/fraud_detection_training_dag.py
[2025-12-27T07:49:45.319+0000] {logging_mixin.py:190} INFO - [2025-12-27T07:49:45.319+0000] {dag.py:3239} INFO - Sync 1 DAGs
[2025-12-27T07:49:45.339+0000] {logging_mixin.py:190} INFO - [2025-12-27T07:49:45.339+0000] {dag.py:4180} INFO - Setting next_dagrun for fraud_detection_training to 2025-12-27 03:00:00+00:00, run_after=2025-12-28 03:00:00+00:00
[2025-12-27T07:49:45.366+0000] {processor.py:208} INFO - Processing /opt/airflow/dags/fraud_detection_training_dag.py took 0.088 seconds
[2025-12-27T07:50:15.410+0000] {processor.py:186} INFO - Started process (PID=218) to work on /opt/airflow/dags/fraud_detection_training_dag.py
[2025-12-27T07:50:15.410+0000] {processor.py:914} INFO - Processing file /opt/airflow/dags/fraud_detection_training_dag.py for tasks to queue
[2025-12-27T07:50:15.412+0000] {logging_mixin.py:190} INFO - [2025-12-27T07:50:15.412+0000] {dagbag.py:588} INFO - Filling up the DagBag from /opt/airflow/dags/fraud_detection_training_dag.py
[2025-12-27T07:50:15.420+0000] {processor.py:925} INFO - DAG(s) 'fraud_detection_training' retrieved from /opt/airflow/dags/fraud_detection_training_dag.py
[2025-12-27T07:50:15.439+0000] {logging_mixin.py:190} INFO - [2025-12-27T07:50:15.438+0000] {dag.py:3239} INFO - Sync 1 DAGs
[2025-12-27T07:50:15.453+0000] {logging_mixin.py:190} INFO - [2025-12-27T07:50:15.453+0000] {dag.py:4180} INFO - Setting next_dagrun for fraud_detection_training to 2025-12-27 03:00:00+00:00, run_after=2025-12-28 03:00:00+00:00
[2025-12-27T07:50:15.461+0000] {processor.py:208} INFO - Processing /opt/airflow/dags/fraud_detection_training_dag.py took 0.054 seconds
[2025-12-27T07:50:45.563+0000] {processor.py:186} INFO - Started process (PID=224) to work on /opt/airflow/dags/fraud_detection_training_dag.py
[2025-12-27T07:50:45.564+0000] {processor.py:914} INFO - Processing file /opt/airflow/dags/fraud_detection_training_dag.py for tasks to queue
[2025-12-27T07:50:45.566+0000] {logging_mixin.py:190} INFO - [2025-12-27T07:50:45.566+0000] {dagbag.py:588} INFO - Filling up the DagBag from /opt/airflow/dags/fraud_detection_training_dag.py
[2025-12-27T07:50:45.575+0000] {processor.py:925} INFO - DAG(s) 'fraud_detection_training' retrieved from /opt/airflow/dags/fraud_detection_training_dag.py
[2025-12-27T07:50:45.596+0000] {logging_mixin.py:190} INFO - [2025-12-27T07:50:45.596+0000] {dag.py:3239} INFO - Sync 1 DAGs
[2025-12-27T07:50:45.610+0000] {logging_mixin.py:190} INFO - [2025-12-27T07:50:45.609+0000] {dag.py:4180} INFO - Setting next_dagrun for fraud_detection_training to 2025-12-27 03:00:00+00:00, run_after=2025-12-28 03:00:00+00:00
[2025-12-27T07:50:45.621+0000] {processor.py:208} INFO - Processing /opt/airflow/dags/fraud_detection_training_dag.py took 0.062 seconds
[2025-12-27T07:51:15.705+0000] {processor.py:186} INFO - Started process (PID=225) to work on /opt/airflow/dags/fraud_detection_training_dag.py
[2025-12-27T07:51:15.706+0000] {processor.py:914} INFO - Processing file /opt/airflow/dags/fraud_detection_training_dag.py for tasks to queue
[2025-12-27T07:51:15.708+0000] {logging_mixin.py:190} INFO - [2025-12-27T07:51:15.708+0000] {dagbag.py:588} INFO - Filling up the DagBag from /opt/airflow/dags/fraud_detection_training_dag.py
[2025-12-27T07:51:15.723+0000] {processor.py:925} INFO - DAG(s) 'fraud_detection_training' retrieved from /opt/airflow/dags/fraud_detection_training_dag.py
[2025-12-27T07:51:15.745+0000] {logging_mixin.py:190} INFO - [2025-12-27T07:51:15.745+0000] {dag.py:3239} INFO - Sync 1 DAGs
[2025-12-27T07:51:15.762+0000] {logging_mixin.py:190} INFO - [2025-12-27T07:51:15.761+0000] {dag.py:4180} INFO - Setting next_dagrun for fraud_detection_training to 2025-12-27 03:00:00+00:00, run_after=2025-12-28 03:00:00+00:00
[2025-12-27T07:51:15.772+0000] {processor.py:208} INFO - Processing /opt/airflow/dags/fraud_detection_training_dag.py took 0.072 seconds
[2025-12-27T07:51:46.006+0000] {processor.py:186} INFO - Started process (PID=232) to work on /opt/airflow/dags/fraud_detection_training_dag.py
[2025-12-27T07:51:46.007+0000] {processor.py:914} INFO - Processing file /opt/airflow/dags/fraud_detection_training_dag.py for tasks to queue
[2025-12-27T07:51:46.010+0000] {logging_mixin.py:190} INFO - [2025-12-27T07:51:46.010+0000] {dagbag.py:588} INFO - Filling up the DagBag from /opt/airflow/dags/fraud_detection_training_dag.py
[2025-12-27T07:51:46.021+0000] {processor.py:925} INFO - DAG(s) 'fraud_detection_training' retrieved from /opt/airflow/dags/fraud_detection_training_dag.py
[2025-12-27T07:51:46.050+0000] {logging_mixin.py:190} INFO - [2025-12-27T07:51:46.050+0000] {dag.py:3239} INFO - Sync 1 DAGs
[2025-12-27T07:51:46.067+0000] {logging_mixin.py:190} INFO - [2025-12-27T07:51:46.066+0000] {dag.py:4180} INFO - Setting next_dagrun for fraud_detection_training to 2025-12-27 03:00:00+00:00, run_after=2025-12-28 03:00:00+00:00
[2025-12-27T07:51:46.076+0000] {processor.py:208} INFO - Processing /opt/airflow/dags/fraud_detection_training_dag.py took 0.079 seconds
[2025-12-27T07:52:16.126+0000] {processor.py:186} INFO - Started process (PID=233) to work on /opt/airflow/dags/fraud_detection_training_dag.py
[2025-12-27T07:52:16.127+0000] {processor.py:914} INFO - Processing file /opt/airflow/dags/fraud_detection_training_dag.py for tasks to queue
[2025-12-27T07:52:16.129+0000] {logging_mixin.py:190} INFO - [2025-12-27T07:52:16.129+0000] {dagbag.py:588} INFO - Filling up the DagBag from /opt/airflow/dags/fraud_detection_training_dag.py
[2025-12-27T07:52:16.142+0000] {processor.py:925} INFO - DAG(s) 'fraud_detection_training' retrieved from /opt/airflow/dags/fraud_detection_training_dag.py
[2025-12-27T07:52:16.170+0000] {logging_mixin.py:190} INFO - [2025-12-27T07:52:16.170+0000] {dag.py:3239} INFO - Sync 1 DAGs
[2025-12-27T07:52:16.187+0000] {logging_mixin.py:190} INFO - [2025-12-27T07:52:16.186+0000] {dag.py:4180} INFO - Setting next_dagrun for fraud_detection_training to 2025-12-27 03:00:00+00:00, run_after=2025-12-28 03:00:00+00:00
[2025-12-27T07:52:16.196+0000] {processor.py:208} INFO - Processing /opt/airflow/dags/fraud_detection_training_dag.py took 0.076 seconds
[2025-12-27T07:52:46.305+0000] {processor.py:186} INFO - Started process (PID=240) to work on /opt/airflow/dags/fraud_detection_training_dag.py
[2025-12-27T07:52:46.305+0000] {processor.py:914} INFO - Processing file /opt/airflow/dags/fraud_detection_training_dag.py for tasks to queue
[2025-12-27T07:52:46.307+0000] {logging_mixin.py:190} INFO - [2025-12-27T07:52:46.307+0000] {dagbag.py:588} INFO - Filling up the DagBag from /opt/airflow/dags/fraud_detection_training_dag.py
[2025-12-27T07:52:46.318+0000] {processor.py:925} INFO - DAG(s) 'fraud_detection_training' retrieved from /opt/airflow/dags/fraud_detection_training_dag.py
[2025-12-27T07:52:46.338+0000] {logging_mixin.py:190} INFO - [2025-12-27T07:52:46.338+0000] {dag.py:3239} INFO - Sync 1 DAGs
[2025-12-27T07:52:46.355+0000] {logging_mixin.py:190} INFO - [2025-12-27T07:52:46.355+0000] {dag.py:4180} INFO - Setting next_dagrun for fraud_detection_training to 2025-12-27 03:00:00+00:00, run_after=2025-12-28 03:00:00+00:00
[2025-12-27T07:52:46.367+0000] {processor.py:208} INFO - Processing /opt/airflow/dags/fraud_detection_training_dag.py took 0.065 seconds
[2025-12-27T07:53:16.454+0000] {processor.py:186} INFO - Started process (PID=241) to work on /opt/airflow/dags/fraud_detection_training_dag.py
[2025-12-27T07:53:16.454+0000] {processor.py:914} INFO - Processing file /opt/airflow/dags/fraud_detection_training_dag.py for tasks to queue
[2025-12-27T07:53:16.455+0000] {logging_mixin.py:190} INFO - [2025-12-27T07:53:16.455+0000] {dagbag.py:588} INFO - Filling up the DagBag from /opt/airflow/dags/fraud_detection_training_dag.py
[2025-12-27T07:53:16.464+0000] {processor.py:925} INFO - DAG(s) 'fraud_detection_training' retrieved from /opt/airflow/dags/fraud_detection_training_dag.py
[2025-12-27T07:53:16.480+0000] {logging_mixin.py:190} INFO - [2025-12-27T07:53:16.480+0000] {dag.py:3239} INFO - Sync 1 DAGs
[2025-12-27T07:53:16.491+0000] {logging_mixin.py:190} INFO - [2025-12-27T07:53:16.491+0000] {dag.py:4180} INFO - Setting next_dagrun for fraud_detection_training to 2025-12-27 03:00:00+00:00, run_after=2025-12-28 03:00:00+00:00
[2025-12-27T07:53:16.498+0000] {processor.py:208} INFO - Processing /opt/airflow/dags/fraud_detection_training_dag.py took 0.049 seconds
[2025-12-27T07:53:46.604+0000] {processor.py:186} INFO - Started process (PID=248) to work on /opt/airflow/dags/fraud_detection_training_dag.py
[2025-12-27T07:53:46.604+0000] {processor.py:914} INFO - Processing file /opt/airflow/dags/fraud_detection_training_dag.py for tasks to queue
[2025-12-27T07:53:46.607+0000] {logging_mixin.py:190} INFO - [2025-12-27T07:53:46.607+0000] {dagbag.py:588} INFO - Filling up the DagBag from /opt/airflow/dags/fraud_detection_training_dag.py
[2025-12-27T07:53:46.624+0000] {processor.py:925} INFO - DAG(s) 'fraud_detection_training' retrieved from /opt/airflow/dags/fraud_detection_training_dag.py
[2025-12-27T07:53:46.649+0000] {logging_mixin.py:190} INFO - [2025-12-27T07:53:46.649+0000] {dag.py:3239} INFO - Sync 1 DAGs
[2025-12-27T07:53:46.670+0000] {logging_mixin.py:190} INFO - [2025-12-27T07:53:46.670+0000] {dag.py:4180} INFO - Setting next_dagrun for fraud_detection_training to 2025-12-27 03:00:00+00:00, run_after=2025-12-28 03:00:00+00:00
[2025-12-27T07:53:46.680+0000] {processor.py:208} INFO - Processing /opt/airflow/dags/fraud_detection_training_dag.py took 0.086 seconds
[2025-12-27T07:54:16.726+0000] {processor.py:186} INFO - Started process (PID=249) to work on /opt/airflow/dags/fraud_detection_training_dag.py
[2025-12-27T07:54:16.726+0000] {processor.py:914} INFO - Processing file /opt/airflow/dags/fraud_detection_training_dag.py for tasks to queue
[2025-12-27T07:54:16.728+0000] {logging_mixin.py:190} INFO - [2025-12-27T07:54:16.728+0000] {dagbag.py:588} INFO - Filling up the DagBag from /opt/airflow/dags/fraud_detection_training_dag.py
[2025-12-27T07:54:16.739+0000] {processor.py:925} INFO - DAG(s) 'fraud_detection_training' retrieved from /opt/airflow/dags/fraud_detection_training_dag.py
[2025-12-27T07:54:16.769+0000] {logging_mixin.py:190} INFO - [2025-12-27T07:54:16.769+0000] {dag.py:3239} INFO - Sync 1 DAGs
[2025-12-27T07:54:16.786+0000] {logging_mixin.py:190} INFO - [2025-12-27T07:54:16.786+0000] {dag.py:4180} INFO - Setting next_dagrun for fraud_detection_training to 2025-12-27 03:00:00+00:00, run_after=2025-12-28 03:00:00+00:00
[2025-12-27T07:54:16.796+0000] {processor.py:208} INFO - Processing /opt/airflow/dags/fraud_detection_training_dag.py took 0.075 seconds
[2025-12-27T07:54:46.926+0000] {processor.py:186} INFO - Started process (PID=256) to work on /opt/airflow/dags/fraud_detection_training_dag.py
[2025-12-27T07:54:46.926+0000] {processor.py:914} INFO - Processing file /opt/airflow/dags/fraud_detection_training_dag.py for tasks to queue
[2025-12-27T07:54:46.928+0000] {logging_mixin.py:190} INFO - [2025-12-27T07:54:46.927+0000] {dagbag.py:588} INFO - Filling up the DagBag from /opt/airflow/dags/fraud_detection_training_dag.py
[2025-12-27T07:54:46.935+0000] {processor.py:925} INFO - DAG(s) 'fraud_detection_training' retrieved from /opt/airflow/dags/fraud_detection_training_dag.py
[2025-12-27T07:54:46.954+0000] {logging_mixin.py:190} INFO - [2025-12-27T07:54:46.953+0000] {dag.py:3239} INFO - Sync 1 DAGs
[2025-12-27T07:54:46.968+0000] {logging_mixin.py:190} INFO - [2025-12-27T07:54:46.968+0000] {dag.py:4180} INFO - Setting next_dagrun for fraud_detection_training to 2025-12-27 03:00:00+00:00, run_after=2025-12-28 03:00:00+00:00
[2025-12-27T07:54:46.978+0000] {processor.py:208} INFO - Processing /opt/airflow/dags/fraud_detection_training_dag.py took 0.058 seconds
[2025-12-27T07:55:17.094+0000] {processor.py:186} INFO - Started process (PID=257) to work on /opt/airflow/dags/fraud_detection_training_dag.py
[2025-12-27T07:55:17.095+0000] {processor.py:914} INFO - Processing file /opt/airflow/dags/fraud_detection_training_dag.py for tasks to queue
[2025-12-27T07:55:17.097+0000] {logging_mixin.py:190} INFO - [2025-12-27T07:55:17.097+0000] {dagbag.py:588} INFO - Filling up the DagBag from /opt/airflow/dags/fraud_detection_training_dag.py
[2025-12-27T07:55:17.109+0000] {processor.py:925} INFO - DAG(s) 'fraud_detection_training' retrieved from /opt/airflow/dags/fraud_detection_training_dag.py
[2025-12-27T07:55:17.132+0000] {logging_mixin.py:190} INFO - [2025-12-27T07:55:17.132+0000] {dag.py:3239} INFO - Sync 1 DAGs
[2025-12-27T07:55:17.147+0000] {logging_mixin.py:190} INFO - [2025-12-27T07:55:17.147+0000] {dag.py:4180} INFO - Setting next_dagrun for fraud_detection_training to 2025-12-27 03:00:00+00:00, run_after=2025-12-28 03:00:00+00:00
[2025-12-27T07:55:17.159+0000] {processor.py:208} INFO - Processing /opt/airflow/dags/fraud_detection_training_dag.py took 0.070 seconds
[2025-12-27T07:55:47.255+0000] {processor.py:186} INFO - Started process (PID=264) to work on /opt/airflow/dags/fraud_detection_training_dag.py
[2025-12-27T07:55:47.256+0000] {processor.py:914} INFO - Processing file /opt/airflow/dags/fraud_detection_training_dag.py for tasks to queue
[2025-12-27T07:55:47.260+0000] {logging_mixin.py:190} INFO - [2025-12-27T07:55:47.259+0000] {dagbag.py:588} INFO - Filling up the DagBag from /opt/airflow/dags/fraud_detection_training_dag.py
[2025-12-27T07:55:47.276+0000] {processor.py:925} INFO - DAG(s) 'fraud_detection_training' retrieved from /opt/airflow/dags/fraud_detection_training_dag.py
[2025-12-27T07:55:47.311+0000] {logging_mixin.py:190} INFO - [2025-12-27T07:55:47.311+0000] {dag.py:3239} INFO - Sync 1 DAGs
[2025-12-27T07:55:47.333+0000] {logging_mixin.py:190} INFO - [2025-12-27T07:55:47.332+0000] {dag.py:4180} INFO - Setting next_dagrun for fraud_detection_training to 2025-12-27 03:00:00+00:00, run_after=2025-12-28 03:00:00+00:00
[2025-12-27T07:55:47.349+0000] {processor.py:208} INFO - Processing /opt/airflow/dags/fraud_detection_training_dag.py took 0.100 seconds
[2025-12-27T07:56:17.414+0000] {processor.py:186} INFO - Started process (PID=265) to work on /opt/airflow/dags/fraud_detection_training_dag.py
[2025-12-27T07:56:17.415+0000] {processor.py:914} INFO - Processing file /opt/airflow/dags/fraud_detection_training_dag.py for tasks to queue
[2025-12-27T07:56:17.417+0000] {logging_mixin.py:190} INFO - [2025-12-27T07:56:17.417+0000] {dagbag.py:588} INFO - Filling up the DagBag from /opt/airflow/dags/fraud_detection_training_dag.py
[2025-12-27T07:56:17.430+0000] {processor.py:925} INFO - DAG(s) 'fraud_detection_training' retrieved from /opt/airflow/dags/fraud_detection_training_dag.py
[2025-12-27T07:56:17.451+0000] {logging_mixin.py:190} INFO - [2025-12-27T07:56:17.451+0000] {dag.py:3239} INFO - Sync 1 DAGs
[2025-12-27T07:56:17.465+0000] {logging_mixin.py:190} INFO - [2025-12-27T07:56:17.464+0000] {dag.py:4180} INFO - Setting next_dagrun for fraud_detection_training to 2025-12-27 03:00:00+00:00, run_after=2025-12-28 03:00:00+00:00
[2025-12-27T07:56:17.475+0000] {processor.py:208} INFO - Processing /opt/airflow/dags/fraud_detection_training_dag.py took 0.065 seconds
[2025-12-27T07:56:47.590+0000] {processor.py:186} INFO - Started process (PID=272) to work on /opt/airflow/dags/fraud_detection_training_dag.py
[2025-12-27T07:56:47.591+0000] {processor.py:914} INFO - Processing file /opt/airflow/dags/fraud_detection_training_dag.py for tasks to queue
[2025-12-27T07:56:47.593+0000] {logging_mixin.py:190} INFO - [2025-12-27T07:56:47.593+0000] {dagbag.py:588} INFO - Filling up the DagBag from /opt/airflow/dags/fraud_detection_training_dag.py
[2025-12-27T07:56:47.604+0000] {processor.py:925} INFO - DAG(s) 'fraud_detection_training' retrieved from /opt/airflow/dags/fraud_detection_training_dag.py
[2025-12-27T07:56:47.630+0000] {logging_mixin.py:190} INFO - [2025-12-27T07:56:47.630+0000] {dag.py:3239} INFO - Sync 1 DAGs
[2025-12-27T07:56:47.645+0000] {logging_mixin.py:190} INFO - [2025-12-27T07:56:47.645+0000] {dag.py:4180} INFO - Setting next_dagrun for fraud_detection_training to 2025-12-27 03:00:00+00:00, run_after=2025-12-28 03:00:00+00:00
[2025-12-27T07:56:47.656+0000] {processor.py:208} INFO - Processing /opt/airflow/dags/fraud_detection_training_dag.py took 0.070 seconds
[2025-12-27T07:57:17.709+0000] {processor.py:186} INFO - Started process (PID=273) to work on /opt/airflow/dags/fraud_detection_training_dag.py
[2025-12-27T07:57:17.709+0000] {processor.py:914} INFO - Processing file /opt/airflow/dags/fraud_detection_training_dag.py for tasks to queue
[2025-12-27T07:57:17.710+0000] {logging_mixin.py:190} INFO - [2025-12-27T07:57:17.710+0000] {dagbag.py:588} INFO - Filling up the DagBag from /opt/airflow/dags/fraud_detection_training_dag.py
[2025-12-27T07:57:17.716+0000] {processor.py:925} INFO - DAG(s) 'fraud_detection_training' retrieved from /opt/airflow/dags/fraud_detection_training_dag.py
[2025-12-27T07:57:17.730+0000] {logging_mixin.py:190} INFO - [2025-12-27T07:57:17.730+0000] {dag.py:3239} INFO - Sync 1 DAGs
[2025-12-27T07:57:17.741+0000] {logging_mixin.py:190} INFO - [2025-12-27T07:57:17.741+0000] {dag.py:4180} INFO - Setting next_dagrun for fraud_detection_training to 2025-12-27 03:00:00+00:00, run_after=2025-12-28 03:00:00+00:00
[2025-12-27T07:57:17.748+0000] {processor.py:208} INFO - Processing /opt/airflow/dags/fraud_detection_training_dag.py took 0.042 seconds
[2025-12-27T07:57:47.858+0000] {processor.py:186} INFO - Started process (PID=280) to work on /opt/airflow/dags/fraud_detection_training_dag.py
[2025-12-27T07:57:47.859+0000] {processor.py:914} INFO - Processing file /opt/airflow/dags/fraud_detection_training_dag.py for tasks to queue
[2025-12-27T07:57:47.862+0000] {logging_mixin.py:190} INFO - [2025-12-27T07:57:47.861+0000] {dagbag.py:588} INFO - Filling up the DagBag from /opt/airflow/dags/fraud_detection_training_dag.py
[2025-12-27T07:57:47.877+0000] {processor.py:925} INFO - DAG(s) 'fraud_detection_training' retrieved from /opt/airflow/dags/fraud_detection_training_dag.py
[2025-12-27T07:57:47.908+0000] {logging_mixin.py:190} INFO - [2025-12-27T07:57:47.908+0000] {dag.py:3239} INFO - Sync 1 DAGs
[2025-12-27T07:57:47.927+0000] {logging_mixin.py:190} INFO - [2025-12-27T07:57:47.927+0000] {dag.py:4180} INFO - Setting next_dagrun for fraud_detection_training to 2025-12-27 03:00:00+00:00, run_after=2025-12-28 03:00:00+00:00
[2025-12-27T07:57:47.938+0000] {processor.py:208} INFO - Processing /opt/airflow/dags/fraud_detection_training_dag.py took 0.087 seconds
[2025-12-27T07:58:17.991+0000] {processor.py:186} INFO - Started process (PID=281) to work on /opt/airflow/dags/fraud_detection_training_dag.py
[2025-12-27T07:58:17.991+0000] {processor.py:914} INFO - Processing file /opt/airflow/dags/fraud_detection_training_dag.py for tasks to queue
[2025-12-27T07:58:17.992+0000] {logging_mixin.py:190} INFO - [2025-12-27T07:58:17.992+0000] {dagbag.py:588} INFO - Filling up the DagBag from /opt/airflow/dags/fraud_detection_training_dag.py
[2025-12-27T07:58:17.999+0000] {processor.py:925} INFO - DAG(s) 'fraud_detection_training' retrieved from /opt/airflow/dags/fraud_detection_training_dag.py
[2025-12-27T07:58:18.018+0000] {logging_mixin.py:190} INFO - [2025-12-27T07:58:18.018+0000] {dag.py:3239} INFO - Sync 1 DAGs
[2025-12-27T07:58:18.033+0000] {logging_mixin.py:190} INFO - [2025-12-27T07:58:18.032+0000] {dag.py:4180} INFO - Setting next_dagrun for fraud_detection_training to 2025-12-27 03:00:00+00:00, run_after=2025-12-28 03:00:00+00:00
[2025-12-27T07:58:18.046+0000] {processor.py:208} INFO - Processing /opt/airflow/dags/fraud_detection_training_dag.py took 0.058 seconds
[2025-12-27T07:58:48.127+0000] {processor.py:186} INFO - Started process (PID=288) to work on /opt/airflow/dags/fraud_detection_training_dag.py
[2025-12-27T07:58:48.127+0000] {processor.py:914} INFO - Processing file /opt/airflow/dags/fraud_detection_training_dag.py for tasks to queue
[2025-12-27T07:58:48.130+0000] {logging_mixin.py:190} INFO - [2025-12-27T07:58:48.130+0000] {dagbag.py:588} INFO - Filling up the DagBag from /opt/airflow/dags/fraud_detection_training_dag.py
[2025-12-27T07:58:48.146+0000] {processor.py:925} INFO - DAG(s) 'fraud_detection_training' retrieved from /opt/airflow/dags/fraud_detection_training_dag.py
[2025-12-27T07:58:48.173+0000] {logging_mixin.py:190} INFO - [2025-12-27T07:58:48.173+0000] {dag.py:3239} INFO - Sync 1 DAGs
[2025-12-27T07:58:48.191+0000] {logging_mixin.py:190} INFO - [2025-12-27T07:58:48.191+0000] {dag.py:4180} INFO - Setting next_dagrun for fraud_detection_training to 2025-12-27 03:00:00+00:00, run_after=2025-12-28 03:00:00+00:00
[2025-12-27T07:58:48.203+0000] {processor.py:208} INFO - Processing /opt/airflow/dags/fraud_detection_training_dag.py took 0.082 seconds
[2025-12-27T07:59:18.300+0000] {processor.py:186} INFO - Started process (PID=289) to work on /opt/airflow/dags/fraud_detection_training_dag.py
[2025-12-27T07:59:18.300+0000] {processor.py:914} INFO - Processing file /opt/airflow/dags/fraud_detection_training_dag.py for tasks to queue
[2025-12-27T07:59:18.301+0000] {logging_mixin.py:190} INFO - [2025-12-27T07:59:18.301+0000] {dagbag.py:588} INFO - Filling up the DagBag from /opt/airflow/dags/fraud_detection_training_dag.py
[2025-12-27T07:59:18.309+0000] {processor.py:925} INFO - DAG(s) 'fraud_detection_training' retrieved from /opt/airflow/dags/fraud_detection_training_dag.py
[2025-12-27T07:59:18.341+0000] {logging_mixin.py:190} INFO - [2025-12-27T07:59:18.341+0000] {dag.py:3239} INFO - Sync 1 DAGs
[2025-12-27T07:59:18.353+0000] {logging_mixin.py:190} INFO - [2025-12-27T07:59:18.353+0000] {dag.py:4180} INFO - Setting next_dagrun for fraud_detection_training to 2025-12-27 03:00:00+00:00, run_after=2025-12-28 03:00:00+00:00
[2025-12-27T07:59:18.360+0000] {processor.py:208} INFO - Processing /opt/airflow/dags/fraud_detection_training_dag.py took 0.064 seconds
[2025-12-27T07:59:48.469+0000] {processor.py:186} INFO - Started process (PID=296) to work on /opt/airflow/dags/fraud_detection_training_dag.py
[2025-12-27T07:59:48.470+0000] {processor.py:914} INFO - Processing file /opt/airflow/dags/fraud_detection_training_dag.py for tasks to queue
[2025-12-27T07:59:48.473+0000] {logging_mixin.py:190} INFO - [2025-12-27T07:59:48.473+0000] {dagbag.py:588} INFO - Filling up the DagBag from /opt/airflow/dags/fraud_detection_training_dag.py
[2025-12-27T07:59:48.488+0000] {processor.py:925} INFO - DAG(s) 'fraud_detection_training' retrieved from /opt/airflow/dags/fraud_detection_training_dag.py
[2025-12-27T07:59:48.519+0000] {logging_mixin.py:190} INFO - [2025-12-27T07:59:48.519+0000] {dag.py:3239} INFO - Sync 1 DAGs
[2025-12-27T07:59:48.537+0000] {logging_mixin.py:190} INFO - [2025-12-27T07:59:48.537+0000] {dag.py:4180} INFO - Setting next_dagrun for fraud_detection_training to 2025-12-27 03:00:00+00:00, run_after=2025-12-28 03:00:00+00:00
[2025-12-27T07:59:48.547+0000] {processor.py:208} INFO - Processing /opt/airflow/dags/fraud_detection_training_dag.py took 0.085 seconds
[2025-12-27T08:00:18.607+0000] {processor.py:186} INFO - Started process (PID=297) to work on /opt/airflow/dags/fraud_detection_training_dag.py
[2025-12-27T08:00:18.608+0000] {processor.py:914} INFO - Processing file /opt/airflow/dags/fraud_detection_training_dag.py for tasks to queue
[2025-12-27T08:00:18.611+0000] {logging_mixin.py:190} INFO - [2025-12-27T08:00:18.611+0000] {dagbag.py:588} INFO - Filling up the DagBag from /opt/airflow/dags/fraud_detection_training_dag.py
[2025-12-27T08:00:18.625+0000] {processor.py:925} INFO - DAG(s) 'fraud_detection_training' retrieved from /opt/airflow/dags/fraud_detection_training_dag.py
[2025-12-27T08:00:18.654+0000] {logging_mixin.py:190} INFO - [2025-12-27T08:00:18.654+0000] {dag.py:3239} INFO - Sync 1 DAGs
[2025-12-27T08:00:18.672+0000] {logging_mixin.py:190} INFO - [2025-12-27T08:00:18.672+0000] {dag.py:4180} INFO - Setting next_dagrun for fraud_detection_training to 2025-12-27 03:00:00+00:00, run_after=2025-12-28 03:00:00+00:00
[2025-12-27T08:00:18.682+0000] {processor.py:208} INFO - Processing /opt/airflow/dags/fraud_detection_training_dag.py took 0.080 seconds
[2025-12-27T08:00:48.840+0000] {processor.py:186} INFO - Started process (PID=304) to work on /opt/airflow/dags/fraud_detection_training_dag.py
[2025-12-27T08:00:48.841+0000] {processor.py:914} INFO - Processing file /opt/airflow/dags/fraud_detection_training_dag.py for tasks to queue
[2025-12-27T08:00:48.845+0000] {logging_mixin.py:190} INFO - [2025-12-27T08:00:48.844+0000] {dagbag.py:588} INFO - Filling up the DagBag from /opt/airflow/dags/fraud_detection_training_dag.py
[2025-12-27T08:00:48.875+0000] {processor.py:925} INFO - DAG(s) 'fraud_detection_training' retrieved from /opt/airflow/dags/fraud_detection_training_dag.py
[2025-12-27T08:00:48.926+0000] {logging_mixin.py:190} INFO - [2025-12-27T08:00:48.926+0000] {dag.py:3239} INFO - Sync 1 DAGs
[2025-12-27T08:00:48.950+0000] {logging_mixin.py:190} INFO - [2025-12-27T08:00:48.949+0000] {dag.py:4180} INFO - Setting next_dagrun for fraud_detection_training to 2025-12-27 03:00:00+00:00, run_after=2025-12-28 03:00:00+00:00
[2025-12-27T08:00:48.969+0000] {processor.py:208} INFO - Processing /opt/airflow/dags/fraud_detection_training_dag.py took 0.138 seconds
[2025-12-27T08:01:19.090+0000] {processor.py:186} INFO - Started process (PID=305) to work on /opt/airflow/dags/fraud_detection_training_dag.py
[2025-12-27T08:01:19.092+0000] {processor.py:914} INFO - Processing file /opt/airflow/dags/fraud_detection_training_dag.py for tasks to queue
[2025-12-27T08:01:19.094+0000] {logging_mixin.py:190} INFO - [2025-12-27T08:01:19.094+0000] {dagbag.py:588} INFO - Filling up the DagBag from /opt/airflow/dags/fraud_detection_training_dag.py
[2025-12-27T08:01:19.105+0000] {processor.py:925} INFO - DAG(s) 'fraud_detection_training' retrieved from /opt/airflow/dags/fraud_detection_training_dag.py
[2025-12-27T08:01:19.126+0000] {logging_mixin.py:190} INFO - [2025-12-27T08:01:19.126+0000] {dag.py:3239} INFO - Sync 1 DAGs
[2025-12-27T08:01:19.141+0000] {logging_mixin.py:190} INFO - [2025-12-27T08:01:19.141+0000] {dag.py:4180} INFO - Setting next_dagrun for fraud_detection_training to 2025-12-27 03:00:00+00:00, run_after=2025-12-28 03:00:00+00:00
[2025-12-27T08:01:19.151+0000] {processor.py:208} INFO - Processing /opt/airflow/dags/fraud_detection_training_dag.py took 0.066 seconds
[2025-12-27T08:01:49.233+0000] {processor.py:186} INFO - Started process (PID=312) to work on /opt/airflow/dags/fraud_detection_training_dag.py
[2025-12-27T08:01:49.235+0000] {processor.py:914} INFO - Processing file /opt/airflow/dags/fraud_detection_training_dag.py for tasks to queue
[2025-12-27T08:01:49.238+0000] {logging_mixin.py:190} INFO - [2025-12-27T08:01:49.237+0000] {dagbag.py:588} INFO - Filling up the DagBag from /opt/airflow/dags/fraud_detection_training_dag.py
[2025-12-27T08:01:49.250+0000] {processor.py:925} INFO - DAG(s) 'fraud_detection_training' retrieved from /opt/airflow/dags/fraud_detection_training_dag.py
[2025-12-27T08:01:49.275+0000] {logging_mixin.py:190} INFO - [2025-12-27T08:01:49.275+0000] {dag.py:3239} INFO - Sync 1 DAGs
[2025-12-27T08:01:49.293+0000] {logging_mixin.py:190} INFO - [2025-12-27T08:01:49.292+0000] {dag.py:4180} INFO - Setting next_dagrun for fraud_detection_training to 2025-12-27 03:00:00+00:00, run_after=2025-12-28 03:00:00+00:00
[2025-12-27T08:01:49.302+0000] {processor.py:208} INFO - Processing /opt/airflow/dags/fraud_detection_training_dag.py took 0.077 seconds
[2025-12-27T08:02:19.352+0000] {processor.py:186} INFO - Started process (PID=313) to work on /opt/airflow/dags/fraud_detection_training_dag.py
[2025-12-27T08:02:19.352+0000] {processor.py:914} INFO - Processing file /opt/airflow/dags/fraud_detection_training_dag.py for tasks to queue
[2025-12-27T08:02:19.353+0000] {logging_mixin.py:190} INFO - [2025-12-27T08:02:19.353+0000] {dagbag.py:588} INFO - Filling up the DagBag from /opt/airflow/dags/fraud_detection_training_dag.py
[2025-12-27T08:02:19.361+0000] {processor.py:925} INFO - DAG(s) 'fraud_detection_training' retrieved from /opt/airflow/dags/fraud_detection_training_dag.py
[2025-12-27T08:02:19.376+0000] {logging_mixin.py:190} INFO - [2025-12-27T08:02:19.376+0000] {dag.py:3239} INFO - Sync 1 DAGs
[2025-12-27T08:02:19.387+0000] {logging_mixin.py:190} INFO - [2025-12-27T08:02:19.387+0000] {dag.py:4180} INFO - Setting next_dagrun for fraud_detection_training to 2025-12-27 03:00:00+00:00, run_after=2025-12-28 03:00:00+00:00
[2025-12-27T08:02:19.396+0000] {processor.py:208} INFO - Processing /opt/airflow/dags/fraud_detection_training_dag.py took 0.048 seconds
[2025-12-27T08:02:49.527+0000] {processor.py:186} INFO - Started process (PID=320) to work on /opt/airflow/dags/fraud_detection_training_dag.py
[2025-12-27T08:02:49.528+0000] {processor.py:914} INFO - Processing file /opt/airflow/dags/fraud_detection_training_dag.py for tasks to queue
[2025-12-27T08:02:49.530+0000] {logging_mixin.py:190} INFO - [2025-12-27T08:02:49.530+0000] {dagbag.py:588} INFO - Filling up the DagBag from /opt/airflow/dags/fraud_detection_training_dag.py
[2025-12-27T08:02:49.540+0000] {processor.py:925} INFO - DAG(s) 'fraud_detection_training' retrieved from /opt/airflow/dags/fraud_detection_training_dag.py
[2025-12-27T08:02:49.559+0000] {logging_mixin.py:190} INFO - [2025-12-27T08:02:49.559+0000] {dag.py:3239} INFO - Sync 1 DAGs
[2025-12-27T08:02:49.573+0000] {logging_mixin.py:190} INFO - [2025-12-27T08:02:49.572+0000] {dag.py:4180} INFO - Setting next_dagrun for fraud_detection_training to 2025-12-27 03:00:00+00:00, run_after=2025-12-28 03:00:00+00:00
[2025-12-27T08:02:49.581+0000] {processor.py:208} INFO - Processing /opt/airflow/dags/fraud_detection_training_dag.py took 0.058 seconds
[2025-12-27T08:03:19.651+0000] {processor.py:186} INFO - Started process (PID=321) to work on /opt/airflow/dags/fraud_detection_training_dag.py
[2025-12-27T08:03:19.653+0000] {processor.py:914} INFO - Processing file /opt/airflow/dags/fraud_detection_training_dag.py for tasks to queue
[2025-12-27T08:03:19.657+0000] {logging_mixin.py:190} INFO - [2025-12-27T08:03:19.656+0000] {dagbag.py:588} INFO - Filling up the DagBag from /opt/airflow/dags/fraud_detection_training_dag.py
[2025-12-27T08:03:19.668+0000] {processor.py:925} INFO - DAG(s) 'fraud_detection_training' retrieved from /opt/airflow/dags/fraud_detection_training_dag.py
[2025-12-27T08:03:19.688+0000] {logging_mixin.py:190} INFO - [2025-12-27T08:03:19.688+0000] {dag.py:3239} INFO - Sync 1 DAGs
[2025-12-27T08:03:19.703+0000] {logging_mixin.py:190} INFO - [2025-12-27T08:03:19.702+0000] {dag.py:4180} INFO - Setting next_dagrun for fraud_detection_training to 2025-12-27 03:00:00+00:00, run_after=2025-12-28 03:00:00+00:00
[2025-12-27T08:03:19.712+0000] {processor.py:208} INFO - Processing /opt/airflow/dags/fraud_detection_training_dag.py took 0.066 seconds
[2025-12-27T08:03:49.800+0000] {processor.py:186} INFO - Started process (PID=328) to work on /opt/airflow/dags/fraud_detection_training_dag.py
[2025-12-27T08:03:49.801+0000] {processor.py:914} INFO - Processing file /opt/airflow/dags/fraud_detection_training_dag.py for tasks to queue
[2025-12-27T08:03:49.804+0000] {logging_mixin.py:190} INFO - [2025-12-27T08:03:49.804+0000] {dagbag.py:588} INFO - Filling up the DagBag from /opt/airflow/dags/fraud_detection_training_dag.py
[2025-12-27T08:03:49.814+0000] {processor.py:925} INFO - DAG(s) 'fraud_detection_training' retrieved from /opt/airflow/dags/fraud_detection_training_dag.py
[2025-12-27T08:03:49.835+0000] {logging_mixin.py:190} INFO - [2025-12-27T08:03:49.834+0000] {dag.py:3239} INFO - Sync 1 DAGs
[2025-12-27T08:03:49.849+0000] {logging_mixin.py:190} INFO - [2025-12-27T08:03:49.849+0000] {dag.py:4180} INFO - Setting next_dagrun for fraud_detection_training to 2025-12-27 03:00:00+00:00, run_after=2025-12-28 03:00:00+00:00
[2025-12-27T08:03:49.858+0000] {processor.py:208} INFO - Processing /opt/airflow/dags/fraud_detection_training_dag.py took 0.064 seconds
[2025-12-27T08:04:19.918+0000] {processor.py:186} INFO - Started process (PID=329) to work on /opt/airflow/dags/fraud_detection_training_dag.py
[2025-12-27T08:04:19.919+0000] {processor.py:914} INFO - Processing file /opt/airflow/dags/fraud_detection_training_dag.py for tasks to queue
[2025-12-27T08:04:19.920+0000] {logging_mixin.py:190} INFO - [2025-12-27T08:04:19.920+0000] {dagbag.py:588} INFO - Filling up the DagBag from /opt/airflow/dags/fraud_detection_training_dag.py
[2025-12-27T08:04:19.926+0000] {processor.py:925} INFO - DAG(s) 'fraud_detection_training' retrieved from /opt/airflow/dags/fraud_detection_training_dag.py
[2025-12-27T08:04:19.946+0000] {logging_mixin.py:190} INFO - [2025-12-27T08:04:19.946+0000] {dag.py:3239} INFO - Sync 1 DAGs
[2025-12-27T08:04:19.966+0000] {logging_mixin.py:190} INFO - [2025-12-27T08:04:19.966+0000] {dag.py:4180} INFO - Setting next_dagrun for fraud_detection_training to 2025-12-27 03:00:00+00:00, run_after=2025-12-28 03:00:00+00:00
[2025-12-27T08:04:19.975+0000] {processor.py:208} INFO - Processing /opt/airflow/dags/fraud_detection_training_dag.py took 0.060 seconds
[2025-12-27T08:04:50.063+0000] {processor.py:186} INFO - Started process (PID=336) to work on /opt/airflow/dags/fraud_detection_training_dag.py
[2025-12-27T08:04:50.064+0000] {processor.py:914} INFO - Processing file /opt/airflow/dags/fraud_detection_training_dag.py for tasks to queue
[2025-12-27T08:04:50.066+0000] {logging_mixin.py:190} INFO - [2025-12-27T08:04:50.066+0000] {dagbag.py:588} INFO - Filling up the DagBag from /opt/airflow/dags/fraud_detection_training_dag.py
[2025-12-27T08:04:50.076+0000] {processor.py:925} INFO - DAG(s) 'fraud_detection_training' retrieved from /opt/airflow/dags/fraud_detection_training_dag.py
[2025-12-27T08:04:50.094+0000] {logging_mixin.py:190} INFO - [2025-12-27T08:04:50.093+0000] {dag.py:3239} INFO - Sync 1 DAGs
[2025-12-27T08:04:50.106+0000] {logging_mixin.py:190} INFO - [2025-12-27T08:04:50.106+0000] {dag.py:4180} INFO - Setting next_dagrun for fraud_detection_training to 2025-12-27 03:00:00+00:00, run_after=2025-12-28 03:00:00+00:00
[2025-12-27T08:04:50.114+0000] {processor.py:208} INFO - Processing /opt/airflow/dags/fraud_detection_training_dag.py took 0.056 seconds
[2025-12-27T08:05:20.180+0000] {processor.py:186} INFO - Started process (PID=337) to work on /opt/airflow/dags/fraud_detection_training_dag.py
[2025-12-27T08:05:20.180+0000] {processor.py:914} INFO - Processing file /opt/airflow/dags/fraud_detection_training_dag.py for tasks to queue
[2025-12-27T08:05:20.181+0000] {logging_mixin.py:190} INFO - [2025-12-27T08:05:20.181+0000] {dagbag.py:588} INFO - Filling up the DagBag from /opt/airflow/dags/fraud_detection_training_dag.py
[2025-12-27T08:05:20.188+0000] {processor.py:925} INFO - DAG(s) 'fraud_detection_training' retrieved from /opt/airflow/dags/fraud_detection_training_dag.py
[2025-12-27T08:05:20.209+0000] {logging_mixin.py:190} INFO - [2025-12-27T08:05:20.208+0000] {dag.py:3239} INFO - Sync 1 DAGs
[2025-12-27T08:05:20.222+0000] {logging_mixin.py:190} INFO - [2025-12-27T08:05:20.222+0000] {dag.py:4180} INFO - Setting next_dagrun for fraud_detection_training to 2025-12-27 03:00:00+00:00, run_after=2025-12-28 03:00:00+00:00
[2025-12-27T08:05:20.231+0000] {processor.py:208} INFO - Processing /opt/airflow/dags/fraud_detection_training_dag.py took 0.055 seconds
[2025-12-27T08:05:50.326+0000] {processor.py:186} INFO - Started process (PID=344) to work on /opt/airflow/dags/fraud_detection_training_dag.py
[2025-12-27T08:05:50.327+0000] {processor.py:914} INFO - Processing file /opt/airflow/dags/fraud_detection_training_dag.py for tasks to queue
[2025-12-27T08:05:50.329+0000] {logging_mixin.py:190} INFO - [2025-12-27T08:05:50.329+0000] {dagbag.py:588} INFO - Filling up the DagBag from /opt/airflow/dags/fraud_detection_training_dag.py
[2025-12-27T08:05:50.340+0000] {processor.py:925} INFO - DAG(s) 'fraud_detection_training' retrieved from /opt/airflow/dags/fraud_detection_training_dag.py
[2025-12-27T08:05:50.357+0000] {logging_mixin.py:190} INFO - [2025-12-27T08:05:50.357+0000] {dag.py:3239} INFO - Sync 1 DAGs
[2025-12-27T08:05:50.370+0000] {logging_mixin.py:190} INFO - [2025-12-27T08:05:50.370+0000] {dag.py:4180} INFO - Setting next_dagrun for fraud_detection_training to 2025-12-27 03:00:00+00:00, run_after=2025-12-28 03:00:00+00:00
[2025-12-27T08:05:50.379+0000] {processor.py:208} INFO - Processing /opt/airflow/dags/fraud_detection_training_dag.py took 0.057 seconds
[2025-12-27T08:06:20.438+0000] {processor.py:186} INFO - Started process (PID=345) to work on /opt/airflow/dags/fraud_detection_training_dag.py
[2025-12-27T08:06:20.439+0000] {processor.py:914} INFO - Processing file /opt/airflow/dags/fraud_detection_training_dag.py for tasks to queue
[2025-12-27T08:06:20.441+0000] {logging_mixin.py:190} INFO - [2025-12-27T08:06:20.440+0000] {dagbag.py:588} INFO - Filling up the DagBag from /opt/airflow/dags/fraud_detection_training_dag.py
[2025-12-27T08:06:20.448+0000] {processor.py:925} INFO - DAG(s) 'fraud_detection_training' retrieved from /opt/airflow/dags/fraud_detection_training_dag.py
[2025-12-27T08:06:20.470+0000] {logging_mixin.py:190} INFO - [2025-12-27T08:06:20.470+0000] {dag.py:3239} INFO - Sync 1 DAGs
[2025-12-27T08:06:20.483+0000] {logging_mixin.py:190} INFO - [2025-12-27T08:06:20.483+0000] {dag.py:4180} INFO - Setting next_dagrun for fraud_detection_training to 2025-12-27 03:00:00+00:00, run_after=2025-12-28 03:00:00+00:00
[2025-12-27T08:06:20.492+0000] {processor.py:208} INFO - Processing /opt/airflow/dags/fraud_detection_training_dag.py took 0.057 seconds
[2025-12-27T08:06:50.594+0000] {processor.py:186} INFO - Started process (PID=352) to work on /opt/airflow/dags/fraud_detection_training_dag.py
[2025-12-27T08:06:50.595+0000] {processor.py:914} INFO - Processing file /opt/airflow/dags/fraud_detection_training_dag.py for tasks to queue
[2025-12-27T08:06:50.597+0000] {logging_mixin.py:190} INFO - [2025-12-27T08:06:50.597+0000] {dagbag.py:588} INFO - Filling up the DagBag from /opt/airflow/dags/fraud_detection_training_dag.py
[2025-12-27T08:06:50.614+0000] {processor.py:925} INFO - DAG(s) 'fraud_detection_training' retrieved from /opt/airflow/dags/fraud_detection_training_dag.py
[2025-12-27T08:06:50.631+0000] {logging_mixin.py:190} INFO - [2025-12-27T08:06:50.631+0000] {dag.py:3239} INFO - Sync 1 DAGs
[2025-12-27T08:06:50.644+0000] {logging_mixin.py:190} INFO - [2025-12-27T08:06:50.644+0000] {dag.py:4180} INFO - Setting next_dagrun for fraud_detection_training to 2025-12-27 03:00:00+00:00, run_after=2025-12-28 03:00:00+00:00
[2025-12-27T08:06:50.652+0000] {processor.py:208} INFO - Processing /opt/airflow/dags/fraud_detection_training_dag.py took 0.063 seconds
[2025-12-27T08:07:20.711+0000] {processor.py:186} INFO - Started process (PID=353) to work on /opt/airflow/dags/fraud_detection_training_dag.py
[2025-12-27T08:07:20.711+0000] {processor.py:914} INFO - Processing file /opt/airflow/dags/fraud_detection_training_dag.py for tasks to queue
[2025-12-27T08:07:20.712+0000] {logging_mixin.py:190} INFO - [2025-12-27T08:07:20.712+0000] {dagbag.py:588} INFO - Filling up the DagBag from /opt/airflow/dags/fraud_detection_training_dag.py
[2025-12-27T08:07:20.719+0000] {processor.py:925} INFO - DAG(s) 'fraud_detection_training' retrieved from /opt/airflow/dags/fraud_detection_training_dag.py
[2025-12-27T08:07:20.741+0000] {logging_mixin.py:190} INFO - [2025-12-27T08:07:20.740+0000] {dag.py:3239} INFO - Sync 1 DAGs
[2025-12-27T08:07:20.760+0000] {logging_mixin.py:190} INFO - [2025-12-27T08:07:20.760+0000] {dag.py:4180} INFO - Setting next_dagrun for fraud_detection_training to 2025-12-27 03:00:00+00:00, run_after=2025-12-28 03:00:00+00:00
[2025-12-27T08:07:20.769+0000] {processor.py:208} INFO - Processing /opt/airflow/dags/fraud_detection_training_dag.py took 0.063 seconds
[2025-12-27T08:07:50.861+0000] {processor.py:186} INFO - Started process (PID=360) to work on /opt/airflow/dags/fraud_detection_training_dag.py
[2025-12-27T08:07:50.861+0000] {processor.py:914} INFO - Processing file /opt/airflow/dags/fraud_detection_training_dag.py for tasks to queue
[2025-12-27T08:07:50.864+0000] {logging_mixin.py:190} INFO - [2025-12-27T08:07:50.864+0000] {dagbag.py:588} INFO - Filling up the DagBag from /opt/airflow/dags/fraud_detection_training_dag.py
[2025-12-27T08:07:50.877+0000] {processor.py:925} INFO - DAG(s) 'fraud_detection_training' retrieved from /opt/airflow/dags/fraud_detection_training_dag.py
[2025-12-27T08:07:50.892+0000] {logging_mixin.py:190} INFO - [2025-12-27T08:07:50.892+0000] {dag.py:3239} INFO - Sync 1 DAGs
[2025-12-27T08:07:50.904+0000] {logging_mixin.py:190} INFO - [2025-12-27T08:07:50.903+0000] {dag.py:4180} INFO - Setting next_dagrun for fraud_detection_training to 2025-12-27 03:00:00+00:00, run_after=2025-12-28 03:00:00+00:00
[2025-12-27T08:07:50.912+0000] {processor.py:208} INFO - Processing /opt/airflow/dags/fraud_detection_training_dag.py took 0.056 seconds
[2025-12-27T08:08:20.988+0000] {processor.py:186} INFO - Started process (PID=361) to work on /opt/airflow/dags/fraud_detection_training_dag.py
[2025-12-27T08:08:20.989+0000] {processor.py:914} INFO - Processing file /opt/airflow/dags/fraud_detection_training_dag.py for tasks to queue
[2025-12-27T08:08:20.990+0000] {logging_mixin.py:190} INFO - [2025-12-27T08:08:20.990+0000] {dagbag.py:588} INFO - Filling up the DagBag from /opt/airflow/dags/fraud_detection_training_dag.py
[2025-12-27T08:08:20.998+0000] {processor.py:925} INFO - DAG(s) 'fraud_detection_training' retrieved from /opt/airflow/dags/fraud_detection_training_dag.py
[2025-12-27T08:08:21.017+0000] {logging_mixin.py:190} INFO - [2025-12-27T08:08:21.017+0000] {dag.py:3239} INFO - Sync 1 DAGs
[2025-12-27T08:08:21.032+0000] {logging_mixin.py:190} INFO - [2025-12-27T08:08:21.032+0000] {dag.py:4180} INFO - Setting next_dagrun for fraud_detection_training to 2025-12-27 03:00:00+00:00, run_after=2025-12-28 03:00:00+00:00
[2025-12-27T08:08:21.047+0000] {processor.py:208} INFO - Processing /opt/airflow/dags/fraud_detection_training_dag.py took 0.064 seconds
[2025-12-27T08:08:51.131+0000] {processor.py:186} INFO - Started process (PID=367) to work on /opt/airflow/dags/fraud_detection_training_dag.py
[2025-12-27T08:08:51.132+0000] {processor.py:914} INFO - Processing file /opt/airflow/dags/fraud_detection_training_dag.py for tasks to queue
[2025-12-27T08:08:51.135+0000] {logging_mixin.py:190} INFO - [2025-12-27T08:08:51.134+0000] {dagbag.py:588} INFO - Filling up the DagBag from /opt/airflow/dags/fraud_detection_training_dag.py
[2025-12-27T08:08:51.151+0000] {processor.py:925} INFO - DAG(s) 'fraud_detection_training' retrieved from /opt/airflow/dags/fraud_detection_training_dag.py
[2025-12-27T08:08:51.167+0000] {logging_mixin.py:190} INFO - [2025-12-27T08:08:51.167+0000] {dag.py:3239} INFO - Sync 1 DAGs
[2025-12-27T08:08:51.179+0000] {logging_mixin.py:190} INFO - [2025-12-27T08:08:51.178+0000] {dag.py:4180} INFO - Setting next_dagrun for fraud_detection_training to 2025-12-27 03:00:00+00:00, run_after=2025-12-28 03:00:00+00:00
[2025-12-27T08:08:51.189+0000] {processor.py:208} INFO - Processing /opt/airflow/dags/fraud_detection_training_dag.py took 0.062 seconds
[2025-12-27T08:09:21.267+0000] {processor.py:186} INFO - Started process (PID=368) to work on /opt/airflow/dags/fraud_detection_training_dag.py
[2025-12-27T08:09:21.268+0000] {processor.py:914} INFO - Processing file /opt/airflow/dags/fraud_detection_training_dag.py for tasks to queue
[2025-12-27T08:09:21.269+0000] {logging_mixin.py:190} INFO - [2025-12-27T08:09:21.269+0000] {dagbag.py:588} INFO - Filling up the DagBag from /opt/airflow/dags/fraud_detection_training_dag.py
[2025-12-27T08:09:21.277+0000] {processor.py:925} INFO - DAG(s) 'fraud_detection_training' retrieved from /opt/airflow/dags/fraud_detection_training_dag.py
[2025-12-27T08:09:21.297+0000] {logging_mixin.py:190} INFO - [2025-12-27T08:09:21.297+0000] {dag.py:3239} INFO - Sync 1 DAGs
[2025-12-27T08:09:21.311+0000] {logging_mixin.py:190} INFO - [2025-12-27T08:09:21.310+0000] {dag.py:4180} INFO - Setting next_dagrun for fraud_detection_training to 2025-12-27 03:00:00+00:00, run_after=2025-12-28 03:00:00+00:00
[2025-12-27T08:09:21.319+0000] {processor.py:208} INFO - Processing /opt/airflow/dags/fraud_detection_training_dag.py took 0.055 seconds
[2025-12-27T08:09:51.396+0000] {processor.py:186} INFO - Started process (PID=375) to work on /opt/airflow/dags/fraud_detection_training_dag.py
[2025-12-27T08:09:51.396+0000] {processor.py:914} INFO - Processing file /opt/airflow/dags/fraud_detection_training_dag.py for tasks to queue
[2025-12-27T08:09:51.398+0000] {logging_mixin.py:190} INFO - [2025-12-27T08:09:51.398+0000] {dagbag.py:588} INFO - Filling up the DagBag from /opt/airflow/dags/fraud_detection_training_dag.py
[2025-12-27T08:09:51.407+0000] {processor.py:925} INFO - DAG(s) 'fraud_detection_training' retrieved from /opt/airflow/dags/fraud_detection_training_dag.py
[2025-12-27T08:09:51.423+0000] {logging_mixin.py:190} INFO - [2025-12-27T08:09:51.422+0000] {dag.py:3239} INFO - Sync 1 DAGs
[2025-12-27T08:09:51.434+0000] {logging_mixin.py:190} INFO - [2025-12-27T08:09:51.434+0000] {dag.py:4180} INFO - Setting next_dagrun for fraud_detection_training to 2025-12-27 03:00:00+00:00, run_after=2025-12-28 03:00:00+00:00
[2025-12-27T08:09:51.442+0000] {processor.py:208} INFO - Processing /opt/airflow/dags/fraud_detection_training_dag.py took 0.051 seconds
[2025-12-27T08:10:21.515+0000] {processor.py:186} INFO - Started process (PID=376) to work on /opt/airflow/dags/fraud_detection_training_dag.py
[2025-12-27T08:10:21.515+0000] {processor.py:914} INFO - Processing file /opt/airflow/dags/fraud_detection_training_dag.py for tasks to queue
[2025-12-27T08:10:21.516+0000] {logging_mixin.py:190} INFO - [2025-12-27T08:10:21.516+0000] {dagbag.py:588} INFO - Filling up the DagBag from /opt/airflow/dags/fraud_detection_training_dag.py
[2025-12-27T08:10:21.523+0000] {processor.py:925} INFO - DAG(s) 'fraud_detection_training' retrieved from /opt/airflow/dags/fraud_detection_training_dag.py
[2025-12-27T08:10:21.544+0000] {logging_mixin.py:190} INFO - [2025-12-27T08:10:21.544+0000] {dag.py:3239} INFO - Sync 1 DAGs
[2025-12-27T08:10:21.557+0000] {logging_mixin.py:190} INFO - [2025-12-27T08:10:21.557+0000] {dag.py:4180} INFO - Setting next_dagrun for fraud_detection_training to 2025-12-27 03:00:00+00:00, run_after=2025-12-28 03:00:00+00:00
[2025-12-27T08:10:21.565+0000] {processor.py:208} INFO - Processing /opt/airflow/dags/fraud_detection_training_dag.py took 0.054 seconds
[2025-12-27T08:10:51.669+0000] {processor.py:186} INFO - Started process (PID=383) to work on /opt/airflow/dags/fraud_detection_training_dag.py
[2025-12-27T08:10:51.670+0000] {processor.py:914} INFO - Processing file /opt/airflow/dags/fraud_detection_training_dag.py for tasks to queue
[2025-12-27T08:10:51.672+0000] {logging_mixin.py:190} INFO - [2025-12-27T08:10:51.672+0000] {dagbag.py:588} INFO - Filling up the DagBag from /opt/airflow/dags/fraud_detection_training_dag.py
[2025-12-27T08:10:51.684+0000] {processor.py:925} INFO - DAG(s) 'fraud_detection_training' retrieved from /opt/airflow/dags/fraud_detection_training_dag.py
[2025-12-27T08:10:51.709+0000] {logging_mixin.py:190} INFO - [2025-12-27T08:10:51.708+0000] {dag.py:3239} INFO - Sync 1 DAGs
[2025-12-27T08:10:51.725+0000] {logging_mixin.py:190} INFO - [2025-12-27T08:10:51.725+0000] {dag.py:4180} INFO - Setting next_dagrun for fraud_detection_training to 2025-12-27 03:00:00+00:00, run_after=2025-12-28 03:00:00+00:00
[2025-12-27T08:10:51.734+0000] {processor.py:208} INFO - Processing /opt/airflow/dags/fraud_detection_training_dag.py took 0.071 seconds
[2025-12-27T08:11:21.786+0000] {processor.py:186} INFO - Started process (PID=384) to work on /opt/airflow/dags/fraud_detection_training_dag.py
[2025-12-27T08:11:21.786+0000] {processor.py:914} INFO - Processing file /opt/airflow/dags/fraud_detection_training_dag.py for tasks to queue
[2025-12-27T08:11:21.788+0000] {logging_mixin.py:190} INFO - [2025-12-27T08:11:21.787+0000] {dagbag.py:588} INFO - Filling up the DagBag from /opt/airflow/dags/fraud_detection_training_dag.py
[2025-12-27T08:11:21.795+0000] {processor.py:925} INFO - DAG(s) 'fraud_detection_training' retrieved from /opt/airflow/dags/fraud_detection_training_dag.py
[2025-12-27T08:11:21.829+0000] {logging_mixin.py:190} INFO - [2025-12-27T08:11:21.828+0000] {dag.py:3239} INFO - Sync 1 DAGs
[2025-12-27T08:11:21.863+0000] {logging_mixin.py:190} INFO - [2025-12-27T08:11:21.863+0000] {dag.py:4180} INFO - Setting next_dagrun for fraud_detection_training to 2025-12-27 03:00:00+00:00, run_after=2025-12-28 03:00:00+00:00
[2025-12-27T08:11:21.885+0000] {processor.py:208} INFO - Processing /opt/airflow/dags/fraud_detection_training_dag.py took 0.104 seconds
[2025-12-27T08:11:51.956+0000] {processor.py:186} INFO - Started process (PID=391) to work on /opt/airflow/dags/fraud_detection_training_dag.py
[2025-12-27T08:11:51.956+0000] {processor.py:914} INFO - Processing file /opt/airflow/dags/fraud_detection_training_dag.py for tasks to queue
[2025-12-27T08:11:51.958+0000] {logging_mixin.py:190} INFO - [2025-12-27T08:11:51.958+0000] {dagbag.py:588} INFO - Filling up the DagBag from /opt/airflow/dags/fraud_detection_training_dag.py
[2025-12-27T08:11:51.967+0000] {processor.py:925} INFO - DAG(s) 'fraud_detection_training' retrieved from /opt/airflow/dags/fraud_detection_training_dag.py
[2025-12-27T08:11:51.986+0000] {logging_mixin.py:190} INFO - [2025-12-27T08:11:51.986+0000] {dag.py:3239} INFO - Sync 1 DAGs
[2025-12-27T08:11:51.998+0000] {logging_mixin.py:190} INFO - [2025-12-27T08:11:51.998+0000] {dag.py:4180} INFO - Setting next_dagrun for fraud_detection_training to 2025-12-27 03:00:00+00:00, run_after=2025-12-28 03:00:00+00:00
[2025-12-27T08:11:52.007+0000] {processor.py:208} INFO - Processing /opt/airflow/dags/fraud_detection_training_dag.py took 0.055 seconds
[2025-12-27T08:12:22.115+0000] {processor.py:186} INFO - Started process (PID=392) to work on /opt/airflow/dags/fraud_detection_training_dag.py
[2025-12-27T08:12:22.116+0000] {processor.py:914} INFO - Processing file /opt/airflow/dags/fraud_detection_training_dag.py for tasks to queue
[2025-12-27T08:12:22.118+0000] {logging_mixin.py:190} INFO - [2025-12-27T08:12:22.118+0000] {dagbag.py:588} INFO - Filling up the DagBag from /opt/airflow/dags/fraud_detection_training_dag.py
[2025-12-27T08:12:22.127+0000] {processor.py:925} INFO - DAG(s) 'fraud_detection_training' retrieved from /opt/airflow/dags/fraud_detection_training_dag.py
[2025-12-27T08:12:22.148+0000] {logging_mixin.py:190} INFO - [2025-12-27T08:12:22.148+0000] {dag.py:3239} INFO - Sync 1 DAGs
[2025-12-27T08:12:22.171+0000] {logging_mixin.py:190} INFO - [2025-12-27T08:12:22.171+0000] {dag.py:4180} INFO - Setting next_dagrun for fraud_detection_training to 2025-12-27 03:00:00+00:00, run_after=2025-12-28 03:00:00+00:00
[2025-12-27T08:12:22.181+0000] {processor.py:208} INFO - Processing /opt/airflow/dags/fraud_detection_training_dag.py took 0.071 seconds
[2025-12-27T08:12:52.246+0000] {processor.py:186} INFO - Started process (PID=399) to work on /opt/airflow/dags/fraud_detection_training_dag.py
[2025-12-27T08:12:52.247+0000] {processor.py:914} INFO - Processing file /opt/airflow/dags/fraud_detection_training_dag.py for tasks to queue
[2025-12-27T08:12:52.249+0000] {logging_mixin.py:190} INFO - [2025-12-27T08:12:52.249+0000] {dagbag.py:588} INFO - Filling up the DagBag from /opt/airflow/dags/fraud_detection_training_dag.py
[2025-12-27T08:12:52.259+0000] {processor.py:925} INFO - DAG(s) 'fraud_detection_training' retrieved from /opt/airflow/dags/fraud_detection_training_dag.py
[2025-12-27T08:12:52.277+0000] {logging_mixin.py:190} INFO - [2025-12-27T08:12:52.277+0000] {dag.py:3239} INFO - Sync 1 DAGs
[2025-12-27T08:12:52.289+0000] {logging_mixin.py:190} INFO - [2025-12-27T08:12:52.289+0000] {dag.py:4180} INFO - Setting next_dagrun for fraud_detection_training to 2025-12-27 03:00:00+00:00, run_after=2025-12-28 03:00:00+00:00
[2025-12-27T08:12:52.297+0000] {processor.py:208} INFO - Processing /opt/airflow/dags/fraud_detection_training_dag.py took 0.055 seconds
[2025-12-27T08:13:22.394+0000] {processor.py:186} INFO - Started process (PID=400) to work on /opt/airflow/dags/fraud_detection_training_dag.py
[2025-12-27T08:13:22.394+0000] {processor.py:914} INFO - Processing file /opt/airflow/dags/fraud_detection_training_dag.py for tasks to queue
[2025-12-27T08:13:22.396+0000] {logging_mixin.py:190} INFO - [2025-12-27T08:13:22.396+0000] {dagbag.py:588} INFO - Filling up the DagBag from /opt/airflow/dags/fraud_detection_training_dag.py
[2025-12-27T08:13:22.404+0000] {processor.py:925} INFO - DAG(s) 'fraud_detection_training' retrieved from /opt/airflow/dags/fraud_detection_training_dag.py
[2025-12-27T08:13:22.423+0000] {logging_mixin.py:190} INFO - [2025-12-27T08:13:22.422+0000] {dag.py:3239} INFO - Sync 1 DAGs
[2025-12-27T08:13:22.435+0000] {logging_mixin.py:190} INFO - [2025-12-27T08:13:22.435+0000] {dag.py:4180} INFO - Setting next_dagrun for fraud_detection_training to 2025-12-27 03:00:00+00:00, run_after=2025-12-28 03:00:00+00:00
[2025-12-27T08:13:22.444+0000] {processor.py:208} INFO - Processing /opt/airflow/dags/fraud_detection_training_dag.py took 0.054 seconds
[2025-12-27T08:13:52.511+0000] {processor.py:186} INFO - Started process (PID=407) to work on /opt/airflow/dags/fraud_detection_training_dag.py
[2025-12-27T08:13:52.512+0000] {processor.py:914} INFO - Processing file /opt/airflow/dags/fraud_detection_training_dag.py for tasks to queue
[2025-12-27T08:13:52.519+0000] {logging_mixin.py:190} INFO - [2025-12-27T08:13:52.518+0000] {dagbag.py:588} INFO - Filling up the DagBag from /opt/airflow/dags/fraud_detection_training_dag.py
[2025-12-27T08:13:52.538+0000] {processor.py:925} INFO - DAG(s) 'fraud_detection_training' retrieved from /opt/airflow/dags/fraud_detection_training_dag.py
[2025-12-27T08:13:52.563+0000] {logging_mixin.py:190} INFO - [2025-12-27T08:13:52.563+0000] {dag.py:3239} INFO - Sync 1 DAGs
[2025-12-27T08:13:52.583+0000] {logging_mixin.py:190} INFO - [2025-12-27T08:13:52.582+0000] {dag.py:4180} INFO - Setting next_dagrun for fraud_detection_training to 2025-12-27 03:00:00+00:00, run_after=2025-12-28 03:00:00+00:00
[2025-12-27T08:13:52.607+0000] {processor.py:208} INFO - Processing /opt/airflow/dags/fraud_detection_training_dag.py took 0.100 seconds
[2025-12-27T08:14:22.658+0000] {processor.py:186} INFO - Started process (PID=408) to work on /opt/airflow/dags/fraud_detection_training_dag.py
[2025-12-27T08:14:22.658+0000] {processor.py:914} INFO - Processing file /opt/airflow/dags/fraud_detection_training_dag.py for tasks to queue
[2025-12-27T08:14:22.660+0000] {logging_mixin.py:190} INFO - [2025-12-27T08:14:22.660+0000] {dagbag.py:588} INFO - Filling up the DagBag from /opt/airflow/dags/fraud_detection_training_dag.py
[2025-12-27T08:14:22.668+0000] {processor.py:925} INFO - DAG(s) 'fraud_detection_training' retrieved from /opt/airflow/dags/fraud_detection_training_dag.py
[2025-12-27T08:14:22.684+0000] {logging_mixin.py:190} INFO - [2025-12-27T08:14:22.684+0000] {dag.py:3239} INFO - Sync 1 DAGs
[2025-12-27T08:14:22.699+0000] {logging_mixin.py:190} INFO - [2025-12-27T08:14:22.698+0000] {dag.py:4180} INFO - Setting next_dagrun for fraud_detection_training to 2025-12-27 03:00:00+00:00, run_after=2025-12-28 03:00:00+00:00
[2025-12-27T08:14:22.708+0000] {processor.py:208} INFO - Processing /opt/airflow/dags/fraud_detection_training_dag.py took 0.055 seconds
[2025-12-27T08:14:52.835+0000] {processor.py:186} INFO - Started process (PID=415) to work on /opt/airflow/dags/fraud_detection_training_dag.py
[2025-12-27T08:14:52.836+0000] {processor.py:914} INFO - Processing file /opt/airflow/dags/fraud_detection_training_dag.py for tasks to queue
[2025-12-27T08:14:52.839+0000] {logging_mixin.py:190} INFO - [2025-12-27T08:14:52.838+0000] {dagbag.py:588} INFO - Filling up the DagBag from /opt/airflow/dags/fraud_detection_training_dag.py
[2025-12-27T08:14:52.853+0000] {processor.py:925} INFO - DAG(s) 'fraud_detection_training' retrieved from /opt/airflow/dags/fraud_detection_training_dag.py
[2025-12-27T08:14:52.894+0000] {logging_mixin.py:190} INFO - [2025-12-27T08:14:52.893+0000] {dag.py:3239} INFO - Sync 1 DAGs
[2025-12-27T08:14:52.921+0000] {logging_mixin.py:190} INFO - [2025-12-27T08:14:52.921+0000] {dag.py:4180} INFO - Setting next_dagrun for fraud_detection_training to 2025-12-27 03:00:00+00:00, run_after=2025-12-28 03:00:00+00:00
[2025-12-27T08:14:52.935+0000] {processor.py:208} INFO - Processing /opt/airflow/dags/fraud_detection_training_dag.py took 0.110 seconds
[2025-12-27T08:15:22.969+0000] {processor.py:186} INFO - Started process (PID=416) to work on /opt/airflow/dags/fraud_detection_training_dag.py
[2025-12-27T08:15:22.970+0000] {processor.py:914} INFO - Processing file /opt/airflow/dags/fraud_detection_training_dag.py for tasks to queue
[2025-12-27T08:15:22.973+0000] {logging_mixin.py:190} INFO - [2025-12-27T08:15:22.973+0000] {dagbag.py:588} INFO - Filling up the DagBag from /opt/airflow/dags/fraud_detection_training_dag.py
[2025-12-27T08:15:22.985+0000] {processor.py:925} INFO - DAG(s) 'fraud_detection_training' retrieved from /opt/airflow/dags/fraud_detection_training_dag.py
[2025-12-27T08:15:23.007+0000] {logging_mixin.py:190} INFO - [2025-12-27T08:15:23.007+0000] {dag.py:3239} INFO - Sync 1 DAGs
[2025-12-27T08:15:23.023+0000] {logging_mixin.py:190} INFO - [2025-12-27T08:15:23.023+0000] {dag.py:4180} INFO - Setting next_dagrun for fraud_detection_training to 2025-12-27 03:00:00+00:00, run_after=2025-12-28 03:00:00+00:00
[2025-12-27T08:15:23.033+0000] {processor.py:208} INFO - Processing /opt/airflow/dags/fraud_detection_training_dag.py took 0.069 seconds
[2025-12-27T08:15:53.101+0000] {processor.py:186} INFO - Started process (PID=423) to work on /opt/airflow/dags/fraud_detection_training_dag.py
[2025-12-27T08:15:53.101+0000] {processor.py:914} INFO - Processing file /opt/airflow/dags/fraud_detection_training_dag.py for tasks to queue
[2025-12-27T08:15:53.102+0000] {logging_mixin.py:190} INFO - [2025-12-27T08:15:53.102+0000] {dagbag.py:588} INFO - Filling up the DagBag from /opt/airflow/dags/fraud_detection_training_dag.py
[2025-12-27T08:15:53.110+0000] {processor.py:925} INFO - DAG(s) 'fraud_detection_training' retrieved from /opt/airflow/dags/fraud_detection_training_dag.py
[2025-12-27T08:15:53.132+0000] {logging_mixin.py:190} INFO - [2025-12-27T08:15:53.132+0000] {dag.py:3239} INFO - Sync 1 DAGs
[2025-12-27T08:15:53.146+0000] {logging_mixin.py:190} INFO - [2025-12-27T08:15:53.146+0000] {dag.py:4180} INFO - Setting next_dagrun for fraud_detection_training to 2025-12-27 03:00:00+00:00, run_after=2025-12-28 03:00:00+00:00
[2025-12-27T08:15:53.156+0000] {processor.py:208} INFO - Processing /opt/airflow/dags/fraud_detection_training_dag.py took 0.059 seconds
[2025-12-27T08:16:23.247+0000] {processor.py:186} INFO - Started process (PID=424) to work on /opt/airflow/dags/fraud_detection_training_dag.py
[2025-12-27T08:16:23.247+0000] {processor.py:914} INFO - Processing file /opt/airflow/dags/fraud_detection_training_dag.py for tasks to queue
[2025-12-27T08:16:23.249+0000] {logging_mixin.py:190} INFO - [2025-12-27T08:16:23.249+0000] {dagbag.py:588} INFO - Filling up the DagBag from /opt/airflow/dags/fraud_detection_training_dag.py
[2025-12-27T08:16:23.258+0000] {processor.py:925} INFO - DAG(s) 'fraud_detection_training' retrieved from /opt/airflow/dags/fraud_detection_training_dag.py
[2025-12-27T08:16:23.280+0000] {logging_mixin.py:190} INFO - [2025-12-27T08:16:23.280+0000] {dag.py:3239} INFO - Sync 1 DAGs
[2025-12-27T08:16:23.294+0000] {logging_mixin.py:190} INFO - [2025-12-27T08:16:23.294+0000] {dag.py:4180} INFO - Setting next_dagrun for fraud_detection_training to 2025-12-27 03:00:00+00:00, run_after=2025-12-28 03:00:00+00:00
[2025-12-27T08:16:23.304+0000] {processor.py:208} INFO - Processing /opt/airflow/dags/fraud_detection_training_dag.py took 0.062 seconds
[2025-12-27T08:16:53.361+0000] {processor.py:186} INFO - Started process (PID=431) to work on /opt/airflow/dags/fraud_detection_training_dag.py
[2025-12-27T08:16:53.361+0000] {processor.py:914} INFO - Processing file /opt/airflow/dags/fraud_detection_training_dag.py for tasks to queue
[2025-12-27T08:16:53.363+0000] {logging_mixin.py:190} INFO - [2025-12-27T08:16:53.362+0000] {dagbag.py:588} INFO - Filling up the DagBag from /opt/airflow/dags/fraud_detection_training_dag.py
[2025-12-27T08:16:53.369+0000] {processor.py:925} INFO - DAG(s) 'fraud_detection_training' retrieved from /opt/airflow/dags/fraud_detection_training_dag.py
[2025-12-27T08:16:53.386+0000] {logging_mixin.py:190} INFO - [2025-12-27T08:16:53.386+0000] {dag.py:3239} INFO - Sync 1 DAGs
[2025-12-27T08:16:53.397+0000] {logging_mixin.py:190} INFO - [2025-12-27T08:16:53.397+0000] {dag.py:4180} INFO - Setting next_dagrun for fraud_detection_training to 2025-12-27 03:00:00+00:00, run_after=2025-12-28 03:00:00+00:00
[2025-12-27T08:16:53.405+0000] {processor.py:208} INFO - Processing /opt/airflow/dags/fraud_detection_training_dag.py took 0.048 seconds
[2025-12-27T08:17:23.522+0000] {processor.py:186} INFO - Started process (PID=432) to work on /opt/airflow/dags/fraud_detection_training_dag.py
[2025-12-27T08:17:23.522+0000] {processor.py:914} INFO - Processing file /opt/airflow/dags/fraud_detection_training_dag.py for tasks to queue
[2025-12-27T08:17:23.525+0000] {logging_mixin.py:190} INFO - [2025-12-27T08:17:23.525+0000] {dagbag.py:588} INFO - Filling up the DagBag from /opt/airflow/dags/fraud_detection_training_dag.py
[2025-12-27T08:17:23.536+0000] {processor.py:925} INFO - DAG(s) 'fraud_detection_training' retrieved from /opt/airflow/dags/fraud_detection_training_dag.py
[2025-12-27T08:17:23.558+0000] {logging_mixin.py:190} INFO - [2025-12-27T08:17:23.558+0000] {dag.py:3239} INFO - Sync 1 DAGs
[2025-12-27T08:17:23.573+0000] {logging_mixin.py:190} INFO - [2025-12-27T08:17:23.573+0000] {dag.py:4180} INFO - Setting next_dagrun for fraud_detection_training to 2025-12-27 03:00:00+00:00, run_after=2025-12-28 03:00:00+00:00
[2025-12-27T08:17:23.585+0000] {processor.py:208} INFO - Processing /opt/airflow/dags/fraud_detection_training_dag.py took 0.068 seconds
[2025-12-27T08:17:53.638+0000] {processor.py:186} INFO - Started process (PID=439) to work on /opt/airflow/dags/fraud_detection_training_dag.py
[2025-12-27T08:17:53.638+0000] {processor.py:914} INFO - Processing file /opt/airflow/dags/fraud_detection_training_dag.py for tasks to queue
[2025-12-27T08:17:53.640+0000] {logging_mixin.py:190} INFO - [2025-12-27T08:17:53.640+0000] {dagbag.py:588} INFO - Filling up the DagBag from /opt/airflow/dags/fraud_detection_training_dag.py
[2025-12-27T08:17:53.648+0000] {processor.py:925} INFO - DAG(s) 'fraud_detection_training' retrieved from /opt/airflow/dags/fraud_detection_training_dag.py
[2025-12-27T08:17:53.668+0000] {logging_mixin.py:190} INFO - [2025-12-27T08:17:53.668+0000] {dag.py:3239} INFO - Sync 1 DAGs
[2025-12-27T08:17:53.681+0000] {logging_mixin.py:190} INFO - [2025-12-27T08:17:53.680+0000] {dag.py:4180} INFO - Setting next_dagrun for fraud_detection_training to 2025-12-27 03:00:00+00:00, run_after=2025-12-28 03:00:00+00:00
[2025-12-27T08:17:53.689+0000] {processor.py:208} INFO - Processing /opt/airflow/dags/fraud_detection_training_dag.py took 0.055 seconds
[2025-12-27T08:18:23.810+0000] {processor.py:186} INFO - Started process (PID=440) to work on /opt/airflow/dags/fraud_detection_training_dag.py
[2025-12-27T08:18:23.811+0000] {processor.py:914} INFO - Processing file /opt/airflow/dags/fraud_detection_training_dag.py for tasks to queue
[2025-12-27T08:18:23.813+0000] {logging_mixin.py:190} INFO - [2025-12-27T08:18:23.813+0000] {dagbag.py:588} INFO - Filling up the DagBag from /opt/airflow/dags/fraud_detection_training_dag.py
[2025-12-27T08:18:23.823+0000] {processor.py:925} INFO - DAG(s) 'fraud_detection_training' retrieved from /opt/airflow/dags/fraud_detection_training_dag.py
[2025-12-27T08:18:23.845+0000] {logging_mixin.py:190} INFO - [2025-12-27T08:18:23.845+0000] {dag.py:3239} INFO - Sync 1 DAGs
[2025-12-27T08:18:23.860+0000] {logging_mixin.py:190} INFO - [2025-12-27T08:18:23.860+0000] {dag.py:4180} INFO - Setting next_dagrun for fraud_detection_training to 2025-12-27 03:00:00+00:00, run_after=2025-12-28 03:00:00+00:00
[2025-12-27T08:18:23.870+0000] {processor.py:208} INFO - Processing /opt/airflow/dags/fraud_detection_training_dag.py took 0.066 seconds
[2025-12-27T08:18:53.925+0000] {processor.py:186} INFO - Started process (PID=447) to work on /opt/airflow/dags/fraud_detection_training_dag.py
[2025-12-27T08:18:53.925+0000] {processor.py:914} INFO - Processing file /opt/airflow/dags/fraud_detection_training_dag.py for tasks to queue
[2025-12-27T08:18:53.926+0000] {logging_mixin.py:190} INFO - [2025-12-27T08:18:53.926+0000] {dagbag.py:588} INFO - Filling up the DagBag from /opt/airflow/dags/fraud_detection_training_dag.py
[2025-12-27T08:18:53.933+0000] {processor.py:925} INFO - DAG(s) 'fraud_detection_training' retrieved from /opt/airflow/dags/fraud_detection_training_dag.py
[2025-12-27T08:18:53.952+0000] {logging_mixin.py:190} INFO - [2025-12-27T08:18:53.952+0000] {dag.py:3239} INFO - Sync 1 DAGs
[2025-12-27T08:18:53.966+0000] {logging_mixin.py:190} INFO - [2025-12-27T08:18:53.966+0000] {dag.py:4180} INFO - Setting next_dagrun for fraud_detection_training to 2025-12-27 03:00:00+00:00, run_after=2025-12-28 03:00:00+00:00
[2025-12-27T08:18:53.974+0000] {processor.py:208} INFO - Processing /opt/airflow/dags/fraud_detection_training_dag.py took 0.052 seconds
[2025-12-27T08:19:24.082+0000] {processor.py:186} INFO - Started process (PID=448) to work on /opt/airflow/dags/fraud_detection_training_dag.py
[2025-12-27T08:19:24.082+0000] {processor.py:914} INFO - Processing file /opt/airflow/dags/fraud_detection_training_dag.py for tasks to queue
[2025-12-27T08:19:24.085+0000] {logging_mixin.py:190} INFO - [2025-12-27T08:19:24.084+0000] {dagbag.py:588} INFO - Filling up the DagBag from /opt/airflow/dags/fraud_detection_training_dag.py
[2025-12-27T08:19:24.095+0000] {processor.py:925} INFO - DAG(s) 'fraud_detection_training' retrieved from /opt/airflow/dags/fraud_detection_training_dag.py
[2025-12-27T08:19:24.120+0000] {logging_mixin.py:190} INFO - [2025-12-27T08:19:24.120+0000] {dag.py:3239} INFO - Sync 1 DAGs
[2025-12-27T08:19:24.137+0000] {logging_mixin.py:190} INFO - [2025-12-27T08:19:24.137+0000] {dag.py:4180} INFO - Setting next_dagrun for fraud_detection_training to 2025-12-27 03:00:00+00:00, run_after=2025-12-28 03:00:00+00:00
[2025-12-27T08:19:24.148+0000] {processor.py:208} INFO - Processing /opt/airflow/dags/fraud_detection_training_dag.py took 0.072 seconds
[2025-12-27T08:19:54.192+0000] {processor.py:186} INFO - Started process (PID=455) to work on /opt/airflow/dags/fraud_detection_training_dag.py
[2025-12-27T08:19:54.192+0000] {processor.py:914} INFO - Processing file /opt/airflow/dags/fraud_detection_training_dag.py for tasks to queue
[2025-12-27T08:19:54.194+0000] {logging_mixin.py:190} INFO - [2025-12-27T08:19:54.194+0000] {dagbag.py:588} INFO - Filling up the DagBag from /opt/airflow/dags/fraud_detection_training_dag.py
[2025-12-27T08:19:54.201+0000] {processor.py:925} INFO - DAG(s) 'fraud_detection_training' retrieved from /opt/airflow/dags/fraud_detection_training_dag.py
[2025-12-27T08:19:54.217+0000] {logging_mixin.py:190} INFO - [2025-12-27T08:19:54.216+0000] {dag.py:3239} INFO - Sync 1 DAGs
[2025-12-27T08:19:54.228+0000] {logging_mixin.py:190} INFO - [2025-12-27T08:19:54.228+0000] {dag.py:4180} INFO - Setting next_dagrun for fraud_detection_training to 2025-12-27 03:00:00+00:00, run_after=2025-12-28 03:00:00+00:00
[2025-12-27T08:19:54.238+0000] {processor.py:208} INFO - Processing /opt/airflow/dags/fraud_detection_training_dag.py took 0.049 seconds
[2025-12-27T08:20:24.371+0000] {processor.py:186} INFO - Started process (PID=456) to work on /opt/airflow/dags/fraud_detection_training_dag.py
[2025-12-27T08:20:24.371+0000] {processor.py:914} INFO - Processing file /opt/airflow/dags/fraud_detection_training_dag.py for tasks to queue
[2025-12-27T08:20:24.374+0000] {logging_mixin.py:190} INFO - [2025-12-27T08:20:24.374+0000] {dagbag.py:588} INFO - Filling up the DagBag from /opt/airflow/dags/fraud_detection_training_dag.py
[2025-12-27T08:20:24.387+0000] {processor.py:925} INFO - DAG(s) 'fraud_detection_training' retrieved from /opt/airflow/dags/fraud_detection_training_dag.py
[2025-12-27T08:20:24.412+0000] {logging_mixin.py:190} INFO - [2025-12-27T08:20:24.412+0000] {dag.py:3239} INFO - Sync 1 DAGs
[2025-12-27T08:20:24.430+0000] {logging_mixin.py:190} INFO - [2025-12-27T08:20:24.429+0000] {dag.py:4180} INFO - Setting next_dagrun for fraud_detection_training to 2025-12-27 03:00:00+00:00, run_after=2025-12-28 03:00:00+00:00
[2025-12-27T08:20:24.440+0000] {processor.py:208} INFO - Processing /opt/airflow/dags/fraud_detection_training_dag.py took 0.076 seconds
[2025-12-27T08:20:54.487+0000] {processor.py:186} INFO - Started process (PID=463) to work on /opt/airflow/dags/fraud_detection_training_dag.py
[2025-12-27T08:20:54.488+0000] {processor.py:914} INFO - Processing file /opt/airflow/dags/fraud_detection_training_dag.py for tasks to queue
[2025-12-27T08:20:54.489+0000] {logging_mixin.py:190} INFO - [2025-12-27T08:20:54.489+0000] {dagbag.py:588} INFO - Filling up the DagBag from /opt/airflow/dags/fraud_detection_training_dag.py
[2025-12-27T08:20:54.495+0000] {processor.py:925} INFO - DAG(s) 'fraud_detection_training' retrieved from /opt/airflow/dags/fraud_detection_training_dag.py
[2025-12-27T08:20:54.511+0000] {logging_mixin.py:190} INFO - [2025-12-27T08:20:54.511+0000] {dag.py:3239} INFO - Sync 1 DAGs
[2025-12-27T08:20:54.523+0000] {logging_mixin.py:190} INFO - [2025-12-27T08:20:54.523+0000] {dag.py:4180} INFO - Setting next_dagrun for fraud_detection_training to 2025-12-27 03:00:00+00:00, run_after=2025-12-28 03:00:00+00:00
[2025-12-27T08:20:54.532+0000] {processor.py:208} INFO - Processing /opt/airflow/dags/fraud_detection_training_dag.py took 0.048 seconds
[2025-12-27T08:21:24.618+0000] {processor.py:186} INFO - Started process (PID=464) to work on /opt/airflow/dags/fraud_detection_training_dag.py
[2025-12-27T08:21:24.619+0000] {processor.py:914} INFO - Processing file /opt/airflow/dags/fraud_detection_training_dag.py for tasks to queue
[2025-12-27T08:21:24.621+0000] {logging_mixin.py:190} INFO - [2025-12-27T08:21:24.621+0000] {dagbag.py:588} INFO - Filling up the DagBag from /opt/airflow/dags/fraud_detection_training_dag.py
[2025-12-27T08:21:24.632+0000] {processor.py:925} INFO - DAG(s) 'fraud_detection_training' retrieved from /opt/airflow/dags/fraud_detection_training_dag.py
[2025-12-27T08:21:24.654+0000] {logging_mixin.py:190} INFO - [2025-12-27T08:21:24.654+0000] {dag.py:3239} INFO - Sync 1 DAGs
[2025-12-27T08:21:24.669+0000] {logging_mixin.py:190} INFO - [2025-12-27T08:21:24.669+0000] {dag.py:4180} INFO - Setting next_dagrun for fraud_detection_training to 2025-12-27 03:00:00+00:00, run_after=2025-12-28 03:00:00+00:00
[2025-12-27T08:21:24.678+0000] {processor.py:208} INFO - Processing /opt/airflow/dags/fraud_detection_training_dag.py took 0.065 seconds
[2025-12-27T08:21:54.775+0000] {processor.py:186} INFO - Started process (PID=471) to work on /opt/airflow/dags/fraud_detection_training_dag.py
[2025-12-27T08:21:54.776+0000] {processor.py:914} INFO - Processing file /opt/airflow/dags/fraud_detection_training_dag.py for tasks to queue
[2025-12-27T08:21:54.778+0000] {logging_mixin.py:190} INFO - [2025-12-27T08:21:54.778+0000] {dagbag.py:588} INFO - Filling up the DagBag from /opt/airflow/dags/fraud_detection_training_dag.py
[2025-12-27T08:21:54.789+0000] {processor.py:925} INFO - DAG(s) 'fraud_detection_training' retrieved from /opt/airflow/dags/fraud_detection_training_dag.py
[2025-12-27T08:21:54.815+0000] {logging_mixin.py:190} INFO - [2025-12-27T08:21:54.815+0000] {dag.py:3239} INFO - Sync 1 DAGs
[2025-12-27T08:21:54.829+0000] {logging_mixin.py:190} INFO - [2025-12-27T08:21:54.829+0000] {dag.py:4180} INFO - Setting next_dagrun for fraud_detection_training to 2025-12-27 03:00:00+00:00, run_after=2025-12-28 03:00:00+00:00
[2025-12-27T08:21:54.838+0000] {processor.py:208} INFO - Processing /opt/airflow/dags/fraud_detection_training_dag.py took 0.067 seconds
[2025-12-27T08:22:24.940+0000] {processor.py:186} INFO - Started process (PID=472) to work on /opt/airflow/dags/fraud_detection_training_dag.py
[2025-12-27T08:22:24.940+0000] {processor.py:914} INFO - Processing file /opt/airflow/dags/fraud_detection_training_dag.py for tasks to queue
[2025-12-27T08:22:24.942+0000] {logging_mixin.py:190} INFO - [2025-12-27T08:22:24.941+0000] {dagbag.py:588} INFO - Filling up the DagBag from /opt/airflow/dags/fraud_detection_training_dag.py
[2025-12-27T08:22:24.949+0000] {processor.py:925} INFO - DAG(s) 'fraud_detection_training' retrieved from /opt/airflow/dags/fraud_detection_training_dag.py
[2025-12-27T08:22:24.966+0000] {logging_mixin.py:190} INFO - [2025-12-27T08:22:24.966+0000] {dag.py:3239} INFO - Sync 1 DAGs
[2025-12-27T08:22:24.981+0000] {logging_mixin.py:190} INFO - [2025-12-27T08:22:24.981+0000] {dag.py:4180} INFO - Setting next_dagrun for fraud_detection_training to 2025-12-27 03:00:00+00:00, run_after=2025-12-28 03:00:00+00:00
[2025-12-27T08:22:24.989+0000] {processor.py:208} INFO - Processing /opt/airflow/dags/fraud_detection_training_dag.py took 0.053 seconds
[2025-12-27T08:22:55.076+0000] {processor.py:186} INFO - Started process (PID=479) to work on /opt/airflow/dags/fraud_detection_training_dag.py
[2025-12-27T08:22:55.076+0000] {processor.py:914} INFO - Processing file /opt/airflow/dags/fraud_detection_training_dag.py for tasks to queue
[2025-12-27T08:22:55.079+0000] {logging_mixin.py:190} INFO - [2025-12-27T08:22:55.078+0000] {dagbag.py:588} INFO - Filling up the DagBag from /opt/airflow/dags/fraud_detection_training_dag.py
[2025-12-27T08:22:55.090+0000] {processor.py:925} INFO - DAG(s) 'fraud_detection_training' retrieved from /opt/airflow/dags/fraud_detection_training_dag.py
[2025-12-27T08:22:55.109+0000] {logging_mixin.py:190} INFO - [2025-12-27T08:22:55.109+0000] {dag.py:3239} INFO - Sync 1 DAGs
[2025-12-27T08:22:55.122+0000] {logging_mixin.py:190} INFO - [2025-12-27T08:22:55.122+0000] {dag.py:4180} INFO - Setting next_dagrun for fraud_detection_training to 2025-12-27 03:00:00+00:00, run_after=2025-12-28 03:00:00+00:00
[2025-12-27T08:22:55.131+0000] {processor.py:208} INFO - Processing /opt/airflow/dags/fraud_detection_training_dag.py took 0.061 seconds
[2025-12-27T08:23:25.206+0000] {processor.py:186} INFO - Started process (PID=480) to work on /opt/airflow/dags/fraud_detection_training_dag.py
[2025-12-27T08:23:25.207+0000] {processor.py:914} INFO - Processing file /opt/airflow/dags/fraud_detection_training_dag.py for tasks to queue
[2025-12-27T08:23:25.210+0000] {logging_mixin.py:190} INFO - [2025-12-27T08:23:25.210+0000] {dagbag.py:588} INFO - Filling up the DagBag from /opt/airflow/dags/fraud_detection_training_dag.py
[2025-12-27T08:23:25.218+0000] {processor.py:925} INFO - DAG(s) 'fraud_detection_training' retrieved from /opt/airflow/dags/fraud_detection_training_dag.py
[2025-12-27T08:23:25.237+0000] {logging_mixin.py:190} INFO - [2025-12-27T08:23:25.237+0000] {dag.py:3239} INFO - Sync 1 DAGs
[2025-12-27T08:23:25.251+0000] {logging_mixin.py:190} INFO - [2025-12-27T08:23:25.250+0000] {dag.py:4180} INFO - Setting next_dagrun for fraud_detection_training to 2025-12-27 03:00:00+00:00, run_after=2025-12-28 03:00:00+00:00
[2025-12-27T08:23:25.258+0000] {processor.py:208} INFO - Processing /opt/airflow/dags/fraud_detection_training_dag.py took 0.056 seconds
[2025-12-27T08:23:55.336+0000] {processor.py:186} INFO - Started process (PID=487) to work on /opt/airflow/dags/fraud_detection_training_dag.py
[2025-12-27T08:23:55.337+0000] {processor.py:914} INFO - Processing file /opt/airflow/dags/fraud_detection_training_dag.py for tasks to queue
[2025-12-27T08:23:55.339+0000] {logging_mixin.py:190} INFO - [2025-12-27T08:23:55.338+0000] {dagbag.py:588} INFO - Filling up the DagBag from /opt/airflow/dags/fraud_detection_training_dag.py
[2025-12-27T08:23:55.351+0000] {processor.py:925} INFO - DAG(s) 'fraud_detection_training' retrieved from /opt/airflow/dags/fraud_detection_training_dag.py
[2025-12-27T08:23:55.369+0000] {logging_mixin.py:190} INFO - [2025-12-27T08:23:55.369+0000] {dag.py:3239} INFO - Sync 1 DAGs
[2025-12-27T08:23:55.382+0000] {logging_mixin.py:190} INFO - [2025-12-27T08:23:55.382+0000] {dag.py:4180} INFO - Setting next_dagrun for fraud_detection_training to 2025-12-27 03:00:00+00:00, run_after=2025-12-28 03:00:00+00:00
[2025-12-27T08:23:55.390+0000] {processor.py:208} INFO - Processing /opt/airflow/dags/fraud_detection_training_dag.py took 0.058 seconds
[2025-12-27T08:24:25.464+0000] {processor.py:186} INFO - Started process (PID=488) to work on /opt/airflow/dags/fraud_detection_training_dag.py
[2025-12-27T08:24:25.465+0000] {processor.py:914} INFO - Processing file /opt/airflow/dags/fraud_detection_training_dag.py for tasks to queue
[2025-12-27T08:24:25.467+0000] {logging_mixin.py:190} INFO - [2025-12-27T08:24:25.466+0000] {dagbag.py:588} INFO - Filling up the DagBag from /opt/airflow/dags/fraud_detection_training_dag.py
[2025-12-27T08:24:25.476+0000] {processor.py:925} INFO - DAG(s) 'fraud_detection_training' retrieved from /opt/airflow/dags/fraud_detection_training_dag.py
[2025-12-27T08:24:25.496+0000] {logging_mixin.py:190} INFO - [2025-12-27T08:24:25.496+0000] {dag.py:3239} INFO - Sync 1 DAGs
[2025-12-27T08:24:25.509+0000] {logging_mixin.py:190} INFO - [2025-12-27T08:24:25.509+0000] {dag.py:4180} INFO - Setting next_dagrun for fraud_detection_training to 2025-12-27 03:00:00+00:00, run_after=2025-12-28 03:00:00+00:00
[2025-12-27T08:24:25.518+0000] {processor.py:208} INFO - Processing /opt/airflow/dags/fraud_detection_training_dag.py took 0.058 seconds
[2025-12-27T08:24:55.608+0000] {processor.py:186} INFO - Started process (PID=495) to work on /opt/airflow/dags/fraud_detection_training_dag.py
[2025-12-27T08:24:55.609+0000] {processor.py:914} INFO - Processing file /opt/airflow/dags/fraud_detection_training_dag.py for tasks to queue
[2025-12-27T08:24:55.611+0000] {logging_mixin.py:190} INFO - [2025-12-27T08:24:55.611+0000] {dagbag.py:588} INFO - Filling up the DagBag from /opt/airflow/dags/fraud_detection_training_dag.py
[2025-12-27T08:24:55.622+0000] {processor.py:925} INFO - DAG(s) 'fraud_detection_training' retrieved from /opt/airflow/dags/fraud_detection_training_dag.py
[2025-12-27T08:24:55.641+0000] {logging_mixin.py:190} INFO - [2025-12-27T08:24:55.641+0000] {dag.py:3239} INFO - Sync 1 DAGs
[2025-12-27T08:24:55.655+0000] {logging_mixin.py:190} INFO - [2025-12-27T08:24:55.655+0000] {dag.py:4180} INFO - Setting next_dagrun for fraud_detection_training to 2025-12-27 03:00:00+00:00, run_after=2025-12-28 03:00:00+00:00
[2025-12-27T08:24:55.664+0000] {processor.py:208} INFO - Processing /opt/airflow/dags/fraud_detection_training_dag.py took 0.060 seconds
[2025-12-27T08:25:25.742+0000] {processor.py:186} INFO - Started process (PID=496) to work on /opt/airflow/dags/fraud_detection_training_dag.py
[2025-12-27T08:25:25.743+0000] {processor.py:914} INFO - Processing file /opt/airflow/dags/fraud_detection_training_dag.py for tasks to queue
[2025-12-27T08:25:25.746+0000] {logging_mixin.py:190} INFO - [2025-12-27T08:25:25.746+0000] {dagbag.py:588} INFO - Filling up the DagBag from /opt/airflow/dags/fraud_detection_training_dag.py
[2025-12-27T08:25:25.761+0000] {processor.py:925} INFO - DAG(s) 'fraud_detection_training' retrieved from /opt/airflow/dags/fraud_detection_training_dag.py
[2025-12-27T08:25:25.788+0000] {logging_mixin.py:190} INFO - [2025-12-27T08:25:25.788+0000] {dag.py:3239} INFO - Sync 1 DAGs
[2025-12-27T08:25:25.807+0000] {logging_mixin.py:190} INFO - [2025-12-27T08:25:25.807+0000] {dag.py:4180} INFO - Setting next_dagrun for fraud_detection_training to 2025-12-27 03:00:00+00:00, run_after=2025-12-28 03:00:00+00:00
[2025-12-27T08:25:25.818+0000] {processor.py:208} INFO - Processing /opt/airflow/dags/fraud_detection_training_dag.py took 0.083 seconds
[2025-12-27T08:25:55.882+0000] {processor.py:186} INFO - Started process (PID=503) to work on /opt/airflow/dags/fraud_detection_training_dag.py
[2025-12-27T08:25:55.883+0000] {processor.py:914} INFO - Processing file /opt/airflow/dags/fraud_detection_training_dag.py for tasks to queue
[2025-12-27T08:25:55.885+0000] {logging_mixin.py:190} INFO - [2025-12-27T08:25:55.885+0000] {dagbag.py:588} INFO - Filling up the DagBag from /opt/airflow/dags/fraud_detection_training_dag.py
[2025-12-27T08:25:55.894+0000] {processor.py:925} INFO - DAG(s) 'fraud_detection_training' retrieved from /opt/airflow/dags/fraud_detection_training_dag.py
[2025-12-27T08:25:55.912+0000] {logging_mixin.py:190} INFO - [2025-12-27T08:25:55.912+0000] {dag.py:3239} INFO - Sync 1 DAGs
[2025-12-27T08:25:55.925+0000] {logging_mixin.py:190} INFO - [2025-12-27T08:25:55.924+0000] {dag.py:4180} INFO - Setting next_dagrun for fraud_detection_training to 2025-12-27 03:00:00+00:00, run_after=2025-12-28 03:00:00+00:00
[2025-12-27T08:25:55.933+0000] {processor.py:208} INFO - Processing /opt/airflow/dags/fraud_detection_training_dag.py took 0.055 seconds
[2025-12-27T08:26:26.041+0000] {processor.py:186} INFO - Started process (PID=504) to work on /opt/airflow/dags/fraud_detection_training_dag.py
[2025-12-27T08:26:26.041+0000] {processor.py:914} INFO - Processing file /opt/airflow/dags/fraud_detection_training_dag.py for tasks to queue
[2025-12-27T08:26:26.043+0000] {logging_mixin.py:190} INFO - [2025-12-27T08:26:26.043+0000] {dagbag.py:588} INFO - Filling up the DagBag from /opt/airflow/dags/fraud_detection_training_dag.py
[2025-12-27T08:26:26.051+0000] {processor.py:925} INFO - DAG(s) 'fraud_detection_training' retrieved from /opt/airflow/dags/fraud_detection_training_dag.py
[2025-12-27T08:26:26.069+0000] {logging_mixin.py:190} INFO - [2025-12-27T08:26:26.069+0000] {dag.py:3239} INFO - Sync 1 DAGs
[2025-12-27T08:26:26.082+0000] {logging_mixin.py:190} INFO - [2025-12-27T08:26:26.082+0000] {dag.py:4180} INFO - Setting next_dagrun for fraud_detection_training to 2025-12-27 03:00:00+00:00, run_after=2025-12-28 03:00:00+00:00
[2025-12-27T08:26:26.091+0000] {processor.py:208} INFO - Processing /opt/airflow/dags/fraud_detection_training_dag.py took 0.055 seconds
[2025-12-27T08:26:56.161+0000] {processor.py:186} INFO - Started process (PID=510) to work on /opt/airflow/dags/fraud_detection_training_dag.py
[2025-12-27T08:26:56.161+0000] {processor.py:914} INFO - Processing file /opt/airflow/dags/fraud_detection_training_dag.py for tasks to queue
[2025-12-27T08:26:56.163+0000] {logging_mixin.py:190} INFO - [2025-12-27T08:26:56.162+0000] {dagbag.py:588} INFO - Filling up the DagBag from /opt/airflow/dags/fraud_detection_training_dag.py
[2025-12-27T08:26:56.168+0000] {processor.py:925} INFO - DAG(s) 'fraud_detection_training' retrieved from /opt/airflow/dags/fraud_detection_training_dag.py
[2025-12-27T08:26:56.184+0000] {logging_mixin.py:190} INFO - [2025-12-27T08:26:56.184+0000] {dag.py:3239} INFO - Sync 1 DAGs
[2025-12-27T08:26:56.196+0000] {logging_mixin.py:190} INFO - [2025-12-27T08:26:56.196+0000] {dag.py:4180} INFO - Setting next_dagrun for fraud_detection_training to 2025-12-27 03:00:00+00:00, run_after=2025-12-28 03:00:00+00:00
[2025-12-27T08:26:56.204+0000] {processor.py:208} INFO - Processing /opt/airflow/dags/fraud_detection_training_dag.py took 0.046 seconds
[2025-12-27T08:27:26.322+0000] {processor.py:186} INFO - Started process (PID=511) to work on /opt/airflow/dags/fraud_detection_training_dag.py
[2025-12-27T08:27:26.322+0000] {processor.py:914} INFO - Processing file /opt/airflow/dags/fraud_detection_training_dag.py for tasks to queue
[2025-12-27T08:27:26.326+0000] {logging_mixin.py:190} INFO - [2025-12-27T08:27:26.325+0000] {dagbag.py:588} INFO - Filling up the DagBag from /opt/airflow/dags/fraud_detection_training_dag.py
[2025-12-27T08:27:26.340+0000] {processor.py:925} INFO - DAG(s) 'fraud_detection_training' retrieved from /opt/airflow/dags/fraud_detection_training_dag.py
[2025-12-27T08:27:26.370+0000] {logging_mixin.py:190} INFO - [2025-12-27T08:27:26.370+0000] {dag.py:3239} INFO - Sync 1 DAGs
[2025-12-27T08:27:26.388+0000] {logging_mixin.py:190} INFO - [2025-12-27T08:27:26.388+0000] {dag.py:4180} INFO - Setting next_dagrun for fraud_detection_training to 2025-12-27 03:00:00+00:00, run_after=2025-12-28 03:00:00+00:00
[2025-12-27T08:27:26.397+0000] {processor.py:208} INFO - Processing /opt/airflow/dags/fraud_detection_training_dag.py took 0.081 seconds
[2025-12-27T08:27:56.435+0000] {processor.py:186} INFO - Started process (PID=519) to work on /opt/airflow/dags/fraud_detection_training_dag.py
[2025-12-27T08:27:56.436+0000] {processor.py:914} INFO - Processing file /opt/airflow/dags/fraud_detection_training_dag.py for tasks to queue
[2025-12-27T08:27:56.437+0000] {logging_mixin.py:190} INFO - [2025-12-27T08:27:56.437+0000] {dagbag.py:588} INFO - Filling up the DagBag from /opt/airflow/dags/fraud_detection_training_dag.py
[2025-12-27T08:27:56.443+0000] {processor.py:925} INFO - DAG(s) 'fraud_detection_training' retrieved from /opt/airflow/dags/fraud_detection_training_dag.py
[2025-12-27T08:27:56.456+0000] {logging_mixin.py:190} INFO - [2025-12-27T08:27:56.456+0000] {dag.py:3239} INFO - Sync 1 DAGs
[2025-12-27T08:27:56.467+0000] {logging_mixin.py:190} INFO - [2025-12-27T08:27:56.467+0000] {dag.py:4180} INFO - Setting next_dagrun for fraud_detection_training to 2025-12-27 03:00:00+00:00, run_after=2025-12-28 03:00:00+00:00
[2025-12-27T08:27:56.475+0000] {processor.py:208} INFO - Processing /opt/airflow/dags/fraud_detection_training_dag.py took 0.043 seconds
[2025-12-27T08:28:26.596+0000] {processor.py:186} INFO - Started process (PID=520) to work on /opt/airflow/dags/fraud_detection_training_dag.py
[2025-12-27T08:28:26.597+0000] {processor.py:914} INFO - Processing file /opt/airflow/dags/fraud_detection_training_dag.py for tasks to queue
[2025-12-27T08:28:26.600+0000] {logging_mixin.py:190} INFO - [2025-12-27T08:28:26.599+0000] {dagbag.py:588} INFO - Filling up the DagBag from /opt/airflow/dags/fraud_detection_training_dag.py
[2025-12-27T08:28:26.611+0000] {processor.py:925} INFO - DAG(s) 'fraud_detection_training' retrieved from /opt/airflow/dags/fraud_detection_training_dag.py
[2025-12-27T08:28:26.633+0000] {logging_mixin.py:190} INFO - [2025-12-27T08:28:26.633+0000] {dag.py:3239} INFO - Sync 1 DAGs
[2025-12-27T08:28:26.648+0000] {logging_mixin.py:190} INFO - [2025-12-27T08:28:26.648+0000] {dag.py:4180} INFO - Setting next_dagrun for fraud_detection_training to 2025-12-27 03:00:00+00:00, run_after=2025-12-28 03:00:00+00:00
[2025-12-27T08:28:26.657+0000] {processor.py:208} INFO - Processing /opt/airflow/dags/fraud_detection_training_dag.py took 0.066 seconds
[2025-12-27T08:28:56.723+0000] {processor.py:186} INFO - Started process (PID=527) to work on /opt/airflow/dags/fraud_detection_training_dag.py
[2025-12-27T08:28:56.724+0000] {processor.py:914} INFO - Processing file /opt/airflow/dags/fraud_detection_training_dag.py for tasks to queue
[2025-12-27T08:28:56.726+0000] {logging_mixin.py:190} INFO - [2025-12-27T08:28:56.726+0000] {dagbag.py:588} INFO - Filling up the DagBag from /opt/airflow/dags/fraud_detection_training_dag.py
[2025-12-27T08:28:56.735+0000] {processor.py:925} INFO - DAG(s) 'fraud_detection_training' retrieved from /opt/airflow/dags/fraud_detection_training_dag.py
[2025-12-27T08:28:56.754+0000] {logging_mixin.py:190} INFO - [2025-12-27T08:28:56.754+0000] {dag.py:3239} INFO - Sync 1 DAGs
[2025-12-27T08:28:56.768+0000] {logging_mixin.py:190} INFO - [2025-12-27T08:28:56.768+0000] {dag.py:4180} INFO - Setting next_dagrun for fraud_detection_training to 2025-12-27 03:00:00+00:00, run_after=2025-12-28 03:00:00+00:00
[2025-12-27T08:28:56.777+0000] {processor.py:208} INFO - Processing /opt/airflow/dags/fraud_detection_training_dag.py took 0.059 seconds
[2025-12-27T08:29:26.882+0000] {processor.py:186} INFO - Started process (PID=528) to work on /opt/airflow/dags/fraud_detection_training_dag.py
[2025-12-27T08:29:26.883+0000] {processor.py:914} INFO - Processing file /opt/airflow/dags/fraud_detection_training_dag.py for tasks to queue
[2025-12-27T08:29:26.890+0000] {logging_mixin.py:190} INFO - [2025-12-27T08:29:26.889+0000] {dagbag.py:588} INFO - Filling up the DagBag from /opt/airflow/dags/fraud_detection_training_dag.py
[2025-12-27T08:29:26.912+0000] {processor.py:925} INFO - DAG(s) 'fraud_detection_training' retrieved from /opt/airflow/dags/fraud_detection_training_dag.py
[2025-12-27T08:29:26.936+0000] {logging_mixin.py:190} INFO - [2025-12-27T08:29:26.936+0000] {dag.py:3239} INFO - Sync 1 DAGs
[2025-12-27T08:29:26.950+0000] {logging_mixin.py:190} INFO - [2025-12-27T08:29:26.950+0000] {dag.py:4180} INFO - Setting next_dagrun for fraud_detection_training to 2025-12-27 03:00:00+00:00, run_after=2025-12-28 03:00:00+00:00
[2025-12-27T08:29:26.965+0000] {processor.py:208} INFO - Processing /opt/airflow/dags/fraud_detection_training_dag.py took 0.088 seconds
[2025-12-27T08:29:57.017+0000] {processor.py:186} INFO - Started process (PID=535) to work on /opt/airflow/dags/fraud_detection_training_dag.py
[2025-12-27T08:29:57.017+0000] {processor.py:914} INFO - Processing file /opt/airflow/dags/fraud_detection_training_dag.py for tasks to queue
[2025-12-27T08:29:57.019+0000] {logging_mixin.py:190} INFO - [2025-12-27T08:29:57.019+0000] {dagbag.py:588} INFO - Filling up the DagBag from /opt/airflow/dags/fraud_detection_training_dag.py
[2025-12-27T08:29:57.028+0000] {processor.py:925} INFO - DAG(s) 'fraud_detection_training' retrieved from /opt/airflow/dags/fraud_detection_training_dag.py
[2025-12-27T08:29:57.048+0000] {logging_mixin.py:190} INFO - [2025-12-27T08:29:57.048+0000] {dag.py:3239} INFO - Sync 1 DAGs
[2025-12-27T08:29:57.063+0000] {logging_mixin.py:190} INFO - [2025-12-27T08:29:57.062+0000] {dag.py:4180} INFO - Setting next_dagrun for fraud_detection_training to 2025-12-27 03:00:00+00:00, run_after=2025-12-28 03:00:00+00:00
[2025-12-27T08:29:57.071+0000] {processor.py:208} INFO - Processing /opt/airflow/dags/fraud_detection_training_dag.py took 0.060 seconds
[2025-12-27T08:30:27.186+0000] {processor.py:186} INFO - Started process (PID=536) to work on /opt/airflow/dags/fraud_detection_training_dag.py
[2025-12-27T08:30:27.187+0000] {processor.py:914} INFO - Processing file /opt/airflow/dags/fraud_detection_training_dag.py for tasks to queue
[2025-12-27T08:30:27.189+0000] {logging_mixin.py:190} INFO - [2025-12-27T08:30:27.189+0000] {dagbag.py:588} INFO - Filling up the DagBag from /opt/airflow/dags/fraud_detection_training_dag.py
[2025-12-27T08:30:27.200+0000] {processor.py:925} INFO - DAG(s) 'fraud_detection_training' retrieved from /opt/airflow/dags/fraud_detection_training_dag.py
[2025-12-27T08:30:27.221+0000] {logging_mixin.py:190} INFO - [2025-12-27T08:30:27.221+0000] {dag.py:3239} INFO - Sync 1 DAGs
[2025-12-27T08:30:27.235+0000] {logging_mixin.py:190} INFO - [2025-12-27T08:30:27.235+0000] {dag.py:4180} INFO - Setting next_dagrun for fraud_detection_training to 2025-12-27 03:00:00+00:00, run_after=2025-12-28 03:00:00+00:00
[2025-12-27T08:30:27.244+0000] {processor.py:208} INFO - Processing /opt/airflow/dags/fraud_detection_training_dag.py took 0.064 seconds
[2025-12-27T08:30:57.339+0000] {processor.py:186} INFO - Started process (PID=543) to work on /opt/airflow/dags/fraud_detection_training_dag.py
[2025-12-27T08:30:57.340+0000] {processor.py:914} INFO - Processing file /opt/airflow/dags/fraud_detection_training_dag.py for tasks to queue
[2025-12-27T08:30:57.342+0000] {logging_mixin.py:190} INFO - [2025-12-27T08:30:57.342+0000] {dagbag.py:588} INFO - Filling up the DagBag from /opt/airflow/dags/fraud_detection_training_dag.py
[2025-12-27T08:30:57.352+0000] {processor.py:925} INFO - DAG(s) 'fraud_detection_training' retrieved from /opt/airflow/dags/fraud_detection_training_dag.py
[2025-12-27T08:30:57.379+0000] {logging_mixin.py:190} INFO - [2025-12-27T08:30:57.379+0000] {dag.py:3239} INFO - Sync 1 DAGs
[2025-12-27T08:30:57.394+0000] {logging_mixin.py:190} INFO - [2025-12-27T08:30:57.393+0000] {dag.py:4180} INFO - Setting next_dagrun for fraud_detection_training to 2025-12-27 03:00:00+00:00, run_after=2025-12-28 03:00:00+00:00
[2025-12-27T08:30:57.405+0000] {processor.py:208} INFO - Processing /opt/airflow/dags/fraud_detection_training_dag.py took 0.070 seconds
[2025-12-27T08:31:27.492+0000] {processor.py:186} INFO - Started process (PID=544) to work on /opt/airflow/dags/fraud_detection_training_dag.py
[2025-12-27T08:31:27.493+0000] {processor.py:914} INFO - Processing file /opt/airflow/dags/fraud_detection_training_dag.py for tasks to queue
[2025-12-27T08:31:27.496+0000] {logging_mixin.py:190} INFO - [2025-12-27T08:31:27.495+0000] {dagbag.py:588} INFO - Filling up the DagBag from /opt/airflow/dags/fraud_detection_training_dag.py
[2025-12-27T08:31:27.508+0000] {processor.py:925} INFO - DAG(s) 'fraud_detection_training' retrieved from /opt/airflow/dags/fraud_detection_training_dag.py
[2025-12-27T08:31:27.531+0000] {logging_mixin.py:190} INFO - [2025-12-27T08:31:27.531+0000] {dag.py:3239} INFO - Sync 1 DAGs
[2025-12-27T08:31:27.545+0000] {logging_mixin.py:190} INFO - [2025-12-27T08:31:27.545+0000] {dag.py:4180} INFO - Setting next_dagrun for fraud_detection_training to 2025-12-27 03:00:00+00:00, run_after=2025-12-28 03:00:00+00:00
[2025-12-27T08:31:27.554+0000] {processor.py:208} INFO - Processing /opt/airflow/dags/fraud_detection_training_dag.py took 0.070 seconds
[2025-12-27T08:31:57.621+0000] {processor.py:186} INFO - Started process (PID=551) to work on /opt/airflow/dags/fraud_detection_training_dag.py
[2025-12-27T08:31:57.622+0000] {processor.py:914} INFO - Processing file /opt/airflow/dags/fraud_detection_training_dag.py for tasks to queue
[2025-12-27T08:31:57.623+0000] {logging_mixin.py:190} INFO - [2025-12-27T08:31:57.623+0000] {dagbag.py:588} INFO - Filling up the DagBag from /opt/airflow/dags/fraud_detection_training_dag.py
[2025-12-27T08:31:57.629+0000] {processor.py:925} INFO - DAG(s) 'fraud_detection_training' retrieved from /opt/airflow/dags/fraud_detection_training_dag.py
[2025-12-27T08:31:57.646+0000] {logging_mixin.py:190} INFO - [2025-12-27T08:31:57.646+0000] {dag.py:3239} INFO - Sync 1 DAGs
[2025-12-27T08:31:57.657+0000] {logging_mixin.py:190} INFO - [2025-12-27T08:31:57.657+0000] {dag.py:4180} INFO - Setting next_dagrun for fraud_detection_training to 2025-12-27 03:00:00+00:00, run_after=2025-12-28 03:00:00+00:00
[2025-12-27T08:31:57.664+0000] {processor.py:208} INFO - Processing /opt/airflow/dags/fraud_detection_training_dag.py took 0.046 seconds
[2025-12-27T08:32:27.760+0000] {processor.py:186} INFO - Started process (PID=552) to work on /opt/airflow/dags/fraud_detection_training_dag.py
[2025-12-27T08:32:27.760+0000] {processor.py:914} INFO - Processing file /opt/airflow/dags/fraud_detection_training_dag.py for tasks to queue
[2025-12-27T08:32:27.763+0000] {logging_mixin.py:190} INFO - [2025-12-27T08:32:27.763+0000] {dagbag.py:588} INFO - Filling up the DagBag from /opt/airflow/dags/fraud_detection_training_dag.py
[2025-12-27T08:32:27.774+0000] {processor.py:925} INFO - DAG(s) 'fraud_detection_training' retrieved from /opt/airflow/dags/fraud_detection_training_dag.py
[2025-12-27T08:32:27.794+0000] {logging_mixin.py:190} INFO - [2025-12-27T08:32:27.794+0000] {dag.py:3239} INFO - Sync 1 DAGs
[2025-12-27T08:32:27.809+0000] {logging_mixin.py:190} INFO - [2025-12-27T08:32:27.809+0000] {dag.py:4180} INFO - Setting next_dagrun for fraud_detection_training to 2025-12-27 03:00:00+00:00, run_after=2025-12-28 03:00:00+00:00
[2025-12-27T08:32:27.817+0000] {processor.py:208} INFO - Processing /opt/airflow/dags/fraud_detection_training_dag.py took 0.062 seconds
[2025-12-27T08:32:57.871+0000] {processor.py:186} INFO - Started process (PID=559) to work on /opt/airflow/dags/fraud_detection_training_dag.py
[2025-12-27T08:32:57.872+0000] {processor.py:914} INFO - Processing file /opt/airflow/dags/fraud_detection_training_dag.py for tasks to queue
[2025-12-27T08:32:57.873+0000] {logging_mixin.py:190} INFO - [2025-12-27T08:32:57.873+0000] {dagbag.py:588} INFO - Filling up the DagBag from /opt/airflow/dags/fraud_detection_training_dag.py
[2025-12-27T08:32:57.879+0000] {processor.py:925} INFO - DAG(s) 'fraud_detection_training' retrieved from /opt/airflow/dags/fraud_detection_training_dag.py
[2025-12-27T08:32:57.895+0000] {logging_mixin.py:190} INFO - [2025-12-27T08:32:57.895+0000] {dag.py:3239} INFO - Sync 1 DAGs
[2025-12-27T08:32:57.909+0000] {logging_mixin.py:190} INFO - [2025-12-27T08:32:57.909+0000] {dag.py:4180} INFO - Setting next_dagrun for fraud_detection_training to 2025-12-27 03:00:00+00:00, run_after=2025-12-28 03:00:00+00:00
[2025-12-27T08:32:57.916+0000] {processor.py:208} INFO - Processing /opt/airflow/dags/fraud_detection_training_dag.py took 0.047 seconds
[2025-12-27T08:33:28.027+0000] {processor.py:186} INFO - Started process (PID=560) to work on /opt/airflow/dags/fraud_detection_training_dag.py
[2025-12-27T08:33:28.028+0000] {processor.py:914} INFO - Processing file /opt/airflow/dags/fraud_detection_training_dag.py for tasks to queue
[2025-12-27T08:33:28.034+0000] {logging_mixin.py:190} INFO - [2025-12-27T08:33:28.033+0000] {dagbag.py:588} INFO - Filling up the DagBag from /opt/airflow/dags/fraud_detection_training_dag.py
[2025-12-27T08:33:28.052+0000] {processor.py:925} INFO - DAG(s) 'fraud_detection_training' retrieved from /opt/airflow/dags/fraud_detection_training_dag.py
[2025-12-27T08:33:28.071+0000] {logging_mixin.py:190} INFO - [2025-12-27T08:33:28.070+0000] {dag.py:3239} INFO - Sync 1 DAGs
[2025-12-27T08:33:28.084+0000] {logging_mixin.py:190} INFO - [2025-12-27T08:33:28.084+0000] {dag.py:4180} INFO - Setting next_dagrun for fraud_detection_training to 2025-12-27 03:00:00+00:00, run_after=2025-12-28 03:00:00+00:00
[2025-12-27T08:33:28.095+0000] {processor.py:208} INFO - Processing /opt/airflow/dags/fraud_detection_training_dag.py took 0.072 seconds
[2025-12-27T08:33:58.144+0000] {processor.py:186} INFO - Started process (PID=567) to work on /opt/airflow/dags/fraud_detection_training_dag.py
[2025-12-27T08:33:58.144+0000] {processor.py:914} INFO - Processing file /opt/airflow/dags/fraud_detection_training_dag.py for tasks to queue
[2025-12-27T08:33:58.146+0000] {logging_mixin.py:190} INFO - [2025-12-27T08:33:58.146+0000] {dagbag.py:588} INFO - Filling up the DagBag from /opt/airflow/dags/fraud_detection_training_dag.py
[2025-12-27T08:33:58.152+0000] {processor.py:925} INFO - DAG(s) 'fraud_detection_training' retrieved from /opt/airflow/dags/fraud_detection_training_dag.py
[2025-12-27T08:33:58.169+0000] {logging_mixin.py:190} INFO - [2025-12-27T08:33:58.168+0000] {dag.py:3239} INFO - Sync 1 DAGs
[2025-12-27T08:33:58.182+0000] {logging_mixin.py:190} INFO - [2025-12-27T08:33:58.182+0000] {dag.py:4180} INFO - Setting next_dagrun for fraud_detection_training to 2025-12-27 03:00:00+00:00, run_after=2025-12-28 03:00:00+00:00
[2025-12-27T08:33:58.191+0000] {processor.py:208} INFO - Processing /opt/airflow/dags/fraud_detection_training_dag.py took 0.050 seconds
[2025-12-27T08:34:28.295+0000] {processor.py:186} INFO - Started process (PID=568) to work on /opt/airflow/dags/fraud_detection_training_dag.py
[2025-12-27T08:34:28.296+0000] {processor.py:914} INFO - Processing file /opt/airflow/dags/fraud_detection_training_dag.py for tasks to queue
[2025-12-27T08:34:28.298+0000] {logging_mixin.py:190} INFO - [2025-12-27T08:34:28.298+0000] {dagbag.py:588} INFO - Filling up the DagBag from /opt/airflow/dags/fraud_detection_training_dag.py
[2025-12-27T08:34:28.307+0000] {processor.py:925} INFO - DAG(s) 'fraud_detection_training' retrieved from /opt/airflow/dags/fraud_detection_training_dag.py
[2025-12-27T08:34:28.324+0000] {logging_mixin.py:190} INFO - [2025-12-27T08:34:28.324+0000] {dag.py:3239} INFO - Sync 1 DAGs
[2025-12-27T08:34:28.337+0000] {logging_mixin.py:190} INFO - [2025-12-27T08:34:28.337+0000] {dag.py:4180} INFO - Setting next_dagrun for fraud_detection_training to 2025-12-27 03:00:00+00:00, run_after=2025-12-28 03:00:00+00:00
[2025-12-27T08:34:28.532+0000] {processor.py:208} INFO - Processing /opt/airflow/dags/fraud_detection_training_dag.py took 0.242 seconds
[2025-12-27T08:34:58.639+0000] {processor.py:186} INFO - Started process (PID=575) to work on /opt/airflow/dags/fraud_detection_training_dag.py
[2025-12-27T08:34:58.640+0000] {processor.py:914} INFO - Processing file /opt/airflow/dags/fraud_detection_training_dag.py for tasks to queue
[2025-12-27T08:34:58.642+0000] {logging_mixin.py:190} INFO - [2025-12-27T08:34:58.642+0000] {dagbag.py:588} INFO - Filling up the DagBag from /opt/airflow/dags/fraud_detection_training_dag.py
[2025-12-27T08:34:58.651+0000] {processor.py:925} INFO - DAG(s) 'fraud_detection_training' retrieved from /opt/airflow/dags/fraud_detection_training_dag.py
[2025-12-27T08:34:58.670+0000] {logging_mixin.py:190} INFO - [2025-12-27T08:34:58.670+0000] {dag.py:3239} INFO - Sync 1 DAGs
[2025-12-27T08:34:58.684+0000] {logging_mixin.py:190} INFO - [2025-12-27T08:34:58.684+0000] {dag.py:4180} INFO - Setting next_dagrun for fraud_detection_training to 2025-12-27 03:00:00+00:00, run_after=2025-12-28 03:00:00+00:00
[2025-12-27T08:34:58.692+0000] {processor.py:208} INFO - Processing /opt/airflow/dags/fraud_detection_training_dag.py took 0.058 seconds
[2025-12-27T08:35:28.755+0000] {processor.py:186} INFO - Started process (PID=576) to work on /opt/airflow/dags/fraud_detection_training_dag.py
[2025-12-27T08:35:28.755+0000] {processor.py:914} INFO - Processing file /opt/airflow/dags/fraud_detection_training_dag.py for tasks to queue
[2025-12-27T08:35:28.756+0000] {logging_mixin.py:190} INFO - [2025-12-27T08:35:28.756+0000] {dagbag.py:588} INFO - Filling up the DagBag from /opt/airflow/dags/fraud_detection_training_dag.py
[2025-12-27T08:35:28.762+0000] {processor.py:925} INFO - DAG(s) 'fraud_detection_training' retrieved from /opt/airflow/dags/fraud_detection_training_dag.py
[2025-12-27T08:35:28.777+0000] {logging_mixin.py:190} INFO - [2025-12-27T08:35:28.777+0000] {dag.py:3239} INFO - Sync 1 DAGs
[2025-12-27T08:35:28.787+0000] {logging_mixin.py:190} INFO - [2025-12-27T08:35:28.787+0000] {dag.py:4180} INFO - Setting next_dagrun for fraud_detection_training to 2025-12-27 03:00:00+00:00, run_after=2025-12-28 03:00:00+00:00
[2025-12-27T08:35:28.795+0000] {processor.py:208} INFO - Processing /opt/airflow/dags/fraud_detection_training_dag.py took 0.043 seconds
[2025-12-27T08:35:58.916+0000] {processor.py:186} INFO - Started process (PID=583) to work on /opt/airflow/dags/fraud_detection_training_dag.py
[2025-12-27T08:35:58.916+0000] {processor.py:914} INFO - Processing file /opt/airflow/dags/fraud_detection_training_dag.py for tasks to queue
[2025-12-27T08:35:58.919+0000] {logging_mixin.py:190} INFO - [2025-12-27T08:35:58.918+0000] {dagbag.py:588} INFO - Filling up the DagBag from /opt/airflow/dags/fraud_detection_training_dag.py
[2025-12-27T08:35:58.929+0000] {processor.py:925} INFO - DAG(s) 'fraud_detection_training' retrieved from /opt/airflow/dags/fraud_detection_training_dag.py
[2025-12-27T08:35:58.948+0000] {logging_mixin.py:190} INFO - [2025-12-27T08:35:58.948+0000] {dag.py:3239} INFO - Sync 1 DAGs
[2025-12-27T08:35:58.963+0000] {logging_mixin.py:190} INFO - [2025-12-27T08:35:58.963+0000] {dag.py:4180} INFO - Setting next_dagrun for fraud_detection_training to 2025-12-27 03:00:00+00:00, run_after=2025-12-28 03:00:00+00:00
[2025-12-27T08:35:58.971+0000] {processor.py:208} INFO - Processing /opt/airflow/dags/fraud_detection_training_dag.py took 0.060 seconds
[2025-12-27T09:26:18.567+0000] {processor.py:186} INFO - Started process (PID=589) to work on /opt/airflow/dags/fraud_detection_training_dag.py
[2025-12-27T09:26:18.570+0000] {processor.py:914} INFO - Processing file /opt/airflow/dags/fraud_detection_training_dag.py for tasks to queue
[2025-12-27T09:26:18.581+0000] {logging_mixin.py:190} INFO - [2025-12-27T09:26:18.580+0000] {dagbag.py:588} INFO - Filling up the DagBag from /opt/airflow/dags/fraud_detection_training_dag.py
[2025-12-27T09:26:18.609+0000] {processor.py:925} INFO - DAG(s) 'fraud_detection_training' retrieved from /opt/airflow/dags/fraud_detection_training_dag.py
[2025-12-27T09:26:18.692+0000] {logging_mixin.py:190} INFO - [2025-12-27T09:26:18.692+0000] {dag.py:3239} INFO - Sync 1 DAGs
[2025-12-27T09:26:18.765+0000] {logging_mixin.py:190} INFO - [2025-12-27T09:26:18.764+0000] {dag.py:4180} INFO - Setting next_dagrun for fraud_detection_training to 2025-12-27 03:00:00+00:00, run_after=2025-12-28 03:00:00+00:00
[2025-12-27T09:26:18.836+0000] {processor.py:208} INFO - Processing /opt/airflow/dags/fraud_detection_training_dag.py took 0.295 seconds
[2025-12-27T09:26:48.977+0000] {processor.py:186} INFO - Started process (PID=590) to work on /opt/airflow/dags/fraud_detection_training_dag.py
[2025-12-27T09:26:48.977+0000] {processor.py:914} INFO - Processing file /opt/airflow/dags/fraud_detection_training_dag.py for tasks to queue
[2025-12-27T09:26:48.979+0000] {logging_mixin.py:190} INFO - [2025-12-27T09:26:48.979+0000] {dagbag.py:588} INFO - Filling up the DagBag from /opt/airflow/dags/fraud_detection_training_dag.py
[2025-12-27T09:26:48.999+0000] {processor.py:925} INFO - DAG(s) 'fraud_detection_training' retrieved from /opt/airflow/dags/fraud_detection_training_dag.py
[2025-12-27T09:26:49.022+0000] {logging_mixin.py:190} INFO - [2025-12-27T09:26:49.021+0000] {dag.py:3239} INFO - Sync 1 DAGs
[2025-12-27T09:26:49.037+0000] {logging_mixin.py:190} INFO - [2025-12-27T09:26:49.037+0000] {dag.py:4180} INFO - Setting next_dagrun for fraud_detection_training to 2025-12-27 03:00:00+00:00, run_after=2025-12-28 03:00:00+00:00
[2025-12-27T09:26:49.047+0000] {processor.py:208} INFO - Processing /opt/airflow/dags/fraud_detection_training_dag.py took 0.075 seconds
[2025-12-27T09:27:19.118+0000] {processor.py:186} INFO - Started process (PID=597) to work on /opt/airflow/dags/fraud_detection_training_dag.py
[2025-12-27T09:27:19.123+0000] {processor.py:914} INFO - Processing file /opt/airflow/dags/fraud_detection_training_dag.py for tasks to queue
[2025-12-27T09:27:19.128+0000] {logging_mixin.py:190} INFO - [2025-12-27T09:27:19.127+0000] {dagbag.py:588} INFO - Filling up the DagBag from /opt/airflow/dags/fraud_detection_training_dag.py
[2025-12-27T09:27:19.165+0000] {processor.py:925} INFO - DAG(s) 'fraud_detection_training' retrieved from /opt/airflow/dags/fraud_detection_training_dag.py
[2025-12-27T09:27:19.209+0000] {logging_mixin.py:190} INFO - [2025-12-27T09:27:19.209+0000] {dag.py:3239} INFO - Sync 1 DAGs
[2025-12-27T09:27:19.227+0000] {logging_mixin.py:190} INFO - [2025-12-27T09:27:19.227+0000] {dag.py:4180} INFO - Setting next_dagrun for fraud_detection_training to 2025-12-27 03:00:00+00:00, run_after=2025-12-28 03:00:00+00:00
[2025-12-27T09:27:19.237+0000] {processor.py:208} INFO - Processing /opt/airflow/dags/fraud_detection_training_dag.py took 0.129 seconds
[2025-12-27T09:27:49.293+0000] {processor.py:186} INFO - Started process (PID=598) to work on /opt/airflow/dags/fraud_detection_training_dag.py
[2025-12-27T09:27:49.293+0000] {processor.py:914} INFO - Processing file /opt/airflow/dags/fraud_detection_training_dag.py for tasks to queue
[2025-12-27T09:27:49.296+0000] {logging_mixin.py:190} INFO - [2025-12-27T09:27:49.295+0000] {dagbag.py:588} INFO - Filling up the DagBag from /opt/airflow/dags/fraud_detection_training_dag.py
[2025-12-27T09:27:49.306+0000] {processor.py:925} INFO - DAG(s) 'fraud_detection_training' retrieved from /opt/airflow/dags/fraud_detection_training_dag.py
[2025-12-27T09:27:49.331+0000] {logging_mixin.py:190} INFO - [2025-12-27T09:27:49.330+0000] {dag.py:3239} INFO - Sync 1 DAGs
[2025-12-27T09:27:49.348+0000] {logging_mixin.py:190} INFO - [2025-12-27T09:27:49.347+0000] {dag.py:4180} INFO - Setting next_dagrun for fraud_detection_training to 2025-12-27 03:00:00+00:00, run_after=2025-12-28 03:00:00+00:00
[2025-12-27T09:27:49.356+0000] {processor.py:208} INFO - Processing /opt/airflow/dags/fraud_detection_training_dag.py took 0.068 seconds
[2025-12-27T09:28:19.463+0000] {processor.py:186} INFO - Started process (PID=605) to work on /opt/airflow/dags/fraud_detection_training_dag.py
[2025-12-27T09:28:19.464+0000] {processor.py:914} INFO - Processing file /opt/airflow/dags/fraud_detection_training_dag.py for tasks to queue
[2025-12-27T09:28:19.465+0000] {logging_mixin.py:190} INFO - [2025-12-27T09:28:19.465+0000] {dagbag.py:588} INFO - Filling up the DagBag from /opt/airflow/dags/fraud_detection_training_dag.py
[2025-12-27T09:28:19.472+0000] {processor.py:925} INFO - DAG(s) 'fraud_detection_training' retrieved from /opt/airflow/dags/fraud_detection_training_dag.py
[2025-12-27T09:28:19.488+0000] {logging_mixin.py:190} INFO - [2025-12-27T09:28:19.488+0000] {dag.py:3239} INFO - Sync 1 DAGs
[2025-12-27T09:28:19.500+0000] {logging_mixin.py:190} INFO - [2025-12-27T09:28:19.500+0000] {dag.py:4180} INFO - Setting next_dagrun for fraud_detection_training to 2025-12-27 03:00:00+00:00, run_after=2025-12-28 03:00:00+00:00
[2025-12-27T09:28:19.508+0000] {processor.py:208} INFO - Processing /opt/airflow/dags/fraud_detection_training_dag.py took 0.049 seconds
[2025-12-27T09:28:49.624+0000] {processor.py:186} INFO - Started process (PID=606) to work on /opt/airflow/dags/fraud_detection_training_dag.py
[2025-12-27T09:28:49.625+0000] {processor.py:914} INFO - Processing file /opt/airflow/dags/fraud_detection_training_dag.py for tasks to queue
[2025-12-27T09:28:49.633+0000] {logging_mixin.py:190} INFO - [2025-12-27T09:28:49.632+0000] {dagbag.py:588} INFO - Filling up the DagBag from /opt/airflow/dags/fraud_detection_training_dag.py
[2025-12-27T09:28:49.648+0000] {processor.py:925} INFO - DAG(s) 'fraud_detection_training' retrieved from /opt/airflow/dags/fraud_detection_training_dag.py
[2025-12-27T09:28:49.693+0000] {logging_mixin.py:190} INFO - [2025-12-27T09:28:49.693+0000] {dag.py:3239} INFO - Sync 1 DAGs
[2025-12-27T09:28:49.726+0000] {logging_mixin.py:190} INFO - [2025-12-27T09:28:49.725+0000] {dag.py:4180} INFO - Setting next_dagrun for fraud_detection_training to 2025-12-27 03:00:00+00:00, run_after=2025-12-28 03:00:00+00:00
[2025-12-27T09:28:49.738+0000] {processor.py:208} INFO - Processing /opt/airflow/dags/fraud_detection_training_dag.py took 0.121 seconds
[2025-12-27T09:29:19.855+0000] {processor.py:186} INFO - Started process (PID=613) to work on /opt/airflow/dags/fraud_detection_training_dag.py
[2025-12-27T09:29:19.855+0000] {processor.py:914} INFO - Processing file /opt/airflow/dags/fraud_detection_training_dag.py for tasks to queue
[2025-12-27T09:29:19.858+0000] {logging_mixin.py:190} INFO - [2025-12-27T09:29:19.858+0000] {dagbag.py:588} INFO - Filling up the DagBag from /opt/airflow/dags/fraud_detection_training_dag.py
[2025-12-27T09:29:19.867+0000] {processor.py:925} INFO - DAG(s) 'fraud_detection_training' retrieved from /opt/airflow/dags/fraud_detection_training_dag.py
[2025-12-27T09:29:19.889+0000] {logging_mixin.py:190} INFO - [2025-12-27T09:29:19.889+0000] {dag.py:3239} INFO - Sync 1 DAGs
[2025-12-27T09:29:19.904+0000] {logging_mixin.py:190} INFO - [2025-12-27T09:29:19.903+0000] {dag.py:4180} INFO - Setting next_dagrun for fraud_detection_training to 2025-12-27 03:00:00+00:00, run_after=2025-12-28 03:00:00+00:00
[2025-12-27T09:29:19.913+0000] {processor.py:208} INFO - Processing /opt/airflow/dags/fraud_detection_training_dag.py took 0.062 seconds
[2025-12-27T09:29:49.975+0000] {processor.py:186} INFO - Started process (PID=614) to work on /opt/airflow/dags/fraud_detection_training_dag.py
[2025-12-27T09:29:49.975+0000] {processor.py:914} INFO - Processing file /opt/airflow/dags/fraud_detection_training_dag.py for tasks to queue
[2025-12-27T09:29:49.977+0000] {logging_mixin.py:190} INFO - [2025-12-27T09:29:49.976+0000] {dagbag.py:588} INFO - Filling up the DagBag from /opt/airflow/dags/fraud_detection_training_dag.py
[2025-12-27T09:29:49.984+0000] {processor.py:925} INFO - DAG(s) 'fraud_detection_training' retrieved from /opt/airflow/dags/fraud_detection_training_dag.py
[2025-12-27T09:29:50.002+0000] {logging_mixin.py:190} INFO - [2025-12-27T09:29:50.002+0000] {dag.py:3239} INFO - Sync 1 DAGs
[2025-12-27T09:29:50.014+0000] {logging_mixin.py:190} INFO - [2025-12-27T09:29:50.013+0000] {dag.py:4180} INFO - Setting next_dagrun for fraud_detection_training to 2025-12-27 03:00:00+00:00, run_after=2025-12-28 03:00:00+00:00
[2025-12-27T09:29:50.021+0000] {processor.py:208} INFO - Processing /opt/airflow/dags/fraud_detection_training_dag.py took 0.049 seconds
[2025-12-27T09:30:20.116+0000] {processor.py:186} INFO - Started process (PID=621) to work on /opt/airflow/dags/fraud_detection_training_dag.py
[2025-12-27T09:30:20.117+0000] {processor.py:914} INFO - Processing file /opt/airflow/dags/fraud_detection_training_dag.py for tasks to queue
[2025-12-27T09:30:20.118+0000] {logging_mixin.py:190} INFO - [2025-12-27T09:30:20.118+0000] {dagbag.py:588} INFO - Filling up the DagBag from /opt/airflow/dags/fraud_detection_training_dag.py
[2025-12-27T09:30:20.124+0000] {processor.py:925} INFO - DAG(s) 'fraud_detection_training' retrieved from /opt/airflow/dags/fraud_detection_training_dag.py
[2025-12-27T09:30:20.139+0000] {logging_mixin.py:190} INFO - [2025-12-27T09:30:20.139+0000] {dag.py:3239} INFO - Sync 1 DAGs
[2025-12-27T09:30:20.161+0000] {logging_mixin.py:190} INFO - [2025-12-27T09:30:20.161+0000] {dag.py:4180} INFO - Setting next_dagrun for fraud_detection_training to 2025-12-27 03:00:00+00:00, run_after=2025-12-28 03:00:00+00:00
[2025-12-27T09:30:20.169+0000] {processor.py:208} INFO - Processing /opt/airflow/dags/fraud_detection_training_dag.py took 0.056 seconds
[2025-12-27T09:30:50.255+0000] {processor.py:186} INFO - Started process (PID=622) to work on /opt/airflow/dags/fraud_detection_training_dag.py
[2025-12-27T09:30:50.255+0000] {processor.py:914} INFO - Processing file /opt/airflow/dags/fraud_detection_training_dag.py for tasks to queue
[2025-12-27T09:30:50.257+0000] {logging_mixin.py:190} INFO - [2025-12-27T09:30:50.257+0000] {dagbag.py:588} INFO - Filling up the DagBag from /opt/airflow/dags/fraud_detection_training_dag.py
[2025-12-27T09:30:50.263+0000] {processor.py:925} INFO - DAG(s) 'fraud_detection_training' retrieved from /opt/airflow/dags/fraud_detection_training_dag.py
[2025-12-27T09:30:50.278+0000] {logging_mixin.py:190} INFO - [2025-12-27T09:30:50.278+0000] {dag.py:3239} INFO - Sync 1 DAGs
[2025-12-27T09:30:50.289+0000] {logging_mixin.py:190} INFO - [2025-12-27T09:30:50.289+0000] {dag.py:4180} INFO - Setting next_dagrun for fraud_detection_training to 2025-12-27 03:00:00+00:00, run_after=2025-12-28 03:00:00+00:00
[2025-12-27T09:30:50.296+0000] {processor.py:208} INFO - Processing /opt/airflow/dags/fraud_detection_training_dag.py took 0.045 seconds
[2025-12-27T09:31:20.381+0000] {processor.py:186} INFO - Started process (PID=629) to work on /opt/airflow/dags/fraud_detection_training_dag.py
[2025-12-27T09:31:20.381+0000] {processor.py:914} INFO - Processing file /opt/airflow/dags/fraud_detection_training_dag.py for tasks to queue
[2025-12-27T09:31:20.383+0000] {logging_mixin.py:190} INFO - [2025-12-27T09:31:20.382+0000] {dagbag.py:588} INFO - Filling up the DagBag from /opt/airflow/dags/fraud_detection_training_dag.py
[2025-12-27T09:31:20.388+0000] {processor.py:925} INFO - DAG(s) 'fraud_detection_training' retrieved from /opt/airflow/dags/fraud_detection_training_dag.py
[2025-12-27T09:31:20.402+0000] {logging_mixin.py:190} INFO - [2025-12-27T09:31:20.402+0000] {dag.py:3239} INFO - Sync 1 DAGs
[2025-12-27T09:31:20.413+0000] {logging_mixin.py:190} INFO - [2025-12-27T09:31:20.413+0000] {dag.py:4180} INFO - Setting next_dagrun for fraud_detection_training to 2025-12-27 03:00:00+00:00, run_after=2025-12-28 03:00:00+00:00
[2025-12-27T09:31:20.422+0000] {processor.py:208} INFO - Processing /opt/airflow/dags/fraud_detection_training_dag.py took 0.043 seconds
[2025-12-27T09:31:50.506+0000] {processor.py:186} INFO - Started process (PID=630) to work on /opt/airflow/dags/fraud_detection_training_dag.py
[2025-12-27T09:31:50.507+0000] {processor.py:914} INFO - Processing file /opt/airflow/dags/fraud_detection_training_dag.py for tasks to queue
[2025-12-27T09:31:50.509+0000] {logging_mixin.py:190} INFO - [2025-12-27T09:31:50.509+0000] {dagbag.py:588} INFO - Filling up the DagBag from /opt/airflow/dags/fraud_detection_training_dag.py
[2025-12-27T09:31:50.519+0000] {processor.py:925} INFO - DAG(s) 'fraud_detection_training' retrieved from /opt/airflow/dags/fraud_detection_training_dag.py
[2025-12-27T09:31:50.538+0000] {logging_mixin.py:190} INFO - [2025-12-27T09:31:50.538+0000] {dag.py:3239} INFO - Sync 1 DAGs
[2025-12-27T09:31:50.551+0000] {logging_mixin.py:190} INFO - [2025-12-27T09:31:50.551+0000] {dag.py:4180} INFO - Setting next_dagrun for fraud_detection_training to 2025-12-27 03:00:00+00:00, run_after=2025-12-28 03:00:00+00:00
[2025-12-27T09:31:50.558+0000] {processor.py:208} INFO - Processing /opt/airflow/dags/fraud_detection_training_dag.py took 0.057 seconds
[2025-12-27T09:32:20.633+0000] {processor.py:186} INFO - Started process (PID=637) to work on /opt/airflow/dags/fraud_detection_training_dag.py
[2025-12-27T09:32:20.633+0000] {processor.py:914} INFO - Processing file /opt/airflow/dags/fraud_detection_training_dag.py for tasks to queue
[2025-12-27T09:32:20.635+0000] {logging_mixin.py:190} INFO - [2025-12-27T09:32:20.634+0000] {dagbag.py:588} INFO - Filling up the DagBag from /opt/airflow/dags/fraud_detection_training_dag.py
[2025-12-27T09:32:20.641+0000] {processor.py:925} INFO - DAG(s) 'fraud_detection_training' retrieved from /opt/airflow/dags/fraud_detection_training_dag.py
[2025-12-27T09:32:20.657+0000] {logging_mixin.py:190} INFO - [2025-12-27T09:32:20.657+0000] {dag.py:3239} INFO - Sync 1 DAGs
[2025-12-27T09:32:20.668+0000] {logging_mixin.py:190} INFO - [2025-12-27T09:32:20.668+0000] {dag.py:4180} INFO - Setting next_dagrun for fraud_detection_training to 2025-12-27 03:00:00+00:00, run_after=2025-12-28 03:00:00+00:00
[2025-12-27T09:32:20.676+0000] {processor.py:208} INFO - Processing /opt/airflow/dags/fraud_detection_training_dag.py took 0.047 seconds
[2025-12-27T09:32:50.768+0000] {processor.py:186} INFO - Started process (PID=638) to work on /opt/airflow/dags/fraud_detection_training_dag.py
[2025-12-27T09:32:50.768+0000] {processor.py:914} INFO - Processing file /opt/airflow/dags/fraud_detection_training_dag.py for tasks to queue
[2025-12-27T09:32:50.769+0000] {logging_mixin.py:190} INFO - [2025-12-27T09:32:50.769+0000] {dagbag.py:588} INFO - Filling up the DagBag from /opt/airflow/dags/fraud_detection_training_dag.py
[2025-12-27T09:32:50.775+0000] {processor.py:925} INFO - DAG(s) 'fraud_detection_training' retrieved from /opt/airflow/dags/fraud_detection_training_dag.py
[2025-12-27T09:32:50.790+0000] {logging_mixin.py:190} INFO - [2025-12-27T09:32:50.790+0000] {dag.py:3239} INFO - Sync 1 DAGs
[2025-12-27T09:32:50.802+0000] {logging_mixin.py:190} INFO - [2025-12-27T09:32:50.802+0000] {dag.py:4180} INFO - Setting next_dagrun for fraud_detection_training to 2025-12-27 03:00:00+00:00, run_after=2025-12-28 03:00:00+00:00
[2025-12-27T09:32:50.941+0000] {processor.py:208} INFO - Processing /opt/airflow/dags/fraud_detection_training_dag.py took 0.176 seconds
[2025-12-27T09:33:21.036+0000] {processor.py:186} INFO - Started process (PID=645) to work on /opt/airflow/dags/fraud_detection_training_dag.py
[2025-12-27T09:33:21.036+0000] {processor.py:914} INFO - Processing file /opt/airflow/dags/fraud_detection_training_dag.py for tasks to queue
[2025-12-27T09:33:21.037+0000] {logging_mixin.py:190} INFO - [2025-12-27T09:33:21.037+0000] {dagbag.py:588} INFO - Filling up the DagBag from /opt/airflow/dags/fraud_detection_training_dag.py
[2025-12-27T09:33:21.043+0000] {processor.py:925} INFO - DAG(s) 'fraud_detection_training' retrieved from /opt/airflow/dags/fraud_detection_training_dag.py
[2025-12-27T09:33:21.059+0000] {logging_mixin.py:190} INFO - [2025-12-27T09:33:21.059+0000] {dag.py:3239} INFO - Sync 1 DAGs
[2025-12-27T09:33:21.071+0000] {logging_mixin.py:190} INFO - [2025-12-27T09:33:21.071+0000] {dag.py:4180} INFO - Setting next_dagrun for fraud_detection_training to 2025-12-27 03:00:00+00:00, run_after=2025-12-28 03:00:00+00:00
[2025-12-27T09:33:21.079+0000] {processor.py:208} INFO - Processing /opt/airflow/dags/fraud_detection_training_dag.py took 0.047 seconds
[2025-12-27T09:33:51.153+0000] {processor.py:186} INFO - Started process (PID=646) to work on /opt/airflow/dags/fraud_detection_training_dag.py
[2025-12-27T09:33:51.154+0000] {processor.py:914} INFO - Processing file /opt/airflow/dags/fraud_detection_training_dag.py for tasks to queue
[2025-12-27T09:33:51.156+0000] {logging_mixin.py:190} INFO - [2025-12-27T09:33:51.156+0000] {dagbag.py:588} INFO - Filling up the DagBag from /opt/airflow/dags/fraud_detection_training_dag.py
[2025-12-27T09:33:51.165+0000] {processor.py:925} INFO - DAG(s) 'fraud_detection_training' retrieved from /opt/airflow/dags/fraud_detection_training_dag.py
[2025-12-27T09:33:51.184+0000] {logging_mixin.py:190} INFO - [2025-12-27T09:33:51.183+0000] {dag.py:3239} INFO - Sync 1 DAGs
[2025-12-27T09:33:51.198+0000] {logging_mixin.py:190} INFO - [2025-12-27T09:33:51.198+0000] {dag.py:4180} INFO - Setting next_dagrun for fraud_detection_training to 2025-12-27 03:00:00+00:00, run_after=2025-12-28 03:00:00+00:00
[2025-12-27T09:33:51.207+0000] {processor.py:208} INFO - Processing /opt/airflow/dags/fraud_detection_training_dag.py took 0.058 seconds
[2025-12-27T09:34:21.273+0000] {processor.py:186} INFO - Started process (PID=653) to work on /opt/airflow/dags/fraud_detection_training_dag.py
[2025-12-27T09:34:21.274+0000] {processor.py:914} INFO - Processing file /opt/airflow/dags/fraud_detection_training_dag.py for tasks to queue
[2025-12-27T09:34:21.275+0000] {logging_mixin.py:190} INFO - [2025-12-27T09:34:21.275+0000] {dagbag.py:588} INFO - Filling up the DagBag from /opt/airflow/dags/fraud_detection_training_dag.py
[2025-12-27T09:34:21.282+0000] {processor.py:925} INFO - DAG(s) 'fraud_detection_training' retrieved from /opt/airflow/dags/fraud_detection_training_dag.py
[2025-12-27T09:34:21.300+0000] {logging_mixin.py:190} INFO - [2025-12-27T09:34:21.299+0000] {dag.py:3239} INFO - Sync 1 DAGs
[2025-12-27T09:34:21.312+0000] {logging_mixin.py:190} INFO - [2025-12-27T09:34:21.312+0000] {dag.py:4180} INFO - Setting next_dagrun for fraud_detection_training to 2025-12-27 03:00:00+00:00, run_after=2025-12-28 03:00:00+00:00
[2025-12-27T09:34:21.320+0000] {processor.py:208} INFO - Processing /opt/airflow/dags/fraud_detection_training_dag.py took 0.051 seconds
[2025-12-27T09:34:51.405+0000] {processor.py:186} INFO - Started process (PID=654) to work on /opt/airflow/dags/fraud_detection_training_dag.py
[2025-12-27T09:34:51.405+0000] {processor.py:914} INFO - Processing file /opt/airflow/dags/fraud_detection_training_dag.py for tasks to queue
[2025-12-27T09:34:51.407+0000] {logging_mixin.py:190} INFO - [2025-12-27T09:34:51.407+0000] {dagbag.py:588} INFO - Filling up the DagBag from /opt/airflow/dags/fraud_detection_training_dag.py
[2025-12-27T09:34:51.414+0000] {processor.py:925} INFO - DAG(s) 'fraud_detection_training' retrieved from /opt/airflow/dags/fraud_detection_training_dag.py
[2025-12-27T09:34:51.427+0000] {logging_mixin.py:190} INFO - [2025-12-27T09:34:51.427+0000] {dag.py:3239} INFO - Sync 1 DAGs
[2025-12-27T09:34:51.438+0000] {logging_mixin.py:190} INFO - [2025-12-27T09:34:51.438+0000] {dag.py:4180} INFO - Setting next_dagrun for fraud_detection_training to 2025-12-27 03:00:00+00:00, run_after=2025-12-28 03:00:00+00:00
[2025-12-27T09:34:51.446+0000] {processor.py:208} INFO - Processing /opt/airflow/dags/fraud_detection_training_dag.py took 0.044 seconds
[2025-12-27T09:35:21.554+0000] {processor.py:186} INFO - Started process (PID=661) to work on /opt/airflow/dags/fraud_detection_training_dag.py
[2025-12-27T09:35:21.554+0000] {processor.py:914} INFO - Processing file /opt/airflow/dags/fraud_detection_training_dag.py for tasks to queue
[2025-12-27T09:35:21.556+0000] {logging_mixin.py:190} INFO - [2025-12-27T09:35:21.556+0000] {dagbag.py:588} INFO - Filling up the DagBag from /opt/airflow/dags/fraud_detection_training_dag.py
[2025-12-27T09:35:21.564+0000] {processor.py:925} INFO - DAG(s) 'fraud_detection_training' retrieved from /opt/airflow/dags/fraud_detection_training_dag.py
[2025-12-27T09:35:21.579+0000] {logging_mixin.py:190} INFO - [2025-12-27T09:35:21.579+0000] {dag.py:3239} INFO - Sync 1 DAGs
[2025-12-27T09:35:21.590+0000] {logging_mixin.py:190} INFO - [2025-12-27T09:35:21.590+0000] {dag.py:4180} INFO - Setting next_dagrun for fraud_detection_training to 2025-12-27 03:00:00+00:00, run_after=2025-12-28 03:00:00+00:00
[2025-12-27T09:35:21.598+0000] {processor.py:208} INFO - Processing /opt/airflow/dags/fraud_detection_training_dag.py took 0.049 seconds
[2025-12-27T09:35:51.674+0000] {processor.py:186} INFO - Started process (PID=662) to work on /opt/airflow/dags/fraud_detection_training_dag.py
[2025-12-27T09:35:51.674+0000] {processor.py:914} INFO - Processing file /opt/airflow/dags/fraud_detection_training_dag.py for tasks to queue
[2025-12-27T09:35:51.675+0000] {logging_mixin.py:190} INFO - [2025-12-27T09:35:51.675+0000] {dagbag.py:588} INFO - Filling up the DagBag from /opt/airflow/dags/fraud_detection_training_dag.py
[2025-12-27T09:35:51.682+0000] {processor.py:925} INFO - DAG(s) 'fraud_detection_training' retrieved from /opt/airflow/dags/fraud_detection_training_dag.py
[2025-12-27T09:35:51.703+0000] {logging_mixin.py:190} INFO - [2025-12-27T09:35:51.703+0000] {dag.py:3239} INFO - Sync 1 DAGs
[2025-12-27T09:35:51.716+0000] {logging_mixin.py:190} INFO - [2025-12-27T09:35:51.716+0000] {dag.py:4180} INFO - Setting next_dagrun for fraud_detection_training to 2025-12-27 03:00:00+00:00, run_after=2025-12-28 03:00:00+00:00
[2025-12-27T09:35:51.724+0000] {processor.py:208} INFO - Processing /opt/airflow/dags/fraud_detection_training_dag.py took 0.054 seconds
[2025-12-27T09:36:21.814+0000] {processor.py:186} INFO - Started process (PID=669) to work on /opt/airflow/dags/fraud_detection_training_dag.py
[2025-12-27T09:36:21.814+0000] {processor.py:914} INFO - Processing file /opt/airflow/dags/fraud_detection_training_dag.py for tasks to queue
[2025-12-27T09:36:21.815+0000] {logging_mixin.py:190} INFO - [2025-12-27T09:36:21.815+0000] {dagbag.py:588} INFO - Filling up the DagBag from /opt/airflow/dags/fraud_detection_training_dag.py
[2025-12-27T09:36:21.821+0000] {processor.py:925} INFO - DAG(s) 'fraud_detection_training' retrieved from /opt/airflow/dags/fraud_detection_training_dag.py
[2025-12-27T09:36:21.834+0000] {logging_mixin.py:190} INFO - [2025-12-27T09:36:21.834+0000] {dag.py:3239} INFO - Sync 1 DAGs
[2025-12-27T09:36:21.845+0000] {logging_mixin.py:190} INFO - [2025-12-27T09:36:21.844+0000] {dag.py:4180} INFO - Setting next_dagrun for fraud_detection_training to 2025-12-27 03:00:00+00:00, run_after=2025-12-28 03:00:00+00:00
[2025-12-27T09:36:21.852+0000] {processor.py:208} INFO - Processing /opt/airflow/dags/fraud_detection_training_dag.py took 0.041 seconds
[2025-12-27T09:36:51.931+0000] {processor.py:186} INFO - Started process (PID=670) to work on /opt/airflow/dags/fraud_detection_training_dag.py
[2025-12-27T09:36:51.932+0000] {processor.py:914} INFO - Processing file /opt/airflow/dags/fraud_detection_training_dag.py for tasks to queue
[2025-12-27T09:36:51.933+0000] {logging_mixin.py:190} INFO - [2025-12-27T09:36:51.933+0000] {dagbag.py:588} INFO - Filling up the DagBag from /opt/airflow/dags/fraud_detection_training_dag.py
[2025-12-27T09:36:51.940+0000] {processor.py:925} INFO - DAG(s) 'fraud_detection_training' retrieved from /opt/airflow/dags/fraud_detection_training_dag.py
[2025-12-27T09:36:51.955+0000] {logging_mixin.py:190} INFO - [2025-12-27T09:36:51.955+0000] {dag.py:3239} INFO - Sync 1 DAGs
[2025-12-27T09:36:51.967+0000] {logging_mixin.py:190} INFO - [2025-12-27T09:36:51.967+0000] {dag.py:4180} INFO - Setting next_dagrun for fraud_detection_training to 2025-12-27 03:00:00+00:00, run_after=2025-12-28 03:00:00+00:00
[2025-12-27T09:36:51.975+0000] {processor.py:208} INFO - Processing /opt/airflow/dags/fraud_detection_training_dag.py took 0.047 seconds
[2025-12-27T09:37:22.057+0000] {processor.py:186} INFO - Started process (PID=677) to work on /opt/airflow/dags/fraud_detection_training_dag.py
[2025-12-27T09:37:22.058+0000] {processor.py:914} INFO - Processing file /opt/airflow/dags/fraud_detection_training_dag.py for tasks to queue
[2025-12-27T09:37:22.060+0000] {logging_mixin.py:190} INFO - [2025-12-27T09:37:22.060+0000] {dagbag.py:588} INFO - Filling up the DagBag from /opt/airflow/dags/fraud_detection_training_dag.py
[2025-12-27T09:37:22.068+0000] {processor.py:925} INFO - DAG(s) 'fraud_detection_training' retrieved from /opt/airflow/dags/fraud_detection_training_dag.py
[2025-12-27T09:37:22.083+0000] {logging_mixin.py:190} INFO - [2025-12-27T09:37:22.083+0000] {dag.py:3239} INFO - Sync 1 DAGs
[2025-12-27T09:37:22.094+0000] {logging_mixin.py:190} INFO - [2025-12-27T09:37:22.094+0000] {dag.py:4180} INFO - Setting next_dagrun for fraud_detection_training to 2025-12-27 03:00:00+00:00, run_after=2025-12-28 03:00:00+00:00
[2025-12-27T09:37:22.102+0000] {processor.py:208} INFO - Processing /opt/airflow/dags/fraud_detection_training_dag.py took 0.048 seconds
[2025-12-27T09:37:52.182+0000] {processor.py:186} INFO - Started process (PID=678) to work on /opt/airflow/dags/fraud_detection_training_dag.py
[2025-12-27T09:37:52.182+0000] {processor.py:914} INFO - Processing file /opt/airflow/dags/fraud_detection_training_dag.py for tasks to queue
[2025-12-27T09:37:52.185+0000] {logging_mixin.py:190} INFO - [2025-12-27T09:37:52.184+0000] {dagbag.py:588} INFO - Filling up the DagBag from /opt/airflow/dags/fraud_detection_training_dag.py
[2025-12-27T09:37:52.193+0000] {processor.py:925} INFO - DAG(s) 'fraud_detection_training' retrieved from /opt/airflow/dags/fraud_detection_training_dag.py
[2025-12-27T09:37:52.212+0000] {logging_mixin.py:190} INFO - [2025-12-27T09:37:52.211+0000] {dag.py:3239} INFO - Sync 1 DAGs
[2025-12-27T09:37:52.225+0000] {logging_mixin.py:190} INFO - [2025-12-27T09:37:52.224+0000] {dag.py:4180} INFO - Setting next_dagrun for fraud_detection_training to 2025-12-27 03:00:00+00:00, run_after=2025-12-28 03:00:00+00:00
[2025-12-27T09:37:52.232+0000] {processor.py:208} INFO - Processing /opt/airflow/dags/fraud_detection_training_dag.py took 0.055 seconds
[2025-12-27T09:38:22.295+0000] {processor.py:186} INFO - Started process (PID=684) to work on /opt/airflow/dags/fraud_detection_training_dag.py
[2025-12-27T09:38:22.296+0000] {processor.py:914} INFO - Processing file /opt/airflow/dags/fraud_detection_training_dag.py for tasks to queue
[2025-12-27T09:38:22.297+0000] {logging_mixin.py:190} INFO - [2025-12-27T09:38:22.297+0000] {dagbag.py:588} INFO - Filling up the DagBag from /opt/airflow/dags/fraud_detection_training_dag.py
[2025-12-27T09:38:22.304+0000] {processor.py:925} INFO - DAG(s) 'fraud_detection_training' retrieved from /opt/airflow/dags/fraud_detection_training_dag.py
[2025-12-27T09:38:22.322+0000] {logging_mixin.py:190} INFO - [2025-12-27T09:38:22.321+0000] {dag.py:3239} INFO - Sync 1 DAGs
[2025-12-27T09:38:22.332+0000] {logging_mixin.py:190} INFO - [2025-12-27T09:38:22.332+0000] {dag.py:4180} INFO - Setting next_dagrun for fraud_detection_training to 2025-12-27 03:00:00+00:00, run_after=2025-12-28 03:00:00+00:00
[2025-12-27T09:38:22.484+0000] {processor.py:208} INFO - Processing /opt/airflow/dags/fraud_detection_training_dag.py took 0.192 seconds
[2025-12-27T09:38:52.592+0000] {processor.py:186} INFO - Started process (PID=685) to work on /opt/airflow/dags/fraud_detection_training_dag.py
[2025-12-27T09:38:52.592+0000] {processor.py:914} INFO - Processing file /opt/airflow/dags/fraud_detection_training_dag.py for tasks to queue
[2025-12-27T09:38:52.594+0000] {logging_mixin.py:190} INFO - [2025-12-27T09:38:52.593+0000] {dagbag.py:588} INFO - Filling up the DagBag from /opt/airflow/dags/fraud_detection_training_dag.py
[2025-12-27T09:38:52.601+0000] {processor.py:925} INFO - DAG(s) 'fraud_detection_training' retrieved from /opt/airflow/dags/fraud_detection_training_dag.py
[2025-12-27T09:38:52.618+0000] {logging_mixin.py:190} INFO - [2025-12-27T09:38:52.618+0000] {dag.py:3239} INFO - Sync 1 DAGs
[2025-12-27T09:38:52.631+0000] {logging_mixin.py:190} INFO - [2025-12-27T09:38:52.631+0000] {dag.py:4180} INFO - Setting next_dagrun for fraud_detection_training to 2025-12-27 03:00:00+00:00, run_after=2025-12-28 03:00:00+00:00
[2025-12-27T09:38:52.642+0000] {processor.py:208} INFO - Processing /opt/airflow/dags/fraud_detection_training_dag.py took 0.054 seconds
[2025-12-27T10:23:20.550+0000] {processor.py:186} INFO - Started process (PID=693) to work on /opt/airflow/dags/fraud_detection_training_dag.py
[2025-12-27T10:23:20.553+0000] {processor.py:914} INFO - Processing file /opt/airflow/dags/fraud_detection_training_dag.py for tasks to queue
[2025-12-27T10:23:20.555+0000] {logging_mixin.py:190} INFO - [2025-12-27T10:23:20.555+0000] {dagbag.py:588} INFO - Filling up the DagBag from /opt/airflow/dags/fraud_detection_training_dag.py
[2025-12-27T10:23:20.584+0000] {processor.py:925} INFO - DAG(s) 'fraud_detection_training' retrieved from /opt/airflow/dags/fraud_detection_training_dag.py
[2025-12-27T10:23:20.971+0000] {logging_mixin.py:190} INFO - [2025-12-27T10:23:20.971+0000] {dag.py:3239} INFO - Sync 1 DAGs
[2025-12-27T10:23:20.995+0000] {logging_mixin.py:190} INFO - [2025-12-27T10:23:20.995+0000] {dag.py:4180} INFO - Setting next_dagrun for fraud_detection_training to 2025-12-27 03:00:00+00:00, run_after=2025-12-28 03:00:00+00:00
[2025-12-27T10:23:21.016+0000] {processor.py:208} INFO - Processing /opt/airflow/dags/fraud_detection_training_dag.py took 0.473 seconds
[2025-12-27T12:02:49.400+0000] {processor.py:186} INFO - Started process (PID=712) to work on /opt/airflow/dags/fraud_detection_training_dag.py
[2025-12-27T12:02:49.401+0000] {processor.py:914} INFO - Processing file /opt/airflow/dags/fraud_detection_training_dag.py for tasks to queue
[2025-12-27T12:02:49.408+0000] {logging_mixin.py:190} INFO - [2025-12-27T12:02:49.408+0000] {dagbag.py:588} INFO - Filling up the DagBag from /opt/airflow/dags/fraud_detection_training_dag.py
[2025-12-27T12:02:49.926+0000] {processor.py:925} INFO - DAG(s) 'fraud_detection_training' retrieved from /opt/airflow/dags/fraud_detection_training_dag.py
[2025-12-27T12:02:50.006+0000] {logging_mixin.py:190} INFO - [2025-12-27T12:02:50.006+0000] {dag.py:3239} INFO - Sync 1 DAGs
[2025-12-27T12:02:50.034+0000] {logging_mixin.py:190} INFO - [2025-12-27T12:02:50.034+0000] {dag.py:4180} INFO - Setting next_dagrun for fraud_detection_training to 2025-12-27 03:00:00+00:00, run_after=2025-12-28 03:00:00+00:00
[2025-12-27T12:02:50.066+0000] {processor.py:208} INFO - Processing /opt/airflow/dags/fraud_detection_training_dag.py took 0.700 seconds
[2025-12-27T12:03:20.234+0000] {processor.py:186} INFO - Started process (PID=713) to work on /opt/airflow/dags/fraud_detection_training_dag.py
[2025-12-27T12:03:20.235+0000] {processor.py:914} INFO - Processing file /opt/airflow/dags/fraud_detection_training_dag.py for tasks to queue
[2025-12-27T12:03:20.239+0000] {logging_mixin.py:190} INFO - [2025-12-27T12:03:20.237+0000] {dagbag.py:588} INFO - Filling up the DagBag from /opt/airflow/dags/fraud_detection_training_dag.py
[2025-12-27T12:03:20.250+0000] {processor.py:925} INFO - DAG(s) 'fraud_detection_training' retrieved from /opt/airflow/dags/fraud_detection_training_dag.py
[2025-12-27T12:03:20.278+0000] {logging_mixin.py:190} INFO - [2025-12-27T12:03:20.278+0000] {dag.py:3239} INFO - Sync 1 DAGs
[2025-12-27T12:03:20.298+0000] {logging_mixin.py:190} INFO - [2025-12-27T12:03:20.298+0000] {dag.py:4180} INFO - Setting next_dagrun for fraud_detection_training to 2025-12-27 03:00:00+00:00, run_after=2025-12-28 03:00:00+00:00
[2025-12-27T12:03:20.308+0000] {processor.py:208} INFO - Processing /opt/airflow/dags/fraud_detection_training_dag.py took 0.082 seconds
[2025-12-27T12:03:50.369+0000] {processor.py:186} INFO - Started process (PID=720) to work on /opt/airflow/dags/fraud_detection_training_dag.py
[2025-12-27T12:03:50.370+0000] {processor.py:914} INFO - Processing file /opt/airflow/dags/fraud_detection_training_dag.py for tasks to queue
[2025-12-27T12:03:50.371+0000] {logging_mixin.py:190} INFO - [2025-12-27T12:03:50.370+0000] {dagbag.py:588} INFO - Filling up the DagBag from /opt/airflow/dags/fraud_detection_training_dag.py
[2025-12-27T12:03:50.378+0000] {processor.py:925} INFO - DAG(s) 'fraud_detection_training' retrieved from /opt/airflow/dags/fraud_detection_training_dag.py
[2025-12-27T12:03:50.402+0000] {logging_mixin.py:190} INFO - [2025-12-27T12:03:50.402+0000] {dag.py:3239} INFO - Sync 1 DAGs
[2025-12-27T12:03:50.417+0000] {logging_mixin.py:190} INFO - [2025-12-27T12:03:50.417+0000] {dag.py:4180} INFO - Setting next_dagrun for fraud_detection_training to 2025-12-27 03:00:00+00:00, run_after=2025-12-28 03:00:00+00:00
[2025-12-27T12:03:50.428+0000] {processor.py:208} INFO - Processing /opt/airflow/dags/fraud_detection_training_dag.py took 0.063 seconds
[2025-12-27T12:04:20.539+0000] {processor.py:186} INFO - Started process (PID=721) to work on /opt/airflow/dags/fraud_detection_training_dag.py
[2025-12-27T12:04:20.540+0000] {processor.py:914} INFO - Processing file /opt/airflow/dags/fraud_detection_training_dag.py for tasks to queue
[2025-12-27T12:04:20.541+0000] {logging_mixin.py:190} INFO - [2025-12-27T12:04:20.540+0000] {dagbag.py:588} INFO - Filling up the DagBag from /opt/airflow/dags/fraud_detection_training_dag.py
[2025-12-27T12:04:20.547+0000] {processor.py:925} INFO - DAG(s) 'fraud_detection_training' retrieved from /opt/airflow/dags/fraud_detection_training_dag.py
[2025-12-27T12:04:20.567+0000] {logging_mixin.py:190} INFO - [2025-12-27T12:04:20.567+0000] {dag.py:3239} INFO - Sync 1 DAGs
[2025-12-27T12:04:20.580+0000] {logging_mixin.py:190} INFO - [2025-12-27T12:04:20.580+0000] {dag.py:4180} INFO - Setting next_dagrun for fraud_detection_training to 2025-12-27 03:00:00+00:00, run_after=2025-12-28 03:00:00+00:00
[2025-12-27T12:04:20.588+0000] {processor.py:208} INFO - Processing /opt/airflow/dags/fraud_detection_training_dag.py took 0.053 seconds
[2025-12-27T12:04:50.664+0000] {processor.py:186} INFO - Started process (PID=728) to work on /opt/airflow/dags/fraud_detection_training_dag.py
[2025-12-27T12:04:50.665+0000] {processor.py:914} INFO - Processing file /opt/airflow/dags/fraud_detection_training_dag.py for tasks to queue
[2025-12-27T12:04:50.666+0000] {logging_mixin.py:190} INFO - [2025-12-27T12:04:50.666+0000] {dagbag.py:588} INFO - Filling up the DagBag from /opt/airflow/dags/fraud_detection_training_dag.py
[2025-12-27T12:04:50.678+0000] {processor.py:925} INFO - DAG(s) 'fraud_detection_training' retrieved from /opt/airflow/dags/fraud_detection_training_dag.py
[2025-12-27T12:04:50.701+0000] {logging_mixin.py:190} INFO - [2025-12-27T12:04:50.701+0000] {dag.py:3239} INFO - Sync 1 DAGs
[2025-12-27T12:04:50.714+0000] {logging_mixin.py:190} INFO - [2025-12-27T12:04:50.714+0000] {dag.py:4180} INFO - Setting next_dagrun for fraud_detection_training to 2025-12-27 03:00:00+00:00, run_after=2025-12-28 03:00:00+00:00
[2025-12-27T12:04:50.722+0000] {processor.py:208} INFO - Processing /opt/airflow/dags/fraud_detection_training_dag.py took 0.064 seconds
[2025-12-27T12:05:20.845+0000] {processor.py:186} INFO - Started process (PID=729) to work on /opt/airflow/dags/fraud_detection_training_dag.py
[2025-12-27T12:05:20.846+0000] {processor.py:914} INFO - Processing file /opt/airflow/dags/fraud_detection_training_dag.py for tasks to queue
[2025-12-27T12:05:20.847+0000] {logging_mixin.py:190} INFO - [2025-12-27T12:05:20.847+0000] {dagbag.py:588} INFO - Filling up the DagBag from /opt/airflow/dags/fraud_detection_training_dag.py
[2025-12-27T12:05:20.855+0000] {processor.py:925} INFO - DAG(s) 'fraud_detection_training' retrieved from /opt/airflow/dags/fraud_detection_training_dag.py
[2025-12-27T12:05:20.880+0000] {logging_mixin.py:190} INFO - [2025-12-27T12:05:20.880+0000] {dag.py:3239} INFO - Sync 1 DAGs
[2025-12-27T12:05:20.898+0000] {logging_mixin.py:190} INFO - [2025-12-27T12:05:20.898+0000] {dag.py:4180} INFO - Setting next_dagrun for fraud_detection_training to 2025-12-27 03:00:00+00:00, run_after=2025-12-28 03:00:00+00:00
[2025-12-27T12:05:20.908+0000] {processor.py:208} INFO - Processing /opt/airflow/dags/fraud_detection_training_dag.py took 0.068 seconds
[2025-12-27T12:05:50.980+0000] {processor.py:186} INFO - Started process (PID=736) to work on /opt/airflow/dags/fraud_detection_training_dag.py
[2025-12-27T12:05:50.982+0000] {processor.py:914} INFO - Processing file /opt/airflow/dags/fraud_detection_training_dag.py for tasks to queue
[2025-12-27T12:05:50.983+0000] {logging_mixin.py:190} INFO - [2025-12-27T12:05:50.983+0000] {dagbag.py:588} INFO - Filling up the DagBag from /opt/airflow/dags/fraud_detection_training_dag.py
[2025-12-27T12:05:51.008+0000] {processor.py:925} INFO - DAG(s) 'fraud_detection_training' retrieved from /opt/airflow/dags/fraud_detection_training_dag.py
[2025-12-27T12:05:51.039+0000] {logging_mixin.py:190} INFO - [2025-12-27T12:05:51.039+0000] {dag.py:3239} INFO - Sync 1 DAGs
[2025-12-27T12:05:51.052+0000] {logging_mixin.py:190} INFO - [2025-12-27T12:05:51.051+0000] {dag.py:4180} INFO - Setting next_dagrun for fraud_detection_training to 2025-12-27 03:00:00+00:00, run_after=2025-12-28 03:00:00+00:00
[2025-12-27T12:05:51.065+0000] {processor.py:208} INFO - Processing /opt/airflow/dags/fraud_detection_training_dag.py took 0.092 seconds
[2025-12-27T12:06:21.146+0000] {processor.py:186} INFO - Started process (PID=737) to work on /opt/airflow/dags/fraud_detection_training_dag.py
[2025-12-27T12:06:21.147+0000] {processor.py:914} INFO - Processing file /opt/airflow/dags/fraud_detection_training_dag.py for tasks to queue
[2025-12-27T12:06:21.148+0000] {logging_mixin.py:190} INFO - [2025-12-27T12:06:21.148+0000] {dagbag.py:588} INFO - Filling up the DagBag from /opt/airflow/dags/fraud_detection_training_dag.py
[2025-12-27T12:06:21.159+0000] {processor.py:925} INFO - DAG(s) 'fraud_detection_training' retrieved from /opt/airflow/dags/fraud_detection_training_dag.py
[2025-12-27T12:06:21.181+0000] {logging_mixin.py:190} INFO - [2025-12-27T12:06:21.181+0000] {dag.py:3239} INFO - Sync 1 DAGs
[2025-12-27T12:06:21.194+0000] {logging_mixin.py:190} INFO - [2025-12-27T12:06:21.194+0000] {dag.py:4180} INFO - Setting next_dagrun for fraud_detection_training to 2025-12-27 03:00:00+00:00, run_after=2025-12-28 03:00:00+00:00
[2025-12-27T12:06:21.203+0000] {processor.py:208} INFO - Processing /opt/airflow/dags/fraud_detection_training_dag.py took 0.062 seconds
[2025-12-27T12:06:51.283+0000] {processor.py:186} INFO - Started process (PID=744) to work on /opt/airflow/dags/fraud_detection_training_dag.py
[2025-12-27T12:06:51.283+0000] {processor.py:914} INFO - Processing file /opt/airflow/dags/fraud_detection_training_dag.py for tasks to queue
[2025-12-27T12:06:51.284+0000] {logging_mixin.py:190} INFO - [2025-12-27T12:06:51.284+0000] {dagbag.py:588} INFO - Filling up the DagBag from /opt/airflow/dags/fraud_detection_training_dag.py
[2025-12-27T12:06:51.288+0000] {processor.py:925} INFO - DAG(s) 'fraud_detection_training' retrieved from /opt/airflow/dags/fraud_detection_training_dag.py
[2025-12-27T12:06:51.303+0000] {logging_mixin.py:190} INFO - [2025-12-27T12:06:51.303+0000] {dag.py:3239} INFO - Sync 1 DAGs
[2025-12-27T12:06:51.314+0000] {logging_mixin.py:190} INFO - [2025-12-27T12:06:51.314+0000] {dag.py:4180} INFO - Setting next_dagrun for fraud_detection_training to 2025-12-27 03:00:00+00:00, run_after=2025-12-28 03:00:00+00:00
[2025-12-27T12:06:51.322+0000] {processor.py:208} INFO - Processing /opt/airflow/dags/fraud_detection_training_dag.py took 0.043 seconds
[2025-12-27T12:07:21.403+0000] {processor.py:186} INFO - Started process (PID=745) to work on /opt/airflow/dags/fraud_detection_training_dag.py
[2025-12-27T12:07:21.403+0000] {processor.py:914} INFO - Processing file /opt/airflow/dags/fraud_detection_training_dag.py for tasks to queue
[2025-12-27T12:07:21.404+0000] {logging_mixin.py:190} INFO - [2025-12-27T12:07:21.404+0000] {dagbag.py:588} INFO - Filling up the DagBag from /opt/airflow/dags/fraud_detection_training_dag.py
[2025-12-27T12:07:21.409+0000] {processor.py:925} INFO - DAG(s) 'fraud_detection_training' retrieved from /opt/airflow/dags/fraud_detection_training_dag.py
[2025-12-27T12:07:21.426+0000] {logging_mixin.py:190} INFO - [2025-12-27T12:07:21.426+0000] {dag.py:3239} INFO - Sync 1 DAGs
[2025-12-27T12:07:21.436+0000] {logging_mixin.py:190} INFO - [2025-12-27T12:07:21.436+0000] {dag.py:4180} INFO - Setting next_dagrun for fraud_detection_training to 2025-12-27 03:00:00+00:00, run_after=2025-12-28 03:00:00+00:00
[2025-12-27T12:07:21.443+0000] {processor.py:208} INFO - Processing /opt/airflow/dags/fraud_detection_training_dag.py took 0.043 seconds
[2025-12-27T12:07:51.570+0000] {processor.py:186} INFO - Started process (PID=752) to work on /opt/airflow/dags/fraud_detection_training_dag.py
[2025-12-27T12:07:51.570+0000] {processor.py:914} INFO - Processing file /opt/airflow/dags/fraud_detection_training_dag.py for tasks to queue
[2025-12-27T12:07:51.572+0000] {logging_mixin.py:190} INFO - [2025-12-27T12:07:51.571+0000] {dagbag.py:588} INFO - Filling up the DagBag from /opt/airflow/dags/fraud_detection_training_dag.py
[2025-12-27T12:07:51.579+0000] {processor.py:925} INFO - DAG(s) 'fraud_detection_training' retrieved from /opt/airflow/dags/fraud_detection_training_dag.py
[2025-12-27T12:07:51.599+0000] {logging_mixin.py:190} INFO - [2025-12-27T12:07:51.599+0000] {dag.py:3239} INFO - Sync 1 DAGs
[2025-12-27T12:07:51.613+0000] {logging_mixin.py:190} INFO - [2025-12-27T12:07:51.613+0000] {dag.py:4180} INFO - Setting next_dagrun for fraud_detection_training to 2025-12-27 03:00:00+00:00, run_after=2025-12-28 03:00:00+00:00
[2025-12-27T12:07:51.622+0000] {processor.py:208} INFO - Processing /opt/airflow/dags/fraud_detection_training_dag.py took 0.058 seconds
[2025-12-27T12:08:21.728+0000] {processor.py:186} INFO - Started process (PID=753) to work on /opt/airflow/dags/fraud_detection_training_dag.py
[2025-12-27T12:08:21.728+0000] {processor.py:914} INFO - Processing file /opt/airflow/dags/fraud_detection_training_dag.py for tasks to queue
[2025-12-27T12:08:21.729+0000] {logging_mixin.py:190} INFO - [2025-12-27T12:08:21.729+0000] {dagbag.py:588} INFO - Filling up the DagBag from /opt/airflow/dags/fraud_detection_training_dag.py
[2025-12-27T12:08:21.736+0000] {processor.py:925} INFO - DAG(s) 'fraud_detection_training' retrieved from /opt/airflow/dags/fraud_detection_training_dag.py
[2025-12-27T12:08:21.757+0000] {logging_mixin.py:190} INFO - [2025-12-27T12:08:21.757+0000] {dag.py:3239} INFO - Sync 1 DAGs
[2025-12-27T12:08:21.772+0000] {logging_mixin.py:190} INFO - [2025-12-27T12:08:21.772+0000] {dag.py:4180} INFO - Setting next_dagrun for fraud_detection_training to 2025-12-27 03:00:00+00:00, run_after=2025-12-28 03:00:00+00:00
[2025-12-27T12:08:21.781+0000] {processor.py:208} INFO - Processing /opt/airflow/dags/fraud_detection_training_dag.py took 0.058 seconds
[2025-12-27T12:08:51.840+0000] {processor.py:186} INFO - Started process (PID=759) to work on /opt/airflow/dags/fraud_detection_training_dag.py
[2025-12-27T12:08:51.840+0000] {processor.py:914} INFO - Processing file /opt/airflow/dags/fraud_detection_training_dag.py for tasks to queue
[2025-12-27T12:08:51.841+0000] {logging_mixin.py:190} INFO - [2025-12-27T12:08:51.841+0000] {dagbag.py:588} INFO - Filling up the DagBag from /opt/airflow/dags/fraud_detection_training_dag.py
[2025-12-27T12:08:51.847+0000] {processor.py:925} INFO - DAG(s) 'fraud_detection_training' retrieved from /opt/airflow/dags/fraud_detection_training_dag.py
[2025-12-27T12:08:51.867+0000] {logging_mixin.py:190} INFO - [2025-12-27T12:08:51.866+0000] {dag.py:3239} INFO - Sync 1 DAGs
[2025-12-27T12:08:51.881+0000] {logging_mixin.py:190} INFO - [2025-12-27T12:08:51.881+0000] {dag.py:4180} INFO - Setting next_dagrun for fraud_detection_training to 2025-12-27 03:00:00+00:00, run_after=2025-12-28 03:00:00+00:00
[2025-12-27T12:08:51.890+0000] {processor.py:208} INFO - Processing /opt/airflow/dags/fraud_detection_training_dag.py took 0.054 seconds
[2025-12-27T12:09:22.080+0000] {processor.py:186} INFO - Started process (PID=760) to work on /opt/airflow/dags/fraud_detection_training_dag.py
[2025-12-27T12:09:22.081+0000] {processor.py:914} INFO - Processing file /opt/airflow/dags/fraud_detection_training_dag.py for tasks to queue
[2025-12-27T12:09:22.082+0000] {logging_mixin.py:190} INFO - [2025-12-27T12:09:22.082+0000] {dagbag.py:588} INFO - Filling up the DagBag from /opt/airflow/dags/fraud_detection_training_dag.py
[2025-12-27T12:09:22.094+0000] {processor.py:925} INFO - DAG(s) 'fraud_detection_training' retrieved from /opt/airflow/dags/fraud_detection_training_dag.py
[2025-12-27T12:09:22.123+0000] {logging_mixin.py:190} INFO - [2025-12-27T12:09:22.123+0000] {dag.py:3239} INFO - Sync 1 DAGs
[2025-12-27T12:09:22.148+0000] {logging_mixin.py:190} INFO - [2025-12-27T12:09:22.148+0000] {dag.py:4180} INFO - Setting next_dagrun for fraud_detection_training to 2025-12-27 03:00:00+00:00, run_after=2025-12-28 03:00:00+00:00
[2025-12-27T12:09:22.160+0000] {processor.py:208} INFO - Processing /opt/airflow/dags/fraud_detection_training_dag.py took 0.088 seconds
[2025-12-27T12:09:52.274+0000] {processor.py:186} INFO - Started process (PID=767) to work on /opt/airflow/dags/fraud_detection_training_dag.py
[2025-12-27T12:09:52.275+0000] {processor.py:914} INFO - Processing file /opt/airflow/dags/fraud_detection_training_dag.py for tasks to queue
[2025-12-27T12:09:52.277+0000] {logging_mixin.py:190} INFO - [2025-12-27T12:09:52.276+0000] {dagbag.py:588} INFO - Filling up the DagBag from /opt/airflow/dags/fraud_detection_training_dag.py
[2025-12-27T12:09:52.291+0000] {processor.py:925} INFO - DAG(s) 'fraud_detection_training' retrieved from /opt/airflow/dags/fraud_detection_training_dag.py
[2025-12-27T12:09:52.339+0000] {logging_mixin.py:190} INFO - [2025-12-27T12:09:52.339+0000] {dag.py:3239} INFO - Sync 1 DAGs
[2025-12-27T12:09:52.358+0000] {logging_mixin.py:190} INFO - [2025-12-27T12:09:52.358+0000] {dag.py:4180} INFO - Setting next_dagrun for fraud_detection_training to 2025-12-27 03:00:00+00:00, run_after=2025-12-28 03:00:00+00:00
[2025-12-27T12:09:52.378+0000] {processor.py:208} INFO - Processing /opt/airflow/dags/fraud_detection_training_dag.py took 0.117 seconds
[2025-12-27T12:10:22.443+0000] {processor.py:186} INFO - Started process (PID=768) to work on /opt/airflow/dags/fraud_detection_training_dag.py
[2025-12-27T12:10:22.444+0000] {processor.py:914} INFO - Processing file /opt/airflow/dags/fraud_detection_training_dag.py for tasks to queue
[2025-12-27T12:10:22.445+0000] {logging_mixin.py:190} INFO - [2025-12-27T12:10:22.444+0000] {dagbag.py:588} INFO - Filling up the DagBag from /opt/airflow/dags/fraud_detection_training_dag.py
[2025-12-27T12:10:22.454+0000] {processor.py:925} INFO - DAG(s) 'fraud_detection_training' retrieved from /opt/airflow/dags/fraud_detection_training_dag.py
[2025-12-27T12:10:22.480+0000] {logging_mixin.py:190} INFO - [2025-12-27T12:10:22.480+0000] {dag.py:3239} INFO - Sync 1 DAGs
[2025-12-27T12:10:22.498+0000] {logging_mixin.py:190} INFO - [2025-12-27T12:10:22.498+0000] {dag.py:4180} INFO - Setting next_dagrun for fraud_detection_training to 2025-12-27 03:00:00+00:00, run_after=2025-12-28 03:00:00+00:00
[2025-12-27T12:10:22.511+0000] {processor.py:208} INFO - Processing /opt/airflow/dags/fraud_detection_training_dag.py took 0.076 seconds
[2025-12-27T12:10:52.647+0000] {processor.py:186} INFO - Started process (PID=775) to work on /opt/airflow/dags/fraud_detection_training_dag.py
[2025-12-27T12:10:52.649+0000] {processor.py:914} INFO - Processing file /opt/airflow/dags/fraud_detection_training_dag.py for tasks to queue
[2025-12-27T12:10:52.652+0000] {logging_mixin.py:190} INFO - [2025-12-27T12:10:52.652+0000] {dagbag.py:588} INFO - Filling up the DagBag from /opt/airflow/dags/fraud_detection_training_dag.py
[2025-12-27T12:10:52.664+0000] {processor.py:925} INFO - DAG(s) 'fraud_detection_training' retrieved from /opt/airflow/dags/fraud_detection_training_dag.py
[2025-12-27T12:10:52.701+0000] {logging_mixin.py:190} INFO - [2025-12-27T12:10:52.701+0000] {dag.py:3239} INFO - Sync 1 DAGs
[2025-12-27T12:10:52.727+0000] {logging_mixin.py:190} INFO - [2025-12-27T12:10:52.727+0000] {dag.py:4180} INFO - Setting next_dagrun for fraud_detection_training to 2025-12-27 03:00:00+00:00, run_after=2025-12-28 03:00:00+00:00
[2025-12-27T12:10:52.742+0000] {processor.py:208} INFO - Processing /opt/airflow/dags/fraud_detection_training_dag.py took 0.107 seconds
[2025-12-27T12:11:22.823+0000] {processor.py:186} INFO - Started process (PID=776) to work on /opt/airflow/dags/fraud_detection_training_dag.py
[2025-12-27T12:11:22.825+0000] {processor.py:914} INFO - Processing file /opt/airflow/dags/fraud_detection_training_dag.py for tasks to queue
[2025-12-27T12:11:22.826+0000] {logging_mixin.py:190} INFO - [2025-12-27T12:11:22.826+0000] {dagbag.py:588} INFO - Filling up the DagBag from /opt/airflow/dags/fraud_detection_training_dag.py
[2025-12-27T12:11:22.847+0000] {processor.py:925} INFO - DAG(s) 'fraud_detection_training' retrieved from /opt/airflow/dags/fraud_detection_training_dag.py
[2025-12-27T12:11:22.878+0000] {logging_mixin.py:190} INFO - [2025-12-27T12:11:22.878+0000] {dag.py:3239} INFO - Sync 1 DAGs
[2025-12-27T12:11:22.898+0000] {logging_mixin.py:190} INFO - [2025-12-27T12:11:22.897+0000] {dag.py:4180} INFO - Setting next_dagrun for fraud_detection_training to 2025-12-27 03:00:00+00:00, run_after=2025-12-28 03:00:00+00:00
[2025-12-27T12:11:22.915+0000] {processor.py:208} INFO - Processing /opt/airflow/dags/fraud_detection_training_dag.py took 0.100 seconds
[2025-12-27T12:11:53.092+0000] {processor.py:186} INFO - Started process (PID=783) to work on /opt/airflow/dags/fraud_detection_training_dag.py
[2025-12-27T12:11:53.093+0000] {processor.py:914} INFO - Processing file /opt/airflow/dags/fraud_detection_training_dag.py for tasks to queue
[2025-12-27T12:11:53.095+0000] {logging_mixin.py:190} INFO - [2025-12-27T12:11:53.094+0000] {dagbag.py:588} INFO - Filling up the DagBag from /opt/airflow/dags/fraud_detection_training_dag.py
[2025-12-27T12:11:53.109+0000] {processor.py:925} INFO - DAG(s) 'fraud_detection_training' retrieved from /opt/airflow/dags/fraud_detection_training_dag.py
[2025-12-27T12:11:53.162+0000] {logging_mixin.py:190} INFO - [2025-12-27T12:11:53.161+0000] {dag.py:3239} INFO - Sync 1 DAGs
[2025-12-27T12:11:53.191+0000] {logging_mixin.py:190} INFO - [2025-12-27T12:11:53.190+0000] {dag.py:4180} INFO - Setting next_dagrun for fraud_detection_training to 2025-12-27 03:00:00+00:00, run_after=2025-12-28 03:00:00+00:00
[2025-12-27T12:11:53.203+0000] {processor.py:208} INFO - Processing /opt/airflow/dags/fraud_detection_training_dag.py took 0.127 seconds
[2025-12-27T12:12:23.228+0000] {processor.py:186} INFO - Started process (PID=784) to work on /opt/airflow/dags/fraud_detection_training_dag.py
[2025-12-27T12:12:23.229+0000] {processor.py:914} INFO - Processing file /opt/airflow/dags/fraud_detection_training_dag.py for tasks to queue
[2025-12-27T12:12:23.231+0000] {logging_mixin.py:190} INFO - [2025-12-27T12:12:23.230+0000] {dagbag.py:588} INFO - Filling up the DagBag from /opt/airflow/dags/fraud_detection_training_dag.py
[2025-12-27T12:12:23.242+0000] {processor.py:925} INFO - DAG(s) 'fraud_detection_training' retrieved from /opt/airflow/dags/fraud_detection_training_dag.py
[2025-12-27T12:12:23.268+0000] {logging_mixin.py:190} INFO - [2025-12-27T12:12:23.268+0000] {dag.py:3239} INFO - Sync 1 DAGs
[2025-12-27T12:12:23.284+0000] {logging_mixin.py:190} INFO - [2025-12-27T12:12:23.284+0000] {dag.py:4180} INFO - Setting next_dagrun for fraud_detection_training to 2025-12-27 03:00:00+00:00, run_after=2025-12-28 03:00:00+00:00
[2025-12-27T12:12:23.295+0000] {processor.py:208} INFO - Processing /opt/airflow/dags/fraud_detection_training_dag.py took 0.073 seconds
[2025-12-27T12:12:53.370+0000] {processor.py:186} INFO - Started process (PID=791) to work on /opt/airflow/dags/fraud_detection_training_dag.py
[2025-12-27T12:12:53.371+0000] {processor.py:914} INFO - Processing file /opt/airflow/dags/fraud_detection_training_dag.py for tasks to queue
[2025-12-27T12:12:53.372+0000] {logging_mixin.py:190} INFO - [2025-12-27T12:12:53.372+0000] {dagbag.py:588} INFO - Filling up the DagBag from /opt/airflow/dags/fraud_detection_training_dag.py
[2025-12-27T12:12:53.381+0000] {processor.py:925} INFO - DAG(s) 'fraud_detection_training' retrieved from /opt/airflow/dags/fraud_detection_training_dag.py
[2025-12-27T12:12:53.411+0000] {logging_mixin.py:190} INFO - [2025-12-27T12:12:53.411+0000] {dag.py:3239} INFO - Sync 1 DAGs
[2025-12-27T12:12:53.430+0000] {logging_mixin.py:190} INFO - [2025-12-27T12:12:53.430+0000] {dag.py:4180} INFO - Setting next_dagrun for fraud_detection_training to 2025-12-27 03:00:00+00:00, run_after=2025-12-28 03:00:00+00:00
[2025-12-27T12:12:53.441+0000] {processor.py:208} INFO - Processing /opt/airflow/dags/fraud_detection_training_dag.py took 0.078 seconds
[2025-12-27T12:13:23.580+0000] {processor.py:186} INFO - Started process (PID=792) to work on /opt/airflow/dags/fraud_detection_training_dag.py
[2025-12-27T12:13:23.581+0000] {processor.py:914} INFO - Processing file /opt/airflow/dags/fraud_detection_training_dag.py for tasks to queue
[2025-12-27T12:13:23.582+0000] {logging_mixin.py:190} INFO - [2025-12-27T12:13:23.582+0000] {dagbag.py:588} INFO - Filling up the DagBag from /opt/airflow/dags/fraud_detection_training_dag.py
[2025-12-27T12:13:23.599+0000] {processor.py:925} INFO - DAG(s) 'fraud_detection_training' retrieved from /opt/airflow/dags/fraud_detection_training_dag.py
[2025-12-27T12:13:23.629+0000] {logging_mixin.py:190} INFO - [2025-12-27T12:13:23.629+0000] {dag.py:3239} INFO - Sync 1 DAGs
[2025-12-27T12:13:23.644+0000] {logging_mixin.py:190} INFO - [2025-12-27T12:13:23.644+0000] {dag.py:4180} INFO - Setting next_dagrun for fraud_detection_training to 2025-12-27 03:00:00+00:00, run_after=2025-12-28 03:00:00+00:00
[2025-12-27T12:13:23.653+0000] {processor.py:208} INFO - Processing /opt/airflow/dags/fraud_detection_training_dag.py took 0.078 seconds
[2025-12-27T12:14:47.248+0000] {processor.py:186} INFO - Started process (PID=50) to work on /opt/airflow/dags/fraud_detection_training_dag.py
[2025-12-27T12:14:47.250+0000] {processor.py:914} INFO - Processing file /opt/airflow/dags/fraud_detection_training_dag.py for tasks to queue
[2025-12-27T12:14:47.252+0000] {logging_mixin.py:190} INFO - [2025-12-27T12:14:47.252+0000] {dagbag.py:588} INFO - Filling up the DagBag from /opt/airflow/dags/fraud_detection_training_dag.py
[2025-12-27T12:14:47.287+0000] {processor.py:925} INFO - DAG(s) 'fraud_detection_training' retrieved from /opt/airflow/dags/fraud_detection_training_dag.py
[2025-12-27T12:14:47.557+0000] {logging_mixin.py:190} INFO - [2025-12-27T12:14:47.556+0000] {override.py:1912} INFO - Created Permission View: can read on DAG:fraud_detection_training
[2025-12-27T12:14:47.566+0000] {logging_mixin.py:190} INFO - [2025-12-27T12:14:47.566+0000] {override.py:1912} INFO - Created Permission View: can edit on DAG:fraud_detection_training
[2025-12-27T12:14:47.576+0000] {logging_mixin.py:190} INFO - [2025-12-27T12:14:47.576+0000] {override.py:1912} INFO - Created Permission View: can delete on DAG:fraud_detection_training
[2025-12-27T12:14:47.593+0000] {logging_mixin.py:190} INFO - [2025-12-27T12:14:47.592+0000] {override.py:1912} INFO - Created Permission View: can create on DAG Run:fraud_detection_training
[2025-12-27T12:14:47.601+0000] {logging_mixin.py:190} INFO - [2025-12-27T12:14:47.601+0000] {override.py:1912} INFO - Created Permission View: can read on DAG Run:fraud_detection_training
[2025-12-27T12:14:47.610+0000] {logging_mixin.py:190} INFO - [2025-12-27T12:14:47.609+0000] {override.py:1912} INFO - Created Permission View: menu access on DAG Run:fraud_detection_training
[2025-12-27T12:14:47.617+0000] {logging_mixin.py:190} INFO - [2025-12-27T12:14:47.617+0000] {override.py:1912} INFO - Created Permission View: can delete on DAG Run:fraud_detection_training
[2025-12-27T12:14:47.618+0000] {logging_mixin.py:190} INFO - [2025-12-27T12:14:47.617+0000] {dag.py:3239} INFO - Sync 1 DAGs
[2025-12-27T12:14:47.635+0000] {logging_mixin.py:190} INFO - [2025-12-27T12:14:47.635+0000] {dag.py:3262} INFO - Creating ORM DAG for fraud_detection_training
[2025-12-27T12:14:47.643+0000] {logging_mixin.py:190} INFO - [2025-12-27T12:14:47.643+0000] {dag.py:4180} INFO - Setting next_dagrun for fraud_detection_training to 2025-12-26 03:00:00+00:00, run_after=2025-12-27 03:00:00+00:00
[2025-12-27T12:14:47.661+0000] {processor.py:208} INFO - Processing /opt/airflow/dags/fraud_detection_training_dag.py took 0.418 seconds
[2025-12-27T12:15:17.887+0000] {processor.py:186} INFO - Started process (PID=57) to work on /opt/airflow/dags/fraud_detection_training_dag.py
[2025-12-27T12:15:17.888+0000] {processor.py:914} INFO - Processing file /opt/airflow/dags/fraud_detection_training_dag.py for tasks to queue
[2025-12-27T12:15:17.893+0000] {logging_mixin.py:190} INFO - [2025-12-27T12:15:17.893+0000] {dagbag.py:588} INFO - Filling up the DagBag from /opt/airflow/dags/fraud_detection_training_dag.py
[2025-12-27T12:15:17.910+0000] {processor.py:925} INFO - DAG(s) 'fraud_detection_training' retrieved from /opt/airflow/dags/fraud_detection_training_dag.py
[2025-12-27T12:15:17.980+0000] {logging_mixin.py:190} INFO - [2025-12-27T12:15:17.980+0000] {dag.py:3239} INFO - Sync 1 DAGs
[2025-12-27T12:15:18.019+0000] {logging_mixin.py:190} INFO - [2025-12-27T12:15:18.018+0000] {dag.py:4180} INFO - Setting next_dagrun for fraud_detection_training to 2025-12-26 03:00:00+00:00, run_after=2025-12-27 03:00:00+00:00
[2025-12-27T12:15:18.072+0000] {processor.py:208} INFO - Processing /opt/airflow/dags/fraud_detection_training_dag.py took 0.202 seconds
[2025-12-27T12:15:48.243+0000] {processor.py:186} INFO - Started process (PID=64) to work on /opt/airflow/dags/fraud_detection_training_dag.py
[2025-12-27T12:15:48.244+0000] {processor.py:914} INFO - Processing file /opt/airflow/dags/fraud_detection_training_dag.py for tasks to queue
[2025-12-27T12:15:48.246+0000] {logging_mixin.py:190} INFO - [2025-12-27T12:15:48.246+0000] {dagbag.py:588} INFO - Filling up the DagBag from /opt/airflow/dags/fraud_detection_training_dag.py
[2025-12-27T12:15:48.262+0000] {processor.py:925} INFO - DAG(s) 'fraud_detection_training' retrieved from /opt/airflow/dags/fraud_detection_training_dag.py
[2025-12-27T12:15:48.285+0000] {logging_mixin.py:190} INFO - [2025-12-27T12:15:48.285+0000] {dag.py:3239} INFO - Sync 1 DAGs
[2025-12-27T12:15:48.303+0000] {logging_mixin.py:190} INFO - [2025-12-27T12:15:48.303+0000] {dag.py:4180} INFO - Setting next_dagrun for fraud_detection_training to 2025-12-26 03:00:00+00:00, run_after=2025-12-27 03:00:00+00:00
[2025-12-27T12:15:48.314+0000] {processor.py:208} INFO - Processing /opt/airflow/dags/fraud_detection_training_dag.py took 0.075 seconds
[2025-12-27T12:16:18.384+0000] {processor.py:186} INFO - Started process (PID=65) to work on /opt/airflow/dags/fraud_detection_training_dag.py
[2025-12-27T12:16:18.385+0000] {processor.py:914} INFO - Processing file /opt/airflow/dags/fraud_detection_training_dag.py for tasks to queue
[2025-12-27T12:16:18.392+0000] {logging_mixin.py:190} INFO - [2025-12-27T12:16:18.391+0000] {dagbag.py:588} INFO - Filling up the DagBag from /opt/airflow/dags/fraud_detection_training_dag.py
[2025-12-27T12:16:18.405+0000] {processor.py:925} INFO - DAG(s) 'fraud_detection_training' retrieved from /opt/airflow/dags/fraud_detection_training_dag.py
[2025-12-27T12:16:18.428+0000] {logging_mixin.py:190} INFO - [2025-12-27T12:16:18.428+0000] {dag.py:3239} INFO - Sync 1 DAGs
[2025-12-27T12:16:18.445+0000] {logging_mixin.py:190} INFO - [2025-12-27T12:16:18.445+0000] {dag.py:4180} INFO - Setting next_dagrun for fraud_detection_training to 2025-12-26 03:00:00+00:00, run_after=2025-12-27 03:00:00+00:00
[2025-12-27T12:16:18.457+0000] {processor.py:208} INFO - Processing /opt/airflow/dags/fraud_detection_training_dag.py took 0.079 seconds
[2025-12-27T12:16:48.548+0000] {processor.py:186} INFO - Started process (PID=72) to work on /opt/airflow/dags/fraud_detection_training_dag.py
[2025-12-27T12:16:48.548+0000] {processor.py:914} INFO - Processing file /opt/airflow/dags/fraud_detection_training_dag.py for tasks to queue
[2025-12-27T12:16:48.551+0000] {logging_mixin.py:190} INFO - [2025-12-27T12:16:48.551+0000] {dagbag.py:588} INFO - Filling up the DagBag from /opt/airflow/dags/fraud_detection_training_dag.py
[2025-12-27T12:16:48.567+0000] {processor.py:925} INFO - DAG(s) 'fraud_detection_training' retrieved from /opt/airflow/dags/fraud_detection_training_dag.py
[2025-12-27T12:16:48.601+0000] {logging_mixin.py:190} INFO - [2025-12-27T12:16:48.601+0000] {dag.py:3239} INFO - Sync 1 DAGs
[2025-12-27T12:16:48.627+0000] {logging_mixin.py:190} INFO - [2025-12-27T12:16:48.627+0000] {dag.py:4180} INFO - Setting next_dagrun for fraud_detection_training to 2025-12-26 03:00:00+00:00, run_after=2025-12-27 03:00:00+00:00
[2025-12-27T12:16:48.644+0000] {processor.py:208} INFO - Processing /opt/airflow/dags/fraud_detection_training_dag.py took 0.100 seconds
[2025-12-27T12:17:18.715+0000] {processor.py:186} INFO - Started process (PID=73) to work on /opt/airflow/dags/fraud_detection_training_dag.py
[2025-12-27T12:17:18.716+0000] {processor.py:914} INFO - Processing file /opt/airflow/dags/fraud_detection_training_dag.py for tasks to queue
[2025-12-27T12:17:18.719+0000] {logging_mixin.py:190} INFO - [2025-12-27T12:17:18.719+0000] {dagbag.py:588} INFO - Filling up the DagBag from /opt/airflow/dags/fraud_detection_training_dag.py
[2025-12-27T12:17:18.730+0000] {processor.py:925} INFO - DAG(s) 'fraud_detection_training' retrieved from /opt/airflow/dags/fraud_detection_training_dag.py
[2025-12-27T12:17:18.752+0000] {logging_mixin.py:190} INFO - [2025-12-27T12:17:18.752+0000] {dag.py:3239} INFO - Sync 1 DAGs
[2025-12-27T12:17:18.770+0000] {logging_mixin.py:190} INFO - [2025-12-27T12:17:18.770+0000] {dag.py:4180} INFO - Setting next_dagrun for fraud_detection_training to 2025-12-26 03:00:00+00:00, run_after=2025-12-27 03:00:00+00:00
[2025-12-27T12:17:18.780+0000] {processor.py:208} INFO - Processing /opt/airflow/dags/fraud_detection_training_dag.py took 0.076 seconds
[2025-12-27T12:17:48.933+0000] {processor.py:186} INFO - Started process (PID=80) to work on /opt/airflow/dags/fraud_detection_training_dag.py
[2025-12-27T12:17:48.934+0000] {processor.py:914} INFO - Processing file /opt/airflow/dags/fraud_detection_training_dag.py for tasks to queue
[2025-12-27T12:17:48.937+0000] {logging_mixin.py:190} INFO - [2025-12-27T12:17:48.937+0000] {dagbag.py:588} INFO - Filling up the DagBag from /opt/airflow/dags/fraud_detection_training_dag.py
[2025-12-27T12:17:48.950+0000] {processor.py:925} INFO - DAG(s) 'fraud_detection_training' retrieved from /opt/airflow/dags/fraud_detection_training_dag.py
[2025-12-27T12:17:48.982+0000] {logging_mixin.py:190} INFO - [2025-12-27T12:17:48.982+0000] {dag.py:3239} INFO - Sync 1 DAGs
[2025-12-27T12:17:48.998+0000] {logging_mixin.py:190} INFO - [2025-12-27T12:17:48.998+0000] {dag.py:4180} INFO - Setting next_dagrun for fraud_detection_training to 2025-12-26 03:00:00+00:00, run_after=2025-12-27 03:00:00+00:00
[2025-12-27T12:17:49.007+0000] {processor.py:208} INFO - Processing /opt/airflow/dags/fraud_detection_training_dag.py took 0.081 seconds
[2025-12-27T12:18:19.058+0000] {processor.py:186} INFO - Started process (PID=81) to work on /opt/airflow/dags/fraud_detection_training_dag.py
[2025-12-27T12:18:19.059+0000] {processor.py:914} INFO - Processing file /opt/airflow/dags/fraud_detection_training_dag.py for tasks to queue
[2025-12-27T12:18:19.061+0000] {logging_mixin.py:190} INFO - [2025-12-27T12:18:19.061+0000] {dagbag.py:588} INFO - Filling up the DagBag from /opt/airflow/dags/fraud_detection_training_dag.py
[2025-12-27T12:18:19.070+0000] {processor.py:925} INFO - DAG(s) 'fraud_detection_training' retrieved from /opt/airflow/dags/fraud_detection_training_dag.py
[2025-12-27T12:18:19.090+0000] {logging_mixin.py:190} INFO - [2025-12-27T12:18:19.090+0000] {dag.py:3239} INFO - Sync 1 DAGs
[2025-12-27T12:18:19.103+0000] {logging_mixin.py:190} INFO - [2025-12-27T12:18:19.103+0000] {dag.py:4180} INFO - Setting next_dagrun for fraud_detection_training to 2025-12-26 03:00:00+00:00, run_after=2025-12-27 03:00:00+00:00
[2025-12-27T12:18:19.114+0000] {processor.py:208} INFO - Processing /opt/airflow/dags/fraud_detection_training_dag.py took 0.060 seconds
[2025-12-27T12:18:49.255+0000] {processor.py:186} INFO - Started process (PID=87) to work on /opt/airflow/dags/fraud_detection_training_dag.py
[2025-12-27T12:18:49.255+0000] {processor.py:914} INFO - Processing file /opt/airflow/dags/fraud_detection_training_dag.py for tasks to queue
[2025-12-27T12:18:49.256+0000] {logging_mixin.py:190} INFO - [2025-12-27T12:18:49.256+0000] {dagbag.py:588} INFO - Filling up the DagBag from /opt/airflow/dags/fraud_detection_training_dag.py
[2025-12-27T12:18:49.262+0000] {processor.py:925} INFO - DAG(s) 'fraud_detection_training' retrieved from /opt/airflow/dags/fraud_detection_training_dag.py
[2025-12-27T12:18:49.278+0000] {logging_mixin.py:190} INFO - [2025-12-27T12:18:49.278+0000] {dag.py:3239} INFO - Sync 1 DAGs
[2025-12-27T12:18:49.290+0000] {logging_mixin.py:190} INFO - [2025-12-27T12:18:49.290+0000] {dag.py:4180} INFO - Setting next_dagrun for fraud_detection_training to 2025-12-26 03:00:00+00:00, run_after=2025-12-27 03:00:00+00:00
[2025-12-27T12:18:49.298+0000] {processor.py:208} INFO - Processing /opt/airflow/dags/fraud_detection_training_dag.py took 0.047 seconds
[2025-12-27T12:19:19.383+0000] {processor.py:186} INFO - Started process (PID=88) to work on /opt/airflow/dags/fraud_detection_training_dag.py
[2025-12-27T12:19:19.384+0000] {processor.py:914} INFO - Processing file /opt/airflow/dags/fraud_detection_training_dag.py for tasks to queue
[2025-12-27T12:19:19.386+0000] {logging_mixin.py:190} INFO - [2025-12-27T12:19:19.386+0000] {dagbag.py:588} INFO - Filling up the DagBag from /opt/airflow/dags/fraud_detection_training_dag.py
[2025-12-27T12:19:19.395+0000] {processor.py:925} INFO - DAG(s) 'fraud_detection_training' retrieved from /opt/airflow/dags/fraud_detection_training_dag.py
[2025-12-27T12:19:19.419+0000] {logging_mixin.py:190} INFO - [2025-12-27T12:19:19.419+0000] {dag.py:3239} INFO - Sync 1 DAGs
[2025-12-27T12:19:19.436+0000] {logging_mixin.py:190} INFO - [2025-12-27T12:19:19.436+0000] {dag.py:4180} INFO - Setting next_dagrun for fraud_detection_training to 2025-12-26 03:00:00+00:00, run_after=2025-12-27 03:00:00+00:00
[2025-12-27T12:19:19.447+0000] {processor.py:208} INFO - Processing /opt/airflow/dags/fraud_detection_training_dag.py took 0.069 seconds
[2025-12-27T12:19:49.525+0000] {processor.py:186} INFO - Started process (PID=95) to work on /opt/airflow/dags/fraud_detection_training_dag.py
[2025-12-27T12:19:49.527+0000] {processor.py:914} INFO - Processing file /opt/airflow/dags/fraud_detection_training_dag.py for tasks to queue
[2025-12-27T12:19:49.531+0000] {logging_mixin.py:190} INFO - [2025-12-27T12:19:49.531+0000] {dagbag.py:588} INFO - Filling up the DagBag from /opt/airflow/dags/fraud_detection_training_dag.py
[2025-12-27T12:19:49.542+0000] {processor.py:925} INFO - DAG(s) 'fraud_detection_training' retrieved from /opt/airflow/dags/fraud_detection_training_dag.py
[2025-12-27T12:19:49.569+0000] {logging_mixin.py:190} INFO - [2025-12-27T12:19:49.569+0000] {dag.py:3239} INFO - Sync 1 DAGs
[2025-12-27T12:19:49.588+0000] {logging_mixin.py:190} INFO - [2025-12-27T12:19:49.588+0000] {dag.py:4180} INFO - Setting next_dagrun for fraud_detection_training to 2025-12-26 03:00:00+00:00, run_after=2025-12-27 03:00:00+00:00
[2025-12-27T12:19:49.600+0000] {processor.py:208} INFO - Processing /opt/airflow/dags/fraud_detection_training_dag.py took 0.079 seconds
[2025-12-27T12:20:19.672+0000] {processor.py:186} INFO - Started process (PID=96) to work on /opt/airflow/dags/fraud_detection_training_dag.py
[2025-12-27T12:20:19.673+0000] {processor.py:914} INFO - Processing file /opt/airflow/dags/fraud_detection_training_dag.py for tasks to queue
[2025-12-27T12:20:19.675+0000] {logging_mixin.py:190} INFO - [2025-12-27T12:20:19.675+0000] {dagbag.py:588} INFO - Filling up the DagBag from /opt/airflow/dags/fraud_detection_training_dag.py
[2025-12-27T12:20:19.686+0000] {processor.py:925} INFO - DAG(s) 'fraud_detection_training' retrieved from /opt/airflow/dags/fraud_detection_training_dag.py
[2025-12-27T12:20:19.709+0000] {logging_mixin.py:190} INFO - [2025-12-27T12:20:19.709+0000] {dag.py:3239} INFO - Sync 1 DAGs
[2025-12-27T12:20:19.726+0000] {logging_mixin.py:190} INFO - [2025-12-27T12:20:19.726+0000] {dag.py:4180} INFO - Setting next_dagrun for fraud_detection_training to 2025-12-26 03:00:00+00:00, run_after=2025-12-27 03:00:00+00:00
[2025-12-27T12:20:19.736+0000] {processor.py:208} INFO - Processing /opt/airflow/dags/fraud_detection_training_dag.py took 0.069 seconds
[2025-12-27T12:20:49.848+0000] {processor.py:186} INFO - Started process (PID=103) to work on /opt/airflow/dags/fraud_detection_training_dag.py
[2025-12-27T12:20:49.850+0000] {processor.py:914} INFO - Processing file /opt/airflow/dags/fraud_detection_training_dag.py for tasks to queue
[2025-12-27T12:20:49.853+0000] {logging_mixin.py:190} INFO - [2025-12-27T12:20:49.852+0000] {dagbag.py:588} INFO - Filling up the DagBag from /opt/airflow/dags/fraud_detection_training_dag.py
[2025-12-27T12:20:49.864+0000] {processor.py:925} INFO - DAG(s) 'fraud_detection_training' retrieved from /opt/airflow/dags/fraud_detection_training_dag.py
[2025-12-27T12:20:49.890+0000] {logging_mixin.py:190} INFO - [2025-12-27T12:20:49.890+0000] {dag.py:3239} INFO - Sync 1 DAGs
[2025-12-27T12:20:49.909+0000] {logging_mixin.py:190} INFO - [2025-12-27T12:20:49.909+0000] {dag.py:4180} INFO - Setting next_dagrun for fraud_detection_training to 2025-12-26 03:00:00+00:00, run_after=2025-12-27 03:00:00+00:00
[2025-12-27T12:20:49.920+0000] {processor.py:208} INFO - Processing /opt/airflow/dags/fraud_detection_training_dag.py took 0.080 seconds
[2025-12-27T12:21:19.967+0000] {processor.py:186} INFO - Started process (PID=104) to work on /opt/airflow/dags/fraud_detection_training_dag.py
[2025-12-27T12:21:19.968+0000] {processor.py:914} INFO - Processing file /opt/airflow/dags/fraud_detection_training_dag.py for tasks to queue
[2025-12-27T12:21:19.969+0000] {logging_mixin.py:190} INFO - [2025-12-27T12:21:19.969+0000] {dagbag.py:588} INFO - Filling up the DagBag from /opt/airflow/dags/fraud_detection_training_dag.py
[2025-12-27T12:21:19.977+0000] {processor.py:925} INFO - DAG(s) 'fraud_detection_training' retrieved from /opt/airflow/dags/fraud_detection_training_dag.py
[2025-12-27T12:21:20.001+0000] {logging_mixin.py:190} INFO - [2025-12-27T12:21:20.001+0000] {dag.py:3239} INFO - Sync 1 DAGs
[2025-12-27T12:21:20.019+0000] {logging_mixin.py:190} INFO - [2025-12-27T12:21:20.019+0000] {dag.py:4180} INFO - Setting next_dagrun for fraud_detection_training to 2025-12-26 03:00:00+00:00, run_after=2025-12-27 03:00:00+00:00
[2025-12-27T12:21:20.038+0000] {processor.py:208} INFO - Processing /opt/airflow/dags/fraud_detection_training_dag.py took 0.075 seconds
[2025-12-27T12:21:50.162+0000] {processor.py:186} INFO - Started process (PID=110) to work on /opt/airflow/dags/fraud_detection_training_dag.py
[2025-12-27T12:21:50.162+0000] {processor.py:914} INFO - Processing file /opt/airflow/dags/fraud_detection_training_dag.py for tasks to queue
[2025-12-27T12:21:50.164+0000] {logging_mixin.py:190} INFO - [2025-12-27T12:21:50.164+0000] {dagbag.py:588} INFO - Filling up the DagBag from /opt/airflow/dags/fraud_detection_training_dag.py
[2025-12-27T12:21:50.173+0000] {processor.py:925} INFO - DAG(s) 'fraud_detection_training' retrieved from /opt/airflow/dags/fraud_detection_training_dag.py
[2025-12-27T12:21:50.192+0000] {logging_mixin.py:190} INFO - [2025-12-27T12:21:50.192+0000] {dag.py:3239} INFO - Sync 1 DAGs
[2025-12-27T12:21:50.206+0000] {logging_mixin.py:190} INFO - [2025-12-27T12:21:50.206+0000] {dag.py:4180} INFO - Setting next_dagrun for fraud_detection_training to 2025-12-26 03:00:00+00:00, run_after=2025-12-27 03:00:00+00:00
[2025-12-27T12:21:50.220+0000] {processor.py:208} INFO - Processing /opt/airflow/dags/fraud_detection_training_dag.py took 0.061 seconds
[2025-12-27T12:22:20.305+0000] {processor.py:186} INFO - Started process (PID=111) to work on /opt/airflow/dags/fraud_detection_training_dag.py
[2025-12-27T12:22:20.306+0000] {processor.py:914} INFO - Processing file /opt/airflow/dags/fraud_detection_training_dag.py for tasks to queue
[2025-12-27T12:22:20.309+0000] {logging_mixin.py:190} INFO - [2025-12-27T12:22:20.308+0000] {dagbag.py:588} INFO - Filling up the DagBag from /opt/airflow/dags/fraud_detection_training_dag.py
[2025-12-27T12:22:20.324+0000] {processor.py:925} INFO - DAG(s) 'fraud_detection_training' retrieved from /opt/airflow/dags/fraud_detection_training_dag.py
[2025-12-27T12:22:20.349+0000] {logging_mixin.py:190} INFO - [2025-12-27T12:22:20.349+0000] {dag.py:3239} INFO - Sync 1 DAGs
[2025-12-27T12:22:20.365+0000] {logging_mixin.py:190} INFO - [2025-12-27T12:22:20.365+0000] {dag.py:4180} INFO - Setting next_dagrun for fraud_detection_training to 2025-12-26 03:00:00+00:00, run_after=2025-12-27 03:00:00+00:00
[2025-12-27T12:22:20.374+0000] {processor.py:208} INFO - Processing /opt/airflow/dags/fraud_detection_training_dag.py took 0.074 seconds
[2025-12-27T12:22:50.579+0000] {processor.py:186} INFO - Started process (PID=118) to work on /opt/airflow/dags/fraud_detection_training_dag.py
[2025-12-27T12:22:50.580+0000] {processor.py:914} INFO - Processing file /opt/airflow/dags/fraud_detection_training_dag.py for tasks to queue
[2025-12-27T12:22:50.583+0000] {logging_mixin.py:190} INFO - [2025-12-27T12:22:50.582+0000] {dagbag.py:588} INFO - Filling up the DagBag from /opt/airflow/dags/fraud_detection_training_dag.py
[2025-12-27T12:22:50.594+0000] {processor.py:925} INFO - DAG(s) 'fraud_detection_training' retrieved from /opt/airflow/dags/fraud_detection_training_dag.py
[2025-12-27T12:22:50.620+0000] {logging_mixin.py:190} INFO - [2025-12-27T12:22:50.620+0000] {dag.py:3239} INFO - Sync 1 DAGs
[2025-12-27T12:22:50.643+0000] {logging_mixin.py:190} INFO - [2025-12-27T12:22:50.643+0000] {dag.py:4180} INFO - Setting next_dagrun for fraud_detection_training to 2025-12-26 03:00:00+00:00, run_after=2025-12-27 03:00:00+00:00
[2025-12-27T12:22:50.668+0000] {processor.py:208} INFO - Processing /opt/airflow/dags/fraud_detection_training_dag.py took 0.094 seconds
[2025-12-27T12:25:13.131+0000] {processor.py:186} INFO - Started process (PID=126) to work on /opt/airflow/dags/fraud_detection_training_dag.py
[2025-12-27T12:25:13.132+0000] {processor.py:914} INFO - Processing file /opt/airflow/dags/fraud_detection_training_dag.py for tasks to queue
[2025-12-27T12:25:13.141+0000] {logging_mixin.py:190} INFO - [2025-12-27T12:25:13.140+0000] {dagbag.py:588} INFO - Filling up the DagBag from /opt/airflow/dags/fraud_detection_training_dag.py
[2025-12-27T12:25:13.194+0000] {processor.py:925} INFO - DAG(s) 'fraud_detection_training' retrieved from /opt/airflow/dags/fraud_detection_training_dag.py
[2025-12-27T12:25:13.360+0000] {logging_mixin.py:190} INFO - [2025-12-27T12:25:13.347+0000] {dag.py:3239} INFO - Sync 1 DAGs
[2025-12-27T12:25:13.493+0000] {logging_mixin.py:190} INFO - [2025-12-27T12:25:13.493+0000] {dag.py:4180} INFO - Setting next_dagrun for fraud_detection_training to 2025-12-26 03:00:00+00:00, run_after=2025-12-27 03:00:00+00:00
[2025-12-27T12:25:13.541+0000] {processor.py:208} INFO - Processing /opt/airflow/dags/fraud_detection_training_dag.py took 0.437 seconds
[2025-12-27T12:25:43.690+0000] {processor.py:186} INFO - Started process (PID=127) to work on /opt/airflow/dags/fraud_detection_training_dag.py
[2025-12-27T12:25:43.691+0000] {processor.py:914} INFO - Processing file /opt/airflow/dags/fraud_detection_training_dag.py for tasks to queue
[2025-12-27T12:25:43.694+0000] {logging_mixin.py:190} INFO - [2025-12-27T12:25:43.694+0000] {dagbag.py:588} INFO - Filling up the DagBag from /opt/airflow/dags/fraud_detection_training_dag.py
[2025-12-27T12:25:43.712+0000] {processor.py:925} INFO - DAG(s) 'fraud_detection_training' retrieved from /opt/airflow/dags/fraud_detection_training_dag.py
[2025-12-27T12:25:43.758+0000] {logging_mixin.py:190} INFO - [2025-12-27T12:25:43.758+0000] {dag.py:3239} INFO - Sync 1 DAGs
[2025-12-27T12:25:43.780+0000] {logging_mixin.py:190} INFO - [2025-12-27T12:25:43.780+0000] {dag.py:4180} INFO - Setting next_dagrun for fraud_detection_training to 2025-12-26 03:00:00+00:00, run_after=2025-12-27 03:00:00+00:00
[2025-12-27T12:25:43.789+0000] {processor.py:208} INFO - Processing /opt/airflow/dags/fraud_detection_training_dag.py took 0.107 seconds
[2025-12-27T12:26:13.814+0000] {processor.py:186} INFO - Started process (PID=134) to work on /opt/airflow/dags/fraud_detection_training_dag.py
[2025-12-27T12:26:13.815+0000] {processor.py:914} INFO - Processing file /opt/airflow/dags/fraud_detection_training_dag.py for tasks to queue
[2025-12-27T12:26:13.817+0000] {logging_mixin.py:190} INFO - [2025-12-27T12:26:13.817+0000] {dagbag.py:588} INFO - Filling up the DagBag from /opt/airflow/dags/fraud_detection_training_dag.py
[2025-12-27T12:26:13.826+0000] {processor.py:925} INFO - DAG(s) 'fraud_detection_training' retrieved from /opt/airflow/dags/fraud_detection_training_dag.py
[2025-12-27T12:26:13.849+0000] {logging_mixin.py:190} INFO - [2025-12-27T12:26:13.849+0000] {dag.py:3239} INFO - Sync 1 DAGs
[2025-12-27T12:26:13.863+0000] {logging_mixin.py:190} INFO - [2025-12-27T12:26:13.863+0000] {dag.py:4180} INFO - Setting next_dagrun for fraud_detection_training to 2025-12-26 03:00:00+00:00, run_after=2025-12-27 03:00:00+00:00
[2025-12-27T12:26:13.873+0000] {processor.py:208} INFO - Processing /opt/airflow/dags/fraud_detection_training_dag.py took 0.064 seconds
[2025-12-27T12:26:43.959+0000] {processor.py:186} INFO - Started process (PID=135) to work on /opt/airflow/dags/fraud_detection_training_dag.py
[2025-12-27T12:26:43.960+0000] {processor.py:914} INFO - Processing file /opt/airflow/dags/fraud_detection_training_dag.py for tasks to queue
[2025-12-27T12:26:43.962+0000] {logging_mixin.py:190} INFO - [2025-12-27T12:26:43.961+0000] {dagbag.py:588} INFO - Filling up the DagBag from /opt/airflow/dags/fraud_detection_training_dag.py
[2025-12-27T12:26:43.972+0000] {processor.py:925} INFO - DAG(s) 'fraud_detection_training' retrieved from /opt/airflow/dags/fraud_detection_training_dag.py
[2025-12-27T12:26:43.993+0000] {logging_mixin.py:190} INFO - [2025-12-27T12:26:43.992+0000] {dag.py:3239} INFO - Sync 1 DAGs
[2025-12-27T12:26:44.005+0000] {logging_mixin.py:190} INFO - [2025-12-27T12:26:44.005+0000] {dag.py:4180} INFO - Setting next_dagrun for fraud_detection_training to 2025-12-26 03:00:00+00:00, run_after=2025-12-27 03:00:00+00:00
[2025-12-27T12:26:44.013+0000] {processor.py:208} INFO - Processing /opt/airflow/dags/fraud_detection_training_dag.py took 0.058 seconds
[2025-12-27T12:27:14.120+0000] {processor.py:186} INFO - Started process (PID=142) to work on /opt/airflow/dags/fraud_detection_training_dag.py
[2025-12-27T12:27:14.121+0000] {processor.py:914} INFO - Processing file /opt/airflow/dags/fraud_detection_training_dag.py for tasks to queue
[2025-12-27T12:27:14.123+0000] {logging_mixin.py:190} INFO - [2025-12-27T12:27:14.123+0000] {dagbag.py:588} INFO - Filling up the DagBag from /opt/airflow/dags/fraud_detection_training_dag.py
[2025-12-27T12:27:14.133+0000] {processor.py:925} INFO - DAG(s) 'fraud_detection_training' retrieved from /opt/airflow/dags/fraud_detection_training_dag.py
[2025-12-27T12:27:14.152+0000] {logging_mixin.py:190} INFO - [2025-12-27T12:27:14.152+0000] {dag.py:3239} INFO - Sync 1 DAGs
[2025-12-27T12:27:14.166+0000] {logging_mixin.py:190} INFO - [2025-12-27T12:27:14.166+0000] {dag.py:4180} INFO - Setting next_dagrun for fraud_detection_training to 2025-12-26 03:00:00+00:00, run_after=2025-12-27 03:00:00+00:00
[2025-12-27T12:27:14.178+0000] {processor.py:208} INFO - Processing /opt/airflow/dags/fraud_detection_training_dag.py took 0.062 seconds
[2025-12-27T12:27:44.316+0000] {processor.py:186} INFO - Started process (PID=143) to work on /opt/airflow/dags/fraud_detection_training_dag.py
[2025-12-27T12:27:44.317+0000] {processor.py:914} INFO - Processing file /opt/airflow/dags/fraud_detection_training_dag.py for tasks to queue
[2025-12-27T12:27:44.321+0000] {logging_mixin.py:190} INFO - [2025-12-27T12:27:44.320+0000] {dagbag.py:588} INFO - Filling up the DagBag from /opt/airflow/dags/fraud_detection_training_dag.py
[2025-12-27T12:27:44.332+0000] {processor.py:925} INFO - DAG(s) 'fraud_detection_training' retrieved from /opt/airflow/dags/fraud_detection_training_dag.py
[2025-12-27T12:27:44.379+0000] {logging_mixin.py:190} INFO - [2025-12-27T12:27:44.379+0000] {dag.py:3239} INFO - Sync 1 DAGs
[2025-12-27T12:27:44.396+0000] {logging_mixin.py:190} INFO - [2025-12-27T12:27:44.396+0000] {dag.py:4180} INFO - Setting next_dagrun for fraud_detection_training to 2025-12-26 03:00:00+00:00, run_after=2025-12-27 03:00:00+00:00
[2025-12-27T12:27:44.406+0000] {processor.py:208} INFO - Processing /opt/airflow/dags/fraud_detection_training_dag.py took 0.095 seconds
[2025-12-27T12:28:14.568+0000] {processor.py:186} INFO - Started process (PID=150) to work on /opt/airflow/dags/fraud_detection_training_dag.py
[2025-12-27T12:28:14.568+0000] {processor.py:914} INFO - Processing file /opt/airflow/dags/fraud_detection_training_dag.py for tasks to queue
[2025-12-27T12:28:14.570+0000] {logging_mixin.py:190} INFO - [2025-12-27T12:28:14.569+0000] {dagbag.py:588} INFO - Filling up the DagBag from /opt/airflow/dags/fraud_detection_training_dag.py
[2025-12-27T12:28:14.576+0000] {processor.py:925} INFO - DAG(s) 'fraud_detection_training' retrieved from /opt/airflow/dags/fraud_detection_training_dag.py
[2025-12-27T12:28:14.595+0000] {logging_mixin.py:190} INFO - [2025-12-27T12:28:14.595+0000] {dag.py:3239} INFO - Sync 1 DAGs
[2025-12-27T12:28:14.612+0000] {logging_mixin.py:190} INFO - [2025-12-27T12:28:14.612+0000] {dag.py:4180} INFO - Setting next_dagrun for fraud_detection_training to 2025-12-26 03:00:00+00:00, run_after=2025-12-27 03:00:00+00:00
[2025-12-27T12:28:14.623+0000] {processor.py:208} INFO - Processing /opt/airflow/dags/fraud_detection_training_dag.py took 0.059 seconds
[2025-12-27T12:28:44.722+0000] {processor.py:186} INFO - Started process (PID=151) to work on /opt/airflow/dags/fraud_detection_training_dag.py
[2025-12-27T12:28:44.722+0000] {processor.py:914} INFO - Processing file /opt/airflow/dags/fraud_detection_training_dag.py for tasks to queue
[2025-12-27T12:28:44.725+0000] {logging_mixin.py:190} INFO - [2025-12-27T12:28:44.725+0000] {dagbag.py:588} INFO - Filling up the DagBag from /opt/airflow/dags/fraud_detection_training_dag.py
[2025-12-27T12:28:44.735+0000] {processor.py:925} INFO - DAG(s) 'fraud_detection_training' retrieved from /opt/airflow/dags/fraud_detection_training_dag.py
[2025-12-27T12:28:44.753+0000] {logging_mixin.py:190} INFO - [2025-12-27T12:28:44.753+0000] {dag.py:3239} INFO - Sync 1 DAGs
[2025-12-27T12:28:44.778+0000] {logging_mixin.py:190} INFO - [2025-12-27T12:28:44.778+0000] {dag.py:4180} INFO - Setting next_dagrun for fraud_detection_training to 2025-12-26 03:00:00+00:00, run_after=2025-12-27 03:00:00+00:00
[2025-12-27T12:28:44.790+0000] {processor.py:208} INFO - Processing /opt/airflow/dags/fraud_detection_training_dag.py took 0.072 seconds
[2025-12-27T12:29:14.855+0000] {processor.py:186} INFO - Started process (PID=158) to work on /opt/airflow/dags/fraud_detection_training_dag.py
[2025-12-27T12:29:14.855+0000] {processor.py:914} INFO - Processing file /opt/airflow/dags/fraud_detection_training_dag.py for tasks to queue
[2025-12-27T12:29:14.857+0000] {logging_mixin.py:190} INFO - [2025-12-27T12:29:14.857+0000] {dagbag.py:588} INFO - Filling up the DagBag from /opt/airflow/dags/fraud_detection_training_dag.py
[2025-12-27T12:29:14.863+0000] {processor.py:925} INFO - DAG(s) 'fraud_detection_training' retrieved from /opt/airflow/dags/fraud_detection_training_dag.py
[2025-12-27T12:29:14.883+0000] {logging_mixin.py:190} INFO - [2025-12-27T12:29:14.883+0000] {dag.py:3239} INFO - Sync 1 DAGs
[2025-12-27T12:29:14.894+0000] {logging_mixin.py:190} INFO - [2025-12-27T12:29:14.894+0000] {dag.py:4180} INFO - Setting next_dagrun for fraud_detection_training to 2025-12-26 03:00:00+00:00, run_after=2025-12-27 03:00:00+00:00
[2025-12-27T12:29:14.902+0000] {processor.py:208} INFO - Processing /opt/airflow/dags/fraud_detection_training_dag.py took 0.051 seconds
[2025-12-27T12:29:45.000+0000] {processor.py:186} INFO - Started process (PID=159) to work on /opt/airflow/dags/fraud_detection_training_dag.py
[2025-12-27T12:29:45.000+0000] {processor.py:914} INFO - Processing file /opt/airflow/dags/fraud_detection_training_dag.py for tasks to queue
[2025-12-27T12:29:45.002+0000] {logging_mixin.py:190} INFO - [2025-12-27T12:29:45.002+0000] {dagbag.py:588} INFO - Filling up the DagBag from /opt/airflow/dags/fraud_detection_training_dag.py
[2025-12-27T12:29:45.008+0000] {processor.py:925} INFO - DAG(s) 'fraud_detection_training' retrieved from /opt/airflow/dags/fraud_detection_training_dag.py
[2025-12-27T12:29:45.026+0000] {logging_mixin.py:190} INFO - [2025-12-27T12:29:45.026+0000] {dag.py:3239} INFO - Sync 1 DAGs
[2025-12-27T12:29:45.042+0000] {logging_mixin.py:190} INFO - [2025-12-27T12:29:45.042+0000] {dag.py:4180} INFO - Setting next_dagrun for fraud_detection_training to 2025-12-26 03:00:00+00:00, run_after=2025-12-27 03:00:00+00:00
[2025-12-27T12:29:45.050+0000] {processor.py:208} INFO - Processing /opt/airflow/dags/fraud_detection_training_dag.py took 0.053 seconds
[2025-12-27T12:30:15.123+0000] {processor.py:186} INFO - Started process (PID=166) to work on /opt/airflow/dags/fraud_detection_training_dag.py
[2025-12-27T12:30:15.124+0000] {processor.py:914} INFO - Processing file /opt/airflow/dags/fraud_detection_training_dag.py for tasks to queue
[2025-12-27T12:30:15.126+0000] {logging_mixin.py:190} INFO - [2025-12-27T12:30:15.125+0000] {dagbag.py:588} INFO - Filling up the DagBag from /opt/airflow/dags/fraud_detection_training_dag.py
[2025-12-27T12:30:15.136+0000] {processor.py:925} INFO - DAG(s) 'fraud_detection_training' retrieved from /opt/airflow/dags/fraud_detection_training_dag.py
[2025-12-27T12:30:15.157+0000] {logging_mixin.py:190} INFO - [2025-12-27T12:30:15.157+0000] {dag.py:3239} INFO - Sync 1 DAGs
[2025-12-27T12:30:15.171+0000] {logging_mixin.py:190} INFO - [2025-12-27T12:30:15.171+0000] {dag.py:4180} INFO - Setting next_dagrun for fraud_detection_training to 2025-12-26 03:00:00+00:00, run_after=2025-12-27 03:00:00+00:00
[2025-12-27T12:30:15.180+0000] {processor.py:208} INFO - Processing /opt/airflow/dags/fraud_detection_training_dag.py took 0.062 seconds
[2025-12-27T12:30:45.309+0000] {processor.py:186} INFO - Started process (PID=167) to work on /opt/airflow/dags/fraud_detection_training_dag.py
[2025-12-27T12:30:45.309+0000] {processor.py:914} INFO - Processing file /opt/airflow/dags/fraud_detection_training_dag.py for tasks to queue
[2025-12-27T12:30:45.310+0000] {logging_mixin.py:190} INFO - [2025-12-27T12:30:45.310+0000] {dagbag.py:588} INFO - Filling up the DagBag from /opt/airflow/dags/fraud_detection_training_dag.py
[2025-12-27T12:30:45.317+0000] {processor.py:925} INFO - DAG(s) 'fraud_detection_training' retrieved from /opt/airflow/dags/fraud_detection_training_dag.py
[2025-12-27T12:30:45.334+0000] {logging_mixin.py:190} INFO - [2025-12-27T12:30:45.334+0000] {dag.py:3239} INFO - Sync 1 DAGs
[2025-12-27T12:30:45.347+0000] {logging_mixin.py:190} INFO - [2025-12-27T12:30:45.346+0000] {dag.py:4180} INFO - Setting next_dagrun for fraud_detection_training to 2025-12-26 03:00:00+00:00, run_after=2025-12-27 03:00:00+00:00
[2025-12-27T12:30:45.355+0000] {processor.py:208} INFO - Processing /opt/airflow/dags/fraud_detection_training_dag.py took 0.049 seconds
[2025-12-27T12:31:15.432+0000] {processor.py:186} INFO - Started process (PID=174) to work on /opt/airflow/dags/fraud_detection_training_dag.py
[2025-12-27T12:31:15.432+0000] {processor.py:914} INFO - Processing file /opt/airflow/dags/fraud_detection_training_dag.py for tasks to queue
[2025-12-27T12:31:15.434+0000] {logging_mixin.py:190} INFO - [2025-12-27T12:31:15.433+0000] {dagbag.py:588} INFO - Filling up the DagBag from /opt/airflow/dags/fraud_detection_training_dag.py
[2025-12-27T12:31:15.443+0000] {processor.py:925} INFO - DAG(s) 'fraud_detection_training' retrieved from /opt/airflow/dags/fraud_detection_training_dag.py
[2025-12-27T12:31:15.460+0000] {logging_mixin.py:190} INFO - [2025-12-27T12:31:15.460+0000] {dag.py:3239} INFO - Sync 1 DAGs
[2025-12-27T12:31:15.472+0000] {logging_mixin.py:190} INFO - [2025-12-27T12:31:15.472+0000] {dag.py:4180} INFO - Setting next_dagrun for fraud_detection_training to 2025-12-26 03:00:00+00:00, run_after=2025-12-27 03:00:00+00:00
[2025-12-27T12:31:15.480+0000] {processor.py:208} INFO - Processing /opt/airflow/dags/fraud_detection_training_dag.py took 0.051 seconds
[2025-12-27T12:31:45.571+0000] {processor.py:186} INFO - Started process (PID=175) to work on /opt/airflow/dags/fraud_detection_training_dag.py
[2025-12-27T12:31:45.571+0000] {processor.py:914} INFO - Processing file /opt/airflow/dags/fraud_detection_training_dag.py for tasks to queue
[2025-12-27T12:31:45.573+0000] {logging_mixin.py:190} INFO - [2025-12-27T12:31:45.573+0000] {dagbag.py:588} INFO - Filling up the DagBag from /opt/airflow/dags/fraud_detection_training_dag.py
[2025-12-27T12:31:45.582+0000] {processor.py:925} INFO - DAG(s) 'fraud_detection_training' retrieved from /opt/airflow/dags/fraud_detection_training_dag.py
[2025-12-27T12:31:45.598+0000] {logging_mixin.py:190} INFO - [2025-12-27T12:31:45.598+0000] {dag.py:3239} INFO - Sync 1 DAGs
[2025-12-27T12:31:45.611+0000] {logging_mixin.py:190} INFO - [2025-12-27T12:31:45.611+0000] {dag.py:4180} INFO - Setting next_dagrun for fraud_detection_training to 2025-12-26 03:00:00+00:00, run_after=2025-12-27 03:00:00+00:00
[2025-12-27T12:31:45.619+0000] {processor.py:208} INFO - Processing /opt/airflow/dags/fraud_detection_training_dag.py took 0.053 seconds
[2025-12-27T12:32:15.700+0000] {processor.py:186} INFO - Started process (PID=182) to work on /opt/airflow/dags/fraud_detection_training_dag.py
[2025-12-27T12:32:15.701+0000] {processor.py:914} INFO - Processing file /opt/airflow/dags/fraud_detection_training_dag.py for tasks to queue
[2025-12-27T12:32:15.703+0000] {logging_mixin.py:190} INFO - [2025-12-27T12:32:15.703+0000] {dagbag.py:588} INFO - Filling up the DagBag from /opt/airflow/dags/fraud_detection_training_dag.py
[2025-12-27T12:32:15.714+0000] {processor.py:925} INFO - DAG(s) 'fraud_detection_training' retrieved from /opt/airflow/dags/fraud_detection_training_dag.py
[2025-12-27T12:32:15.733+0000] {logging_mixin.py:190} INFO - [2025-12-27T12:32:15.732+0000] {dag.py:3239} INFO - Sync 1 DAGs
[2025-12-27T12:32:15.747+0000] {logging_mixin.py:190} INFO - [2025-12-27T12:32:15.746+0000] {dag.py:4180} INFO - Setting next_dagrun for fraud_detection_training to 2025-12-26 03:00:00+00:00, run_after=2025-12-27 03:00:00+00:00
[2025-12-27T12:32:15.755+0000] {processor.py:208} INFO - Processing /opt/airflow/dags/fraud_detection_training_dag.py took 0.061 seconds
[2025-12-27T12:32:45.842+0000] {processor.py:186} INFO - Started process (PID=183) to work on /opt/airflow/dags/fraud_detection_training_dag.py
[2025-12-27T12:32:45.843+0000] {processor.py:914} INFO - Processing file /opt/airflow/dags/fraud_detection_training_dag.py for tasks to queue
[2025-12-27T12:32:45.847+0000] {logging_mixin.py:190} INFO - [2025-12-27T12:32:45.846+0000] {dagbag.py:588} INFO - Filling up the DagBag from /opt/airflow/dags/fraud_detection_training_dag.py
[2025-12-27T12:32:45.860+0000] {processor.py:925} INFO - DAG(s) 'fraud_detection_training' retrieved from /opt/airflow/dags/fraud_detection_training_dag.py
[2025-12-27T12:32:45.880+0000] {logging_mixin.py:190} INFO - [2025-12-27T12:32:45.880+0000] {dag.py:3239} INFO - Sync 1 DAGs
[2025-12-27T12:32:45.895+0000] {logging_mixin.py:190} INFO - [2025-12-27T12:32:45.895+0000] {dag.py:4180} INFO - Setting next_dagrun for fraud_detection_training to 2025-12-26 03:00:00+00:00, run_after=2025-12-27 03:00:00+00:00
[2025-12-27T12:32:45.908+0000] {processor.py:208} INFO - Processing /opt/airflow/dags/fraud_detection_training_dag.py took 0.071 seconds
[2025-12-27T12:33:15.993+0000] {processor.py:186} INFO - Started process (PID=190) to work on /opt/airflow/dags/fraud_detection_training_dag.py
[2025-12-27T12:33:15.994+0000] {processor.py:914} INFO - Processing file /opt/airflow/dags/fraud_detection_training_dag.py for tasks to queue
[2025-12-27T12:33:15.996+0000] {logging_mixin.py:190} INFO - [2025-12-27T12:33:15.996+0000] {dagbag.py:588} INFO - Filling up the DagBag from /opt/airflow/dags/fraud_detection_training_dag.py
[2025-12-27T12:33:16.013+0000] {processor.py:925} INFO - DAG(s) 'fraud_detection_training' retrieved from /opt/airflow/dags/fraud_detection_training_dag.py
[2025-12-27T12:33:16.041+0000] {logging_mixin.py:190} INFO - [2025-12-27T12:33:16.041+0000] {dag.py:3239} INFO - Sync 1 DAGs
[2025-12-27T12:33:16.060+0000] {logging_mixin.py:190} INFO - [2025-12-27T12:33:16.060+0000] {dag.py:4180} INFO - Setting next_dagrun for fraud_detection_training to 2025-12-26 03:00:00+00:00, run_after=2025-12-27 03:00:00+00:00
[2025-12-27T12:33:16.072+0000] {processor.py:208} INFO - Processing /opt/airflow/dags/fraud_detection_training_dag.py took 0.085 seconds
[2025-12-27T12:33:46.138+0000] {processor.py:186} INFO - Started process (PID=191) to work on /opt/airflow/dags/fraud_detection_training_dag.py
[2025-12-27T12:33:46.139+0000] {processor.py:914} INFO - Processing file /opt/airflow/dags/fraud_detection_training_dag.py for tasks to queue
[2025-12-27T12:33:46.142+0000] {logging_mixin.py:190} INFO - [2025-12-27T12:33:46.142+0000] {dagbag.py:588} INFO - Filling up the DagBag from /opt/airflow/dags/fraud_detection_training_dag.py
[2025-12-27T12:33:46.151+0000] {processor.py:925} INFO - DAG(s) 'fraud_detection_training' retrieved from /opt/airflow/dags/fraud_detection_training_dag.py
[2025-12-27T12:33:46.180+0000] {logging_mixin.py:190} INFO - [2025-12-27T12:33:46.179+0000] {dag.py:3239} INFO - Sync 1 DAGs
[2025-12-27T12:33:46.195+0000] {logging_mixin.py:190} INFO - [2025-12-27T12:33:46.195+0000] {dag.py:4180} INFO - Setting next_dagrun for fraud_detection_training to 2025-12-26 03:00:00+00:00, run_after=2025-12-27 03:00:00+00:00
[2025-12-27T12:33:46.205+0000] {processor.py:208} INFO - Processing /opt/airflow/dags/fraud_detection_training_dag.py took 0.070 seconds
[2025-12-27T12:34:16.361+0000] {processor.py:186} INFO - Started process (PID=197) to work on /opt/airflow/dags/fraud_detection_training_dag.py
[2025-12-27T12:34:16.362+0000] {processor.py:914} INFO - Processing file /opt/airflow/dags/fraud_detection_training_dag.py for tasks to queue
[2025-12-27T12:34:16.364+0000] {logging_mixin.py:190} INFO - [2025-12-27T12:34:16.364+0000] {dagbag.py:588} INFO - Filling up the DagBag from /opt/airflow/dags/fraud_detection_training_dag.py
[2025-12-27T12:34:16.375+0000] {processor.py:925} INFO - DAG(s) 'fraud_detection_training' retrieved from /opt/airflow/dags/fraud_detection_training_dag.py
[2025-12-27T12:34:16.400+0000] {logging_mixin.py:190} INFO - [2025-12-27T12:34:16.400+0000] {dag.py:3239} INFO - Sync 1 DAGs
[2025-12-27T12:34:16.428+0000] {logging_mixin.py:190} INFO - [2025-12-27T12:34:16.428+0000] {dag.py:4180} INFO - Setting next_dagrun for fraud_detection_training to 2025-12-26 03:00:00+00:00, run_after=2025-12-27 03:00:00+00:00
[2025-12-27T12:34:16.438+0000] {processor.py:208} INFO - Processing /opt/airflow/dags/fraud_detection_training_dag.py took 0.081 seconds
[2025-12-27T12:34:46.509+0000] {processor.py:186} INFO - Started process (PID=198) to work on /opt/airflow/dags/fraud_detection_training_dag.py
[2025-12-27T12:34:46.510+0000] {processor.py:914} INFO - Processing file /opt/airflow/dags/fraud_detection_training_dag.py for tasks to queue
[2025-12-27T12:34:46.513+0000] {logging_mixin.py:190} INFO - [2025-12-27T12:34:46.512+0000] {dagbag.py:588} INFO - Filling up the DagBag from /opt/airflow/dags/fraud_detection_training_dag.py
[2025-12-27T12:34:46.532+0000] {processor.py:925} INFO - DAG(s) 'fraud_detection_training' retrieved from /opt/airflow/dags/fraud_detection_training_dag.py
[2025-12-27T12:34:46.561+0000] {logging_mixin.py:190} INFO - [2025-12-27T12:34:46.561+0000] {dag.py:3239} INFO - Sync 1 DAGs
[2025-12-27T12:34:46.584+0000] {logging_mixin.py:190} INFO - [2025-12-27T12:34:46.584+0000] {dag.py:4180} INFO - Setting next_dagrun for fraud_detection_training to 2025-12-26 03:00:00+00:00, run_after=2025-12-27 03:00:00+00:00
[2025-12-27T12:34:46.598+0000] {processor.py:208} INFO - Processing /opt/airflow/dags/fraud_detection_training_dag.py took 0.097 seconds
[2025-12-27T12:35:16.695+0000] {processor.py:186} INFO - Started process (PID=205) to work on /opt/airflow/dags/fraud_detection_training_dag.py
[2025-12-27T12:35:16.695+0000] {processor.py:914} INFO - Processing file /opt/airflow/dags/fraud_detection_training_dag.py for tasks to queue
[2025-12-27T12:35:16.697+0000] {logging_mixin.py:190} INFO - [2025-12-27T12:35:16.697+0000] {dagbag.py:588} INFO - Filling up the DagBag from /opt/airflow/dags/fraud_detection_training_dag.py
[2025-12-27T12:35:16.705+0000] {processor.py:925} INFO - DAG(s) 'fraud_detection_training' retrieved from /opt/airflow/dags/fraud_detection_training_dag.py
[2025-12-27T12:35:16.721+0000] {logging_mixin.py:190} INFO - [2025-12-27T12:35:16.721+0000] {dag.py:3239} INFO - Sync 1 DAGs
[2025-12-27T12:35:16.733+0000] {logging_mixin.py:190} INFO - [2025-12-27T12:35:16.733+0000] {dag.py:4180} INFO - Setting next_dagrun for fraud_detection_training to 2025-12-26 03:00:00+00:00, run_after=2025-12-27 03:00:00+00:00
[2025-12-27T12:35:16.742+0000] {processor.py:208} INFO - Processing /opt/airflow/dags/fraud_detection_training_dag.py took 0.050 seconds
[2025-12-27T12:35:46.818+0000] {processor.py:186} INFO - Started process (PID=206) to work on /opt/airflow/dags/fraud_detection_training_dag.py
[2025-12-27T12:35:46.818+0000] {processor.py:914} INFO - Processing file /opt/airflow/dags/fraud_detection_training_dag.py for tasks to queue
[2025-12-27T12:35:46.820+0000] {logging_mixin.py:190} INFO - [2025-12-27T12:35:46.820+0000] {dagbag.py:588} INFO - Filling up the DagBag from /opt/airflow/dags/fraud_detection_training_dag.py
[2025-12-27T12:35:46.834+0000] {processor.py:925} INFO - DAG(s) 'fraud_detection_training' retrieved from /opt/airflow/dags/fraud_detection_training_dag.py
[2025-12-27T12:35:46.853+0000] {logging_mixin.py:190} INFO - [2025-12-27T12:35:46.853+0000] {dag.py:3239} INFO - Sync 1 DAGs
[2025-12-27T12:35:46.867+0000] {logging_mixin.py:190} INFO - [2025-12-27T12:35:46.867+0000] {dag.py:4180} INFO - Setting next_dagrun for fraud_detection_training to 2025-12-26 03:00:00+00:00, run_after=2025-12-27 03:00:00+00:00
[2025-12-27T12:35:46.878+0000] {processor.py:208} INFO - Processing /opt/airflow/dags/fraud_detection_training_dag.py took 0.064 seconds
[2025-12-27T12:36:16.942+0000] {processor.py:186} INFO - Started process (PID=212) to work on /opt/airflow/dags/fraud_detection_training_dag.py
[2025-12-27T12:36:16.942+0000] {processor.py:914} INFO - Processing file /opt/airflow/dags/fraud_detection_training_dag.py for tasks to queue
[2025-12-27T12:36:16.943+0000] {logging_mixin.py:190} INFO - [2025-12-27T12:36:16.943+0000] {dagbag.py:588} INFO - Filling up the DagBag from /opt/airflow/dags/fraud_detection_training_dag.py
[2025-12-27T12:36:16.949+0000] {processor.py:925} INFO - DAG(s) 'fraud_detection_training' retrieved from /opt/airflow/dags/fraud_detection_training_dag.py
[2025-12-27T12:36:16.964+0000] {logging_mixin.py:190} INFO - [2025-12-27T12:36:16.964+0000] {dag.py:3239} INFO - Sync 1 DAGs
[2025-12-27T12:36:16.976+0000] {logging_mixin.py:190} INFO - [2025-12-27T12:36:16.976+0000] {dag.py:4180} INFO - Setting next_dagrun for fraud_detection_training to 2025-12-26 03:00:00+00:00, run_after=2025-12-27 03:00:00+00:00
[2025-12-27T12:36:16.983+0000] {processor.py:208} INFO - Processing /opt/airflow/dags/fraud_detection_training_dag.py took 0.044 seconds
[2025-12-27T12:36:47.079+0000] {processor.py:186} INFO - Started process (PID=213) to work on /opt/airflow/dags/fraud_detection_training_dag.py
[2025-12-27T12:36:47.080+0000] {processor.py:914} INFO - Processing file /opt/airflow/dags/fraud_detection_training_dag.py for tasks to queue
[2025-12-27T12:36:47.081+0000] {logging_mixin.py:190} INFO - [2025-12-27T12:36:47.081+0000] {dagbag.py:588} INFO - Filling up the DagBag from /opt/airflow/dags/fraud_detection_training_dag.py
[2025-12-27T12:36:47.086+0000] {processor.py:925} INFO - DAG(s) 'fraud_detection_training' retrieved from /opt/airflow/dags/fraud_detection_training_dag.py
[2025-12-27T12:36:47.101+0000] {logging_mixin.py:190} INFO - [2025-12-27T12:36:47.101+0000] {dag.py:3239} INFO - Sync 1 DAGs
[2025-12-27T12:36:47.111+0000] {logging_mixin.py:190} INFO - [2025-12-27T12:36:47.111+0000] {dag.py:4180} INFO - Setting next_dagrun for fraud_detection_training to 2025-12-26 03:00:00+00:00, run_after=2025-12-27 03:00:00+00:00
[2025-12-27T12:36:47.119+0000] {processor.py:208} INFO - Processing /opt/airflow/dags/fraud_detection_training_dag.py took 0.043 seconds
[2025-12-27T12:37:17.224+0000] {processor.py:186} INFO - Started process (PID=220) to work on /opt/airflow/dags/fraud_detection_training_dag.py
[2025-12-27T12:37:17.224+0000] {processor.py:914} INFO - Processing file /opt/airflow/dags/fraud_detection_training_dag.py for tasks to queue
[2025-12-27T12:37:17.226+0000] {logging_mixin.py:190} INFO - [2025-12-27T12:37:17.226+0000] {dagbag.py:588} INFO - Filling up the DagBag from /opt/airflow/dags/fraud_detection_training_dag.py
[2025-12-27T12:37:17.245+0000] {processor.py:925} INFO - DAG(s) 'fraud_detection_training' retrieved from /opt/airflow/dags/fraud_detection_training_dag.py
[2025-12-27T12:37:17.271+0000] {logging_mixin.py:190} INFO - [2025-12-27T12:37:17.271+0000] {dag.py:3239} INFO - Sync 1 DAGs
[2025-12-27T12:37:17.296+0000] {logging_mixin.py:190} INFO - [2025-12-27T12:37:17.295+0000] {dag.py:4180} INFO - Setting next_dagrun for fraud_detection_training to 2025-12-26 03:00:00+00:00, run_after=2025-12-27 03:00:00+00:00
[2025-12-27T12:37:17.322+0000] {processor.py:208} INFO - Processing /opt/airflow/dags/fraud_detection_training_dag.py took 0.104 seconds
[2025-12-27T12:39:17.855+0000] {processor.py:186} INFO - Started process (PID=49) to work on /opt/airflow/dags/fraud_detection_training_dag.py
[2025-12-27T12:39:17.855+0000] {processor.py:914} INFO - Processing file /opt/airflow/dags/fraud_detection_training_dag.py for tasks to queue
[2025-12-27T12:39:17.856+0000] {logging_mixin.py:190} INFO - [2025-12-27T12:39:17.856+0000] {dagbag.py:588} INFO - Filling up the DagBag from /opt/airflow/dags/fraud_detection_training_dag.py
[2025-12-27T12:39:17.869+0000] {processor.py:925} INFO - DAG(s) 'fraud_detection_training' retrieved from /opt/airflow/dags/fraud_detection_training_dag.py
[2025-12-27T12:39:17.894+0000] {logging_mixin.py:190} INFO - [2025-12-27T12:39:17.893+0000] {dag.py:3239} INFO - Sync 1 DAGs
[2025-12-27T12:39:17.910+0000] {logging_mixin.py:190} INFO - [2025-12-27T12:39:17.909+0000] {dag.py:4180} INFO - Setting next_dagrun for fraud_detection_training to 2025-12-26 03:00:00+00:00, run_after=2025-12-27 03:00:00+00:00
[2025-12-27T12:39:17.918+0000] {processor.py:208} INFO - Processing /opt/airflow/dags/fraud_detection_training_dag.py took 0.066 seconds
[2025-12-27T12:39:48.098+0000] {processor.py:186} INFO - Started process (PID=56) to work on /opt/airflow/dags/fraud_detection_training_dag.py
[2025-12-27T12:39:48.099+0000] {processor.py:914} INFO - Processing file /opt/airflow/dags/fraud_detection_training_dag.py for tasks to queue
[2025-12-27T12:39:48.108+0000] {logging_mixin.py:190} INFO - [2025-12-27T12:39:48.105+0000] {dagbag.py:588} INFO - Filling up the DagBag from /opt/airflow/dags/fraud_detection_training_dag.py
[2025-12-27T12:39:48.122+0000] {processor.py:925} INFO - DAG(s) 'fraud_detection_training' retrieved from /opt/airflow/dags/fraud_detection_training_dag.py
[2025-12-27T12:39:48.149+0000] {logging_mixin.py:190} INFO - [2025-12-27T12:39:48.149+0000] {dag.py:3239} INFO - Sync 1 DAGs
[2025-12-27T12:39:48.164+0000] {logging_mixin.py:190} INFO - [2025-12-27T12:39:48.164+0000] {dag.py:4180} INFO - Setting next_dagrun for fraud_detection_training to 2025-12-26 03:00:00+00:00, run_after=2025-12-27 03:00:00+00:00
[2025-12-27T12:39:48.175+0000] {processor.py:208} INFO - Processing /opt/airflow/dags/fraud_detection_training_dag.py took 0.086 seconds
[2025-12-27T12:40:18.211+0000] {processor.py:186} INFO - Started process (PID=57) to work on /opt/airflow/dags/fraud_detection_training_dag.py
[2025-12-27T12:40:18.212+0000] {processor.py:914} INFO - Processing file /opt/airflow/dags/fraud_detection_training_dag.py for tasks to queue
[2025-12-27T12:40:18.213+0000] {logging_mixin.py:190} INFO - [2025-12-27T12:40:18.213+0000] {dagbag.py:588} INFO - Filling up the DagBag from /opt/airflow/dags/fraud_detection_training_dag.py
[2025-12-27T12:40:18.222+0000] {processor.py:925} INFO - DAG(s) 'fraud_detection_training' retrieved from /opt/airflow/dags/fraud_detection_training_dag.py
[2025-12-27T12:40:18.239+0000] {logging_mixin.py:190} INFO - [2025-12-27T12:40:18.238+0000] {dag.py:3239} INFO - Sync 1 DAGs
[2025-12-27T12:40:18.251+0000] {logging_mixin.py:190} INFO - [2025-12-27T12:40:18.251+0000] {dag.py:4180} INFO - Setting next_dagrun for fraud_detection_training to 2025-12-26 03:00:00+00:00, run_after=2025-12-27 03:00:00+00:00
[2025-12-27T12:40:18.259+0000] {processor.py:208} INFO - Processing /opt/airflow/dags/fraud_detection_training_dag.py took 0.051 seconds
[2025-12-27T12:40:48.358+0000] {processor.py:186} INFO - Started process (PID=64) to work on /opt/airflow/dags/fraud_detection_training_dag.py
[2025-12-27T12:40:48.358+0000] {processor.py:914} INFO - Processing file /opt/airflow/dags/fraud_detection_training_dag.py for tasks to queue
[2025-12-27T12:40:48.359+0000] {logging_mixin.py:190} INFO - [2025-12-27T12:40:48.359+0000] {dagbag.py:588} INFO - Filling up the DagBag from /opt/airflow/dags/fraud_detection_training_dag.py
[2025-12-27T12:40:48.365+0000] {processor.py:925} INFO - DAG(s) 'fraud_detection_training' retrieved from /opt/airflow/dags/fraud_detection_training_dag.py
[2025-12-27T12:40:48.380+0000] {logging_mixin.py:190} INFO - [2025-12-27T12:40:48.380+0000] {dag.py:3239} INFO - Sync 1 DAGs
[2025-12-27T12:40:48.390+0000] {logging_mixin.py:190} INFO - [2025-12-27T12:40:48.390+0000] {dag.py:4180} INFO - Setting next_dagrun for fraud_detection_training to 2025-12-26 03:00:00+00:00, run_after=2025-12-27 03:00:00+00:00
[2025-12-27T12:40:48.398+0000] {processor.py:208} INFO - Processing /opt/airflow/dags/fraud_detection_training_dag.py took 0.042 seconds
[2025-12-27T12:41:18.498+0000] {processor.py:186} INFO - Started process (PID=65) to work on /opt/airflow/dags/fraud_detection_training_dag.py
[2025-12-27T12:41:18.499+0000] {processor.py:914} INFO - Processing file /opt/airflow/dags/fraud_detection_training_dag.py for tasks to queue
[2025-12-27T12:41:18.501+0000] {logging_mixin.py:190} INFO - [2025-12-27T12:41:18.501+0000] {dagbag.py:588} INFO - Filling up the DagBag from /opt/airflow/dags/fraud_detection_training_dag.py
[2025-12-27T12:41:18.513+0000] {processor.py:925} INFO - DAG(s) 'fraud_detection_training' retrieved from /opt/airflow/dags/fraud_detection_training_dag.py
[2025-12-27T12:41:18.535+0000] {logging_mixin.py:190} INFO - [2025-12-27T12:41:18.535+0000] {dag.py:3239} INFO - Sync 1 DAGs
[2025-12-27T12:41:18.556+0000] {logging_mixin.py:190} INFO - [2025-12-27T12:41:18.556+0000] {dag.py:4180} INFO - Setting next_dagrun for fraud_detection_training to 2025-12-26 03:00:00+00:00, run_after=2025-12-27 03:00:00+00:00
[2025-12-27T12:41:18.568+0000] {processor.py:208} INFO - Processing /opt/airflow/dags/fraud_detection_training_dag.py took 0.075 seconds
[2025-12-27T12:41:48.621+0000] {processor.py:186} INFO - Started process (PID=72) to work on /opt/airflow/dags/fraud_detection_training_dag.py
[2025-12-27T12:41:48.622+0000] {processor.py:914} INFO - Processing file /opt/airflow/dags/fraud_detection_training_dag.py for tasks to queue
[2025-12-27T12:41:48.623+0000] {logging_mixin.py:190} INFO - [2025-12-27T12:41:48.623+0000] {dagbag.py:588} INFO - Filling up the DagBag from /opt/airflow/dags/fraud_detection_training_dag.py
[2025-12-27T12:41:48.630+0000] {processor.py:925} INFO - DAG(s) 'fraud_detection_training' retrieved from /opt/airflow/dags/fraud_detection_training_dag.py
[2025-12-27T12:41:48.650+0000] {logging_mixin.py:190} INFO - [2025-12-27T12:41:48.649+0000] {dag.py:3239} INFO - Sync 1 DAGs
[2025-12-27T12:41:48.666+0000] {logging_mixin.py:190} INFO - [2025-12-27T12:41:48.666+0000] {dag.py:4180} INFO - Setting next_dagrun for fraud_detection_training to 2025-12-26 03:00:00+00:00, run_after=2025-12-27 03:00:00+00:00
[2025-12-27T12:41:48.675+0000] {processor.py:208} INFO - Processing /opt/airflow/dags/fraud_detection_training_dag.py took 0.057 seconds
[2025-12-27T12:42:18.768+0000] {processor.py:186} INFO - Started process (PID=73) to work on /opt/airflow/dags/fraud_detection_training_dag.py
[2025-12-27T12:42:18.769+0000] {processor.py:914} INFO - Processing file /opt/airflow/dags/fraud_detection_training_dag.py for tasks to queue
[2025-12-27T12:42:18.770+0000] {logging_mixin.py:190} INFO - [2025-12-27T12:42:18.770+0000] {dagbag.py:588} INFO - Filling up the DagBag from /opt/airflow/dags/fraud_detection_training_dag.py
[2025-12-27T12:42:18.777+0000] {processor.py:925} INFO - DAG(s) 'fraud_detection_training' retrieved from /opt/airflow/dags/fraud_detection_training_dag.py
[2025-12-27T12:42:18.793+0000] {logging_mixin.py:190} INFO - [2025-12-27T12:42:18.792+0000] {dag.py:3239} INFO - Sync 1 DAGs
[2025-12-27T12:42:18.804+0000] {logging_mixin.py:190} INFO - [2025-12-27T12:42:18.804+0000] {dag.py:4180} INFO - Setting next_dagrun for fraud_detection_training to 2025-12-26 03:00:00+00:00, run_after=2025-12-27 03:00:00+00:00
[2025-12-27T12:42:18.812+0000] {processor.py:208} INFO - Processing /opt/airflow/dags/fraud_detection_training_dag.py took 0.047 seconds
[2025-12-27T12:42:48.895+0000] {processor.py:186} INFO - Started process (PID=79) to work on /opt/airflow/dags/fraud_detection_training_dag.py
[2025-12-27T12:42:48.895+0000] {processor.py:914} INFO - Processing file /opt/airflow/dags/fraud_detection_training_dag.py for tasks to queue
[2025-12-27T12:42:48.897+0000] {logging_mixin.py:190} INFO - [2025-12-27T12:42:48.897+0000] {dagbag.py:588} INFO - Filling up the DagBag from /opt/airflow/dags/fraud_detection_training_dag.py
[2025-12-27T12:42:48.904+0000] {processor.py:925} INFO - DAG(s) 'fraud_detection_training' retrieved from /opt/airflow/dags/fraud_detection_training_dag.py
[2025-12-27T12:42:48.918+0000] {logging_mixin.py:190} INFO - [2025-12-27T12:42:48.918+0000] {dag.py:3239} INFO - Sync 1 DAGs
[2025-12-27T12:42:48.929+0000] {logging_mixin.py:190} INFO - [2025-12-27T12:42:48.928+0000] {dag.py:4180} INFO - Setting next_dagrun for fraud_detection_training to 2025-12-26 03:00:00+00:00, run_after=2025-12-27 03:00:00+00:00
[2025-12-27T12:42:48.936+0000] {processor.py:208} INFO - Processing /opt/airflow/dags/fraud_detection_training_dag.py took 0.044 seconds
[2025-12-27T12:43:19.067+0000] {processor.py:186} INFO - Started process (PID=80) to work on /opt/airflow/dags/fraud_detection_training_dag.py
[2025-12-27T12:43:19.068+0000] {processor.py:914} INFO - Processing file /opt/airflow/dags/fraud_detection_training_dag.py for tasks to queue
[2025-12-27T12:43:19.071+0000] {logging_mixin.py:190} INFO - [2025-12-27T12:43:19.071+0000] {dagbag.py:588} INFO - Filling up the DagBag from /opt/airflow/dags/fraud_detection_training_dag.py
[2025-12-27T12:43:19.087+0000] {processor.py:925} INFO - DAG(s) 'fraud_detection_training' retrieved from /opt/airflow/dags/fraud_detection_training_dag.py
[2025-12-27T12:43:19.109+0000] {logging_mixin.py:190} INFO - [2025-12-27T12:43:19.109+0000] {dag.py:3239} INFO - Sync 1 DAGs
[2025-12-27T12:43:19.124+0000] {logging_mixin.py:190} INFO - [2025-12-27T12:43:19.124+0000] {dag.py:4180} INFO - Setting next_dagrun for fraud_detection_training to 2025-12-26 03:00:00+00:00, run_after=2025-12-27 03:00:00+00:00
[2025-12-27T12:43:19.133+0000] {processor.py:208} INFO - Processing /opt/airflow/dags/fraud_detection_training_dag.py took 0.074 seconds
[2025-12-27T12:43:49.223+0000] {processor.py:186} INFO - Started process (PID=87) to work on /opt/airflow/dags/fraud_detection_training_dag.py
[2025-12-27T12:43:49.223+0000] {processor.py:914} INFO - Processing file /opt/airflow/dags/fraud_detection_training_dag.py for tasks to queue
[2025-12-27T12:43:49.224+0000] {logging_mixin.py:190} INFO - [2025-12-27T12:43:49.224+0000] {dagbag.py:588} INFO - Filling up the DagBag from /opt/airflow/dags/fraud_detection_training_dag.py
[2025-12-27T12:43:49.237+0000] {processor.py:925} INFO - DAG(s) 'fraud_detection_training' retrieved from /opt/airflow/dags/fraud_detection_training_dag.py
[2025-12-27T12:43:49.255+0000] {logging_mixin.py:190} INFO - [2025-12-27T12:43:49.255+0000] {dag.py:3239} INFO - Sync 1 DAGs
[2025-12-27T12:43:49.270+0000] {logging_mixin.py:190} INFO - [2025-12-27T12:43:49.270+0000] {dag.py:4180} INFO - Setting next_dagrun for fraud_detection_training to 2025-12-26 03:00:00+00:00, run_after=2025-12-27 03:00:00+00:00
[2025-12-27T12:43:49.282+0000] {processor.py:208} INFO - Processing /opt/airflow/dags/fraud_detection_training_dag.py took 0.063 seconds
[2025-12-27T12:44:19.386+0000] {processor.py:186} INFO - Started process (PID=88) to work on /opt/airflow/dags/fraud_detection_training_dag.py
[2025-12-27T12:44:19.387+0000] {processor.py:914} INFO - Processing file /opt/airflow/dags/fraud_detection_training_dag.py for tasks to queue
[2025-12-27T12:44:19.391+0000] {logging_mixin.py:190} INFO - [2025-12-27T12:44:19.389+0000] {dagbag.py:588} INFO - Filling up the DagBag from /opt/airflow/dags/fraud_detection_training_dag.py
[2025-12-27T12:44:19.412+0000] {processor.py:925} INFO - DAG(s) 'fraud_detection_training' retrieved from /opt/airflow/dags/fraud_detection_training_dag.py
[2025-12-27T12:44:19.437+0000] {logging_mixin.py:190} INFO - [2025-12-27T12:44:19.437+0000] {dag.py:3239} INFO - Sync 1 DAGs
[2025-12-27T12:44:19.456+0000] {logging_mixin.py:190} INFO - [2025-12-27T12:44:19.456+0000] {dag.py:4180} INFO - Setting next_dagrun for fraud_detection_training to 2025-12-26 03:00:00+00:00, run_after=2025-12-27 03:00:00+00:00
[2025-12-27T12:44:19.465+0000] {processor.py:208} INFO - Processing /opt/airflow/dags/fraud_detection_training_dag.py took 0.084 seconds
[2025-12-27T12:44:49.508+0000] {processor.py:186} INFO - Started process (PID=95) to work on /opt/airflow/dags/fraud_detection_training_dag.py
[2025-12-27T12:44:49.509+0000] {processor.py:914} INFO - Processing file /opt/airflow/dags/fraud_detection_training_dag.py for tasks to queue
[2025-12-27T12:44:49.511+0000] {logging_mixin.py:190} INFO - [2025-12-27T12:44:49.511+0000] {dagbag.py:588} INFO - Filling up the DagBag from /opt/airflow/dags/fraud_detection_training_dag.py
[2025-12-27T12:44:49.523+0000] {processor.py:925} INFO - DAG(s) 'fraud_detection_training' retrieved from /opt/airflow/dags/fraud_detection_training_dag.py
[2025-12-27T12:44:49.551+0000] {logging_mixin.py:190} INFO - [2025-12-27T12:44:49.551+0000] {dag.py:3239} INFO - Sync 1 DAGs
[2025-12-27T12:44:49.569+0000] {logging_mixin.py:190} INFO - [2025-12-27T12:44:49.569+0000] {dag.py:4180} INFO - Setting next_dagrun for fraud_detection_training to 2025-12-26 03:00:00+00:00, run_after=2025-12-27 03:00:00+00:00
[2025-12-27T12:44:49.580+0000] {processor.py:208} INFO - Processing /opt/airflow/dags/fraud_detection_training_dag.py took 0.078 seconds
[2025-12-27T12:45:19.696+0000] {processor.py:186} INFO - Started process (PID=96) to work on /opt/airflow/dags/fraud_detection_training_dag.py
[2025-12-27T12:45:19.696+0000] {processor.py:914} INFO - Processing file /opt/airflow/dags/fraud_detection_training_dag.py for tasks to queue
[2025-12-27T12:45:19.699+0000] {logging_mixin.py:190} INFO - [2025-12-27T12:45:19.699+0000] {dagbag.py:588} INFO - Filling up the DagBag from /opt/airflow/dags/fraud_detection_training_dag.py
[2025-12-27T12:45:19.711+0000] {processor.py:925} INFO - DAG(s) 'fraud_detection_training' retrieved from /opt/airflow/dags/fraud_detection_training_dag.py
[2025-12-27T12:45:19.735+0000] {logging_mixin.py:190} INFO - [2025-12-27T12:45:19.735+0000] {dag.py:3239} INFO - Sync 1 DAGs
[2025-12-27T12:45:19.747+0000] {logging_mixin.py:190} INFO - [2025-12-27T12:45:19.747+0000] {dag.py:4180} INFO - Setting next_dagrun for fraud_detection_training to 2025-12-26 03:00:00+00:00, run_after=2025-12-27 03:00:00+00:00
[2025-12-27T12:45:19.755+0000] {processor.py:208} INFO - Processing /opt/airflow/dags/fraud_detection_training_dag.py took 0.064 seconds
[2025-12-27T12:45:49.852+0000] {processor.py:186} INFO - Started process (PID=103) to work on /opt/airflow/dags/fraud_detection_training_dag.py
[2025-12-27T12:45:49.853+0000] {processor.py:914} INFO - Processing file /opt/airflow/dags/fraud_detection_training_dag.py for tasks to queue
[2025-12-27T12:45:49.858+0000] {logging_mixin.py:190} INFO - [2025-12-27T12:45:49.857+0000] {dagbag.py:588} INFO - Filling up the DagBag from /opt/airflow/dags/fraud_detection_training_dag.py
[2025-12-27T12:45:49.876+0000] {processor.py:925} INFO - DAG(s) 'fraud_detection_training' retrieved from /opt/airflow/dags/fraud_detection_training_dag.py
[2025-12-27T12:45:49.908+0000] {logging_mixin.py:190} INFO - [2025-12-27T12:45:49.908+0000] {dag.py:3239} INFO - Sync 1 DAGs
[2025-12-27T12:45:49.949+0000] {logging_mixin.py:190} INFO - [2025-12-27T12:45:49.949+0000] {dag.py:4180} INFO - Setting next_dagrun for fraud_detection_training to 2025-12-26 03:00:00+00:00, run_after=2025-12-27 03:00:00+00:00
[2025-12-27T12:45:49.961+0000] {processor.py:208} INFO - Processing /opt/airflow/dags/fraud_detection_training_dag.py took 0.115 seconds
[2025-12-27T12:46:20.081+0000] {processor.py:186} INFO - Started process (PID=104) to work on /opt/airflow/dags/fraud_detection_training_dag.py
[2025-12-27T12:46:20.081+0000] {processor.py:914} INFO - Processing file /opt/airflow/dags/fraud_detection_training_dag.py for tasks to queue
[2025-12-27T12:46:20.084+0000] {logging_mixin.py:190} INFO - [2025-12-27T12:46:20.084+0000] {dagbag.py:588} INFO - Filling up the DagBag from /opt/airflow/dags/fraud_detection_training_dag.py
[2025-12-27T12:46:20.096+0000] {processor.py:925} INFO - DAG(s) 'fraud_detection_training' retrieved from /opt/airflow/dags/fraud_detection_training_dag.py
[2025-12-27T12:46:20.118+0000] {logging_mixin.py:190} INFO - [2025-12-27T12:46:20.118+0000] {dag.py:3239} INFO - Sync 1 DAGs
[2025-12-27T12:46:20.133+0000] {logging_mixin.py:190} INFO - [2025-12-27T12:46:20.133+0000] {dag.py:4180} INFO - Setting next_dagrun for fraud_detection_training to 2025-12-26 03:00:00+00:00, run_after=2025-12-27 03:00:00+00:00
[2025-12-27T12:46:20.142+0000] {processor.py:208} INFO - Processing /opt/airflow/dags/fraud_detection_training_dag.py took 0.068 seconds
[2025-12-27T12:46:50.195+0000] {processor.py:186} INFO - Started process (PID=111) to work on /opt/airflow/dags/fraud_detection_training_dag.py
[2025-12-27T12:46:50.196+0000] {processor.py:914} INFO - Processing file /opt/airflow/dags/fraud_detection_training_dag.py for tasks to queue
[2025-12-27T12:46:50.198+0000] {logging_mixin.py:190} INFO - [2025-12-27T12:46:50.198+0000] {dagbag.py:588} INFO - Filling up the DagBag from /opt/airflow/dags/fraud_detection_training_dag.py
[2025-12-27T12:46:50.207+0000] {processor.py:925} INFO - DAG(s) 'fraud_detection_training' retrieved from /opt/airflow/dags/fraud_detection_training_dag.py
[2025-12-27T12:46:50.225+0000] {logging_mixin.py:190} INFO - [2025-12-27T12:46:50.225+0000] {dag.py:3239} INFO - Sync 1 DAGs
[2025-12-27T12:46:50.241+0000] {logging_mixin.py:190} INFO - [2025-12-27T12:46:50.241+0000] {dag.py:4180} INFO - Setting next_dagrun for fraud_detection_training to 2025-12-26 03:00:00+00:00, run_after=2025-12-27 03:00:00+00:00
[2025-12-27T12:46:50.252+0000] {processor.py:208} INFO - Processing /opt/airflow/dags/fraud_detection_training_dag.py took 0.063 seconds
[2025-12-27T12:47:40.089+0000] {processor.py:186} INFO - Started process (PID=50) to work on /opt/airflow/dags/fraud_detection_training_dag.py
[2025-12-27T12:47:40.090+0000] {processor.py:914} INFO - Processing file /opt/airflow/dags/fraud_detection_training_dag.py for tasks to queue
[2025-12-27T12:47:40.091+0000] {logging_mixin.py:190} INFO - [2025-12-27T12:47:40.091+0000] {dagbag.py:588} INFO - Filling up the DagBag from /opt/airflow/dags/fraud_detection_training_dag.py
[2025-12-27T12:47:40.101+0000] {processor.py:925} INFO - DAG(s) 'fraud_detection_training' retrieved from /opt/airflow/dags/fraud_detection_training_dag.py
[2025-12-27T12:47:40.127+0000] {logging_mixin.py:190} INFO - [2025-12-27T12:47:40.127+0000] {dag.py:3239} INFO - Sync 1 DAGs
[2025-12-27T12:47:40.142+0000] {logging_mixin.py:190} INFO - [2025-12-27T12:47:40.142+0000] {dag.py:4180} INFO - Setting next_dagrun for fraud_detection_training to 2025-12-26 03:00:00+00:00, run_after=2025-12-27 03:00:00+00:00
[2025-12-27T12:47:40.151+0000] {processor.py:208} INFO - Processing /opt/airflow/dags/fraud_detection_training_dag.py took 0.065 seconds
[2025-12-27T12:48:10.263+0000] {processor.py:186} INFO - Started process (PID=57) to work on /opt/airflow/dags/fraud_detection_training_dag.py
[2025-12-27T12:48:10.264+0000] {processor.py:914} INFO - Processing file /opt/airflow/dags/fraud_detection_training_dag.py for tasks to queue
[2025-12-27T12:48:10.266+0000] {logging_mixin.py:190} INFO - [2025-12-27T12:48:10.266+0000] {dagbag.py:588} INFO - Filling up the DagBag from /opt/airflow/dags/fraud_detection_training_dag.py
[2025-12-27T12:48:10.275+0000] {processor.py:925} INFO - DAG(s) 'fraud_detection_training' retrieved from /opt/airflow/dags/fraud_detection_training_dag.py
[2025-12-27T12:48:10.295+0000] {logging_mixin.py:190} INFO - [2025-12-27T12:48:10.295+0000] {dag.py:3239} INFO - Sync 1 DAGs
[2025-12-27T12:48:10.309+0000] {logging_mixin.py:190} INFO - [2025-12-27T12:48:10.309+0000] {dag.py:4180} INFO - Setting next_dagrun for fraud_detection_training to 2025-12-26 03:00:00+00:00, run_after=2025-12-27 03:00:00+00:00
[2025-12-27T12:48:10.317+0000] {processor.py:208} INFO - Processing /opt/airflow/dags/fraud_detection_training_dag.py took 0.061 seconds
[2025-12-27T12:48:40.412+0000] {processor.py:186} INFO - Started process (PID=58) to work on /opt/airflow/dags/fraud_detection_training_dag.py
[2025-12-27T12:48:40.413+0000] {processor.py:914} INFO - Processing file /opt/airflow/dags/fraud_detection_training_dag.py for tasks to queue
[2025-12-27T12:48:40.415+0000] {logging_mixin.py:190} INFO - [2025-12-27T12:48:40.415+0000] {dagbag.py:588} INFO - Filling up the DagBag from /opt/airflow/dags/fraud_detection_training_dag.py
[2025-12-27T12:48:40.427+0000] {processor.py:925} INFO - DAG(s) 'fraud_detection_training' retrieved from /opt/airflow/dags/fraud_detection_training_dag.py
[2025-12-27T12:48:40.453+0000] {logging_mixin.py:190} INFO - [2025-12-27T12:48:40.453+0000] {dag.py:3239} INFO - Sync 1 DAGs
[2025-12-27T12:48:40.469+0000] {logging_mixin.py:190} INFO - [2025-12-27T12:48:40.469+0000] {dag.py:4180} INFO - Setting next_dagrun for fraud_detection_training to 2025-12-26 03:00:00+00:00, run_after=2025-12-27 03:00:00+00:00
[2025-12-27T12:48:40.479+0000] {processor.py:208} INFO - Processing /opt/airflow/dags/fraud_detection_training_dag.py took 0.070 seconds
[2025-12-27T12:49:10.550+0000] {processor.py:186} INFO - Started process (PID=65) to work on /opt/airflow/dags/fraud_detection_training_dag.py
[2025-12-27T12:49:10.551+0000] {processor.py:914} INFO - Processing file /opt/airflow/dags/fraud_detection_training_dag.py for tasks to queue
[2025-12-27T12:49:10.553+0000] {logging_mixin.py:190} INFO - [2025-12-27T12:49:10.553+0000] {dagbag.py:588} INFO - Filling up the DagBag from /opt/airflow/dags/fraud_detection_training_dag.py
[2025-12-27T12:49:10.568+0000] {processor.py:925} INFO - DAG(s) 'fraud_detection_training' retrieved from /opt/airflow/dags/fraud_detection_training_dag.py
[2025-12-27T12:49:10.586+0000] {logging_mixin.py:190} INFO - [2025-12-27T12:49:10.586+0000] {dag.py:3239} INFO - Sync 1 DAGs
[2025-12-27T12:49:10.602+0000] {logging_mixin.py:190} INFO - [2025-12-27T12:49:10.602+0000] {dag.py:4180} INFO - Setting next_dagrun for fraud_detection_training to 2025-12-26 03:00:00+00:00, run_after=2025-12-27 03:00:00+00:00
[2025-12-27T12:49:10.611+0000] {processor.py:208} INFO - Processing /opt/airflow/dags/fraud_detection_training_dag.py took 0.065 seconds
[2025-12-27T12:49:40.687+0000] {processor.py:186} INFO - Started process (PID=66) to work on /opt/airflow/dags/fraud_detection_training_dag.py
[2025-12-27T12:49:40.687+0000] {processor.py:914} INFO - Processing file /opt/airflow/dags/fraud_detection_training_dag.py for tasks to queue
[2025-12-27T12:49:40.689+0000] {logging_mixin.py:190} INFO - [2025-12-27T12:49:40.688+0000] {dagbag.py:588} INFO - Filling up the DagBag from /opt/airflow/dags/fraud_detection_training_dag.py
[2025-12-27T12:49:40.696+0000] {processor.py:925} INFO - DAG(s) 'fraud_detection_training' retrieved from /opt/airflow/dags/fraud_detection_training_dag.py
[2025-12-27T12:49:40.713+0000] {logging_mixin.py:190} INFO - [2025-12-27T12:49:40.713+0000] {dag.py:3239} INFO - Sync 1 DAGs
[2025-12-27T12:49:40.724+0000] {logging_mixin.py:190} INFO - [2025-12-27T12:49:40.724+0000] {dag.py:4180} INFO - Setting next_dagrun for fraud_detection_training to 2025-12-26 03:00:00+00:00, run_after=2025-12-27 03:00:00+00:00
[2025-12-27T12:49:40.732+0000] {processor.py:208} INFO - Processing /opt/airflow/dags/fraud_detection_training_dag.py took 0.049 seconds
[2025-12-27T12:50:10.838+0000] {processor.py:186} INFO - Started process (PID=73) to work on /opt/airflow/dags/fraud_detection_training_dag.py
[2025-12-27T12:50:10.839+0000] {processor.py:914} INFO - Processing file /opt/airflow/dags/fraud_detection_training_dag.py for tasks to queue
[2025-12-27T12:50:10.844+0000] {logging_mixin.py:190} INFO - [2025-12-27T12:50:10.843+0000] {dagbag.py:588} INFO - Filling up the DagBag from /opt/airflow/dags/fraud_detection_training_dag.py
[2025-12-27T12:50:10.865+0000] {processor.py:925} INFO - DAG(s) 'fraud_detection_training' retrieved from /opt/airflow/dags/fraud_detection_training_dag.py
[2025-12-27T12:50:10.898+0000] {logging_mixin.py:190} INFO - [2025-12-27T12:50:10.898+0000] {dag.py:3239} INFO - Sync 1 DAGs
[2025-12-27T12:50:10.921+0000] {logging_mixin.py:190} INFO - [2025-12-27T12:50:10.921+0000] {dag.py:4180} INFO - Setting next_dagrun for fraud_detection_training to 2025-12-26 03:00:00+00:00, run_after=2025-12-27 03:00:00+00:00
[2025-12-27T12:50:10.939+0000] {processor.py:208} INFO - Processing /opt/airflow/dags/fraud_detection_training_dag.py took 0.108 seconds
[2025-12-27T12:50:40.978+0000] {processor.py:186} INFO - Started process (PID=74) to work on /opt/airflow/dags/fraud_detection_training_dag.py
[2025-12-27T12:50:40.978+0000] {processor.py:914} INFO - Processing file /opt/airflow/dags/fraud_detection_training_dag.py for tasks to queue
[2025-12-27T12:50:40.980+0000] {logging_mixin.py:190} INFO - [2025-12-27T12:50:40.980+0000] {dagbag.py:588} INFO - Filling up the DagBag from /opt/airflow/dags/fraud_detection_training_dag.py
[2025-12-27T12:50:40.989+0000] {processor.py:925} INFO - DAG(s) 'fraud_detection_training' retrieved from /opt/airflow/dags/fraud_detection_training_dag.py
[2025-12-27T12:50:41.008+0000] {logging_mixin.py:190} INFO - [2025-12-27T12:50:41.008+0000] {dag.py:3239} INFO - Sync 1 DAGs
[2025-12-27T12:50:41.022+0000] {logging_mixin.py:190} INFO - [2025-12-27T12:50:41.022+0000] {dag.py:4180} INFO - Setting next_dagrun for fraud_detection_training to 2025-12-26 03:00:00+00:00, run_after=2025-12-27 03:00:00+00:00
[2025-12-27T12:50:41.031+0000] {processor.py:208} INFO - Processing /opt/airflow/dags/fraud_detection_training_dag.py took 0.057 seconds
[2025-12-27T12:51:11.102+0000] {processor.py:186} INFO - Started process (PID=81) to work on /opt/airflow/dags/fraud_detection_training_dag.py
[2025-12-27T12:51:11.103+0000] {processor.py:914} INFO - Processing file /opt/airflow/dags/fraud_detection_training_dag.py for tasks to queue
[2025-12-27T12:51:11.105+0000] {logging_mixin.py:190} INFO - [2025-12-27T12:51:11.105+0000] {dagbag.py:588} INFO - Filling up the DagBag from /opt/airflow/dags/fraud_detection_training_dag.py
[2025-12-27T12:51:11.115+0000] {processor.py:925} INFO - DAG(s) 'fraud_detection_training' retrieved from /opt/airflow/dags/fraud_detection_training_dag.py
[2025-12-27T12:51:11.136+0000] {logging_mixin.py:190} INFO - [2025-12-27T12:51:11.135+0000] {dag.py:3239} INFO - Sync 1 DAGs
[2025-12-27T12:51:11.149+0000] {logging_mixin.py:190} INFO - [2025-12-27T12:51:11.148+0000] {dag.py:4180} INFO - Setting next_dagrun for fraud_detection_training to 2025-12-26 03:00:00+00:00, run_after=2025-12-27 03:00:00+00:00
[2025-12-27T12:51:11.158+0000] {processor.py:208} INFO - Processing /opt/airflow/dags/fraud_detection_training_dag.py took 0.060 seconds
[2025-12-27T12:51:41.270+0000] {processor.py:186} INFO - Started process (PID=82) to work on /opt/airflow/dags/fraud_detection_training_dag.py
[2025-12-27T12:51:41.271+0000] {processor.py:914} INFO - Processing file /opt/airflow/dags/fraud_detection_training_dag.py for tasks to queue
[2025-12-27T12:51:41.273+0000] {logging_mixin.py:190} INFO - [2025-12-27T12:51:41.273+0000] {dagbag.py:588} INFO - Filling up the DagBag from /opt/airflow/dags/fraud_detection_training_dag.py
[2025-12-27T12:51:41.286+0000] {processor.py:925} INFO - DAG(s) 'fraud_detection_training' retrieved from /opt/airflow/dags/fraud_detection_training_dag.py
[2025-12-27T12:51:41.312+0000] {logging_mixin.py:190} INFO - [2025-12-27T12:51:41.312+0000] {dag.py:3239} INFO - Sync 1 DAGs
[2025-12-27T12:51:41.333+0000] {logging_mixin.py:190} INFO - [2025-12-27T12:51:41.332+0000] {dag.py:4180} INFO - Setting next_dagrun for fraud_detection_training to 2025-12-26 03:00:00+00:00, run_after=2025-12-27 03:00:00+00:00
[2025-12-27T12:51:41.344+0000] {processor.py:208} INFO - Processing /opt/airflow/dags/fraud_detection_training_dag.py took 0.079 seconds
[2025-12-27T12:52:11.475+0000] {processor.py:186} INFO - Started process (PID=89) to work on /opt/airflow/dags/fraud_detection_training_dag.py
[2025-12-27T12:52:11.477+0000] {processor.py:914} INFO - Processing file /opt/airflow/dags/fraud_detection_training_dag.py for tasks to queue
[2025-12-27T12:52:11.479+0000] {logging_mixin.py:190} INFO - [2025-12-27T12:52:11.479+0000] {dagbag.py:588} INFO - Filling up the DagBag from /opt/airflow/dags/fraud_detection_training_dag.py
[2025-12-27T12:52:11.493+0000] {processor.py:925} INFO - DAG(s) 'fraud_detection_training' retrieved from /opt/airflow/dags/fraud_detection_training_dag.py
[2025-12-27T12:52:11.533+0000] {logging_mixin.py:190} INFO - [2025-12-27T12:52:11.532+0000] {dag.py:3239} INFO - Sync 1 DAGs
[2025-12-27T12:52:11.553+0000] {logging_mixin.py:190} INFO - [2025-12-27T12:52:11.553+0000] {dag.py:4180} INFO - Setting next_dagrun for fraud_detection_training to 2025-12-26 03:00:00+00:00, run_after=2025-12-27 03:00:00+00:00
[2025-12-27T12:52:11.568+0000] {processor.py:208} INFO - Processing /opt/airflow/dags/fraud_detection_training_dag.py took 0.098 seconds
[2025-12-27T12:52:41.622+0000] {processor.py:186} INFO - Started process (PID=90) to work on /opt/airflow/dags/fraud_detection_training_dag.py
[2025-12-27T12:52:41.623+0000] {processor.py:914} INFO - Processing file /opt/airflow/dags/fraud_detection_training_dag.py for tasks to queue
[2025-12-27T12:52:41.624+0000] {logging_mixin.py:190} INFO - [2025-12-27T12:52:41.624+0000] {dagbag.py:588} INFO - Filling up the DagBag from /opt/airflow/dags/fraud_detection_training_dag.py
[2025-12-27T12:52:41.630+0000] {processor.py:925} INFO - DAG(s) 'fraud_detection_training' retrieved from /opt/airflow/dags/fraud_detection_training_dag.py
[2025-12-27T12:52:41.649+0000] {logging_mixin.py:190} INFO - [2025-12-27T12:52:41.648+0000] {dag.py:3239} INFO - Sync 1 DAGs
[2025-12-27T12:52:41.661+0000] {logging_mixin.py:190} INFO - [2025-12-27T12:52:41.661+0000] {dag.py:4180} INFO - Setting next_dagrun for fraud_detection_training to 2025-12-26 03:00:00+00:00, run_after=2025-12-27 03:00:00+00:00
[2025-12-27T12:52:41.670+0000] {processor.py:208} INFO - Processing /opt/airflow/dags/fraud_detection_training_dag.py took 0.051 seconds
[2025-12-27T12:53:11.745+0000] {processor.py:186} INFO - Started process (PID=97) to work on /opt/airflow/dags/fraud_detection_training_dag.py
[2025-12-27T12:53:11.746+0000] {processor.py:914} INFO - Processing file /opt/airflow/dags/fraud_detection_training_dag.py for tasks to queue
[2025-12-27T12:53:11.748+0000] {logging_mixin.py:190} INFO - [2025-12-27T12:53:11.748+0000] {dagbag.py:588} INFO - Filling up the DagBag from /opt/airflow/dags/fraud_detection_training_dag.py
[2025-12-27T12:53:11.760+0000] {processor.py:925} INFO - DAG(s) 'fraud_detection_training' retrieved from /opt/airflow/dags/fraud_detection_training_dag.py
[2025-12-27T12:53:11.784+0000] {logging_mixin.py:190} INFO - [2025-12-27T12:53:11.783+0000] {dag.py:3239} INFO - Sync 1 DAGs
[2025-12-27T12:53:11.798+0000] {logging_mixin.py:190} INFO - [2025-12-27T12:53:11.798+0000] {dag.py:4180} INFO - Setting next_dagrun for fraud_detection_training to 2025-12-26 03:00:00+00:00, run_after=2025-12-27 03:00:00+00:00
[2025-12-27T12:53:11.807+0000] {processor.py:208} INFO - Processing /opt/airflow/dags/fraud_detection_training_dag.py took 0.066 seconds
[2025-12-27T12:53:41.904+0000] {processor.py:186} INFO - Started process (PID=98) to work on /opt/airflow/dags/fraud_detection_training_dag.py
[2025-12-27T12:53:41.905+0000] {processor.py:914} INFO - Processing file /opt/airflow/dags/fraud_detection_training_dag.py for tasks to queue
[2025-12-27T12:53:41.907+0000] {logging_mixin.py:190} INFO - [2025-12-27T12:53:41.907+0000] {dagbag.py:588} INFO - Filling up the DagBag from /opt/airflow/dags/fraud_detection_training_dag.py
[2025-12-27T12:53:41.918+0000] {processor.py:925} INFO - DAG(s) 'fraud_detection_training' retrieved from /opt/airflow/dags/fraud_detection_training_dag.py
[2025-12-27T12:53:41.941+0000] {logging_mixin.py:190} INFO - [2025-12-27T12:53:41.941+0000] {dag.py:3239} INFO - Sync 1 DAGs
[2025-12-27T12:53:41.958+0000] {logging_mixin.py:190} INFO - [2025-12-27T12:53:41.958+0000] {dag.py:4180} INFO - Setting next_dagrun for fraud_detection_training to 2025-12-26 03:00:00+00:00, run_after=2025-12-27 03:00:00+00:00
[2025-12-27T12:53:41.967+0000] {processor.py:208} INFO - Processing /opt/airflow/dags/fraud_detection_training_dag.py took 0.069 seconds
[2025-12-27T12:54:12.071+0000] {processor.py:186} INFO - Started process (PID=105) to work on /opt/airflow/dags/fraud_detection_training_dag.py
[2025-12-27T12:54:12.072+0000] {processor.py:914} INFO - Processing file /opt/airflow/dags/fraud_detection_training_dag.py for tasks to queue
[2025-12-27T12:54:12.074+0000] {logging_mixin.py:190} INFO - [2025-12-27T12:54:12.074+0000] {dagbag.py:588} INFO - Filling up the DagBag from /opt/airflow/dags/fraud_detection_training_dag.py
[2025-12-27T12:54:12.083+0000] {processor.py:925} INFO - DAG(s) 'fraud_detection_training' retrieved from /opt/airflow/dags/fraud_detection_training_dag.py
[2025-12-27T12:54:12.102+0000] {logging_mixin.py:190} INFO - [2025-12-27T12:54:12.102+0000] {dag.py:3239} INFO - Sync 1 DAGs
[2025-12-27T12:54:12.122+0000] {logging_mixin.py:190} INFO - [2025-12-27T12:54:12.122+0000] {dag.py:4180} INFO - Setting next_dagrun for fraud_detection_training to 2025-12-26 03:00:00+00:00, run_after=2025-12-27 03:00:00+00:00
[2025-12-27T12:54:12.132+0000] {processor.py:208} INFO - Processing /opt/airflow/dags/fraud_detection_training_dag.py took 0.066 seconds
[2025-12-27T12:54:42.233+0000] {processor.py:186} INFO - Started process (PID=106) to work on /opt/airflow/dags/fraud_detection_training_dag.py
[2025-12-27T12:54:42.235+0000] {processor.py:914} INFO - Processing file /opt/airflow/dags/fraud_detection_training_dag.py for tasks to queue
[2025-12-27T12:54:42.238+0000] {logging_mixin.py:190} INFO - [2025-12-27T12:54:42.238+0000] {dagbag.py:588} INFO - Filling up the DagBag from /opt/airflow/dags/fraud_detection_training_dag.py
[2025-12-27T12:54:42.260+0000] {processor.py:925} INFO - DAG(s) 'fraud_detection_training' retrieved from /opt/airflow/dags/fraud_detection_training_dag.py
[2025-12-27T12:54:42.293+0000] {logging_mixin.py:190} INFO - [2025-12-27T12:54:42.293+0000] {dag.py:3239} INFO - Sync 1 DAGs
[2025-12-27T12:54:42.318+0000] {logging_mixin.py:190} INFO - [2025-12-27T12:54:42.317+0000] {dag.py:4180} INFO - Setting next_dagrun for fraud_detection_training to 2025-12-26 03:00:00+00:00, run_after=2025-12-27 03:00:00+00:00
[2025-12-27T12:54:42.330+0000] {processor.py:208} INFO - Processing /opt/airflow/dags/fraud_detection_training_dag.py took 0.104 seconds
[2025-12-27T12:55:12.464+0000] {processor.py:186} INFO - Started process (PID=113) to work on /opt/airflow/dags/fraud_detection_training_dag.py
[2025-12-27T12:55:12.466+0000] {processor.py:914} INFO - Processing file /opt/airflow/dags/fraud_detection_training_dag.py for tasks to queue
[2025-12-27T12:55:12.475+0000] {logging_mixin.py:190} INFO - [2025-12-27T12:55:12.473+0000] {dagbag.py:588} INFO - Filling up the DagBag from /opt/airflow/dags/fraud_detection_training_dag.py
[2025-12-27T12:55:12.497+0000] {processor.py:925} INFO - DAG(s) 'fraud_detection_training' retrieved from /opt/airflow/dags/fraud_detection_training_dag.py
[2025-12-27T12:55:12.528+0000] {logging_mixin.py:190} INFO - [2025-12-27T12:55:12.528+0000] {dag.py:3239} INFO - Sync 1 DAGs
[2025-12-27T12:55:12.552+0000] {logging_mixin.py:190} INFO - [2025-12-27T12:55:12.552+0000] {dag.py:4180} INFO - Setting next_dagrun for fraud_detection_training to 2025-12-26 03:00:00+00:00, run_after=2025-12-27 03:00:00+00:00
[2025-12-27T12:55:12.565+0000] {processor.py:208} INFO - Processing /opt/airflow/dags/fraud_detection_training_dag.py took 0.133 seconds
[2025-12-27T12:55:42.610+0000] {processor.py:186} INFO - Started process (PID=114) to work on /opt/airflow/dags/fraud_detection_training_dag.py
[2025-12-27T12:55:42.611+0000] {processor.py:914} INFO - Processing file /opt/airflow/dags/fraud_detection_training_dag.py for tasks to queue
[2025-12-27T12:55:42.613+0000] {logging_mixin.py:190} INFO - [2025-12-27T12:55:42.612+0000] {dagbag.py:588} INFO - Filling up the DagBag from /opt/airflow/dags/fraud_detection_training_dag.py
[2025-12-27T12:55:42.637+0000] {processor.py:925} INFO - DAG(s) 'fraud_detection_training' retrieved from /opt/airflow/dags/fraud_detection_training_dag.py
[2025-12-27T12:55:42.661+0000] {logging_mixin.py:190} INFO - [2025-12-27T12:55:42.661+0000] {dag.py:3239} INFO - Sync 1 DAGs
[2025-12-27T12:55:42.678+0000] {logging_mixin.py:190} INFO - [2025-12-27T12:55:42.678+0000] {dag.py:4180} INFO - Setting next_dagrun for fraud_detection_training to 2025-12-26 03:00:00+00:00, run_after=2025-12-27 03:00:00+00:00
[2025-12-27T12:55:42.689+0000] {processor.py:208} INFO - Processing /opt/airflow/dags/fraud_detection_training_dag.py took 0.083 seconds
[2025-12-27T12:56:12.789+0000] {processor.py:186} INFO - Started process (PID=120) to work on /opt/airflow/dags/fraud_detection_training_dag.py
[2025-12-27T12:56:12.789+0000] {processor.py:914} INFO - Processing file /opt/airflow/dags/fraud_detection_training_dag.py for tasks to queue
[2025-12-27T12:56:12.790+0000] {logging_mixin.py:190} INFO - [2025-12-27T12:56:12.790+0000] {dagbag.py:588} INFO - Filling up the DagBag from /opt/airflow/dags/fraud_detection_training_dag.py
[2025-12-27T12:56:12.798+0000] {processor.py:925} INFO - DAG(s) 'fraud_detection_training' retrieved from /opt/airflow/dags/fraud_detection_training_dag.py
[2025-12-27T12:56:12.822+0000] {logging_mixin.py:190} INFO - [2025-12-27T12:56:12.821+0000] {dag.py:3239} INFO - Sync 1 DAGs
[2025-12-27T12:56:12.839+0000] {logging_mixin.py:190} INFO - [2025-12-27T12:56:12.839+0000] {dag.py:4180} INFO - Setting next_dagrun for fraud_detection_training to 2025-12-26 03:00:00+00:00, run_after=2025-12-27 03:00:00+00:00
[2025-12-27T12:56:12.851+0000] {processor.py:208} INFO - Processing /opt/airflow/dags/fraud_detection_training_dag.py took 0.065 seconds
[2025-12-27T12:56:42.926+0000] {processor.py:186} INFO - Started process (PID=121) to work on /opt/airflow/dags/fraud_detection_training_dag.py
[2025-12-27T12:56:42.927+0000] {processor.py:914} INFO - Processing file /opt/airflow/dags/fraud_detection_training_dag.py for tasks to queue
[2025-12-27T12:56:42.930+0000] {logging_mixin.py:190} INFO - [2025-12-27T12:56:42.930+0000] {dagbag.py:588} INFO - Filling up the DagBag from /opt/airflow/dags/fraud_detection_training_dag.py
[2025-12-27T12:56:42.940+0000] {processor.py:925} INFO - DAG(s) 'fraud_detection_training' retrieved from /opt/airflow/dags/fraud_detection_training_dag.py
[2025-12-27T12:56:42.961+0000] {logging_mixin.py:190} INFO - [2025-12-27T12:56:42.961+0000] {dag.py:3239} INFO - Sync 1 DAGs
[2025-12-27T12:56:42.978+0000] {logging_mixin.py:190} INFO - [2025-12-27T12:56:42.978+0000] {dag.py:4180} INFO - Setting next_dagrun for fraud_detection_training to 2025-12-26 03:00:00+00:00, run_after=2025-12-27 03:00:00+00:00
[2025-12-27T12:56:42.989+0000] {processor.py:208} INFO - Processing /opt/airflow/dags/fraud_detection_training_dag.py took 0.068 seconds
[2025-12-27T12:57:13.096+0000] {processor.py:186} INFO - Started process (PID=128) to work on /opt/airflow/dags/fraud_detection_training_dag.py
[2025-12-27T12:57:13.097+0000] {processor.py:914} INFO - Processing file /opt/airflow/dags/fraud_detection_training_dag.py for tasks to queue
[2025-12-27T12:57:13.100+0000] {logging_mixin.py:190} INFO - [2025-12-27T12:57:13.100+0000] {dagbag.py:588} INFO - Filling up the DagBag from /opt/airflow/dags/fraud_detection_training_dag.py
[2025-12-27T12:57:13.113+0000] {processor.py:925} INFO - DAG(s) 'fraud_detection_training' retrieved from /opt/airflow/dags/fraud_detection_training_dag.py
[2025-12-27T12:57:13.138+0000] {logging_mixin.py:190} INFO - [2025-12-27T12:57:13.138+0000] {dag.py:3239} INFO - Sync 1 DAGs
[2025-12-27T12:57:13.158+0000] {logging_mixin.py:190} INFO - [2025-12-27T12:57:13.158+0000] {dag.py:4180} INFO - Setting next_dagrun for fraud_detection_training to 2025-12-26 03:00:00+00:00, run_after=2025-12-27 03:00:00+00:00
[2025-12-27T12:57:13.169+0000] {processor.py:208} INFO - Processing /opt/airflow/dags/fraud_detection_training_dag.py took 0.078 seconds
[2025-12-27T12:57:43.231+0000] {processor.py:186} INFO - Started process (PID=129) to work on /opt/airflow/dags/fraud_detection_training_dag.py
[2025-12-27T12:57:43.231+0000] {processor.py:914} INFO - Processing file /opt/airflow/dags/fraud_detection_training_dag.py for tasks to queue
[2025-12-27T12:57:43.232+0000] {logging_mixin.py:190} INFO - [2025-12-27T12:57:43.232+0000] {dagbag.py:588} INFO - Filling up the DagBag from /opt/airflow/dags/fraud_detection_training_dag.py
[2025-12-27T12:57:43.238+0000] {processor.py:925} INFO - DAG(s) 'fraud_detection_training' retrieved from /opt/airflow/dags/fraud_detection_training_dag.py
[2025-12-27T12:57:43.252+0000] {logging_mixin.py:190} INFO - [2025-12-27T12:57:43.252+0000] {dag.py:3239} INFO - Sync 1 DAGs
[2025-12-27T12:57:43.263+0000] {logging_mixin.py:190} INFO - [2025-12-27T12:57:43.263+0000] {dag.py:4180} INFO - Setting next_dagrun for fraud_detection_training to 2025-12-26 03:00:00+00:00, run_after=2025-12-27 03:00:00+00:00
[2025-12-27T12:57:43.271+0000] {processor.py:208} INFO - Processing /opt/airflow/dags/fraud_detection_training_dag.py took 0.043 seconds
[2025-12-27T12:58:13.394+0000] {processor.py:186} INFO - Started process (PID=136) to work on /opt/airflow/dags/fraud_detection_training_dag.py
[2025-12-27T12:58:13.395+0000] {processor.py:914} INFO - Processing file /opt/airflow/dags/fraud_detection_training_dag.py for tasks to queue
[2025-12-27T12:58:13.396+0000] {logging_mixin.py:190} INFO - [2025-12-27T12:58:13.396+0000] {dagbag.py:588} INFO - Filling up the DagBag from /opt/airflow/dags/fraud_detection_training_dag.py
[2025-12-27T12:58:13.402+0000] {processor.py:925} INFO - DAG(s) 'fraud_detection_training' retrieved from /opt/airflow/dags/fraud_detection_training_dag.py
[2025-12-27T12:58:13.417+0000] {logging_mixin.py:190} INFO - [2025-12-27T12:58:13.417+0000] {dag.py:3239} INFO - Sync 1 DAGs
[2025-12-27T12:58:13.427+0000] {logging_mixin.py:190} INFO - [2025-12-27T12:58:13.427+0000] {dag.py:4180} INFO - Setting next_dagrun for fraud_detection_training to 2025-12-26 03:00:00+00:00, run_after=2025-12-27 03:00:00+00:00
[2025-12-27T12:58:13.436+0000] {processor.py:208} INFO - Processing /opt/airflow/dags/fraud_detection_training_dag.py took 0.045 seconds
[2025-12-27T12:58:43.518+0000] {processor.py:186} INFO - Started process (PID=137) to work on /opt/airflow/dags/fraud_detection_training_dag.py
[2025-12-27T12:58:43.518+0000] {processor.py:914} INFO - Processing file /opt/airflow/dags/fraud_detection_training_dag.py for tasks to queue
[2025-12-27T12:58:43.520+0000] {logging_mixin.py:190} INFO - [2025-12-27T12:58:43.520+0000] {dagbag.py:588} INFO - Filling up the DagBag from /opt/airflow/dags/fraud_detection_training_dag.py
[2025-12-27T12:58:43.526+0000] {processor.py:925} INFO - DAG(s) 'fraud_detection_training' retrieved from /opt/airflow/dags/fraud_detection_training_dag.py
[2025-12-27T12:58:43.541+0000] {logging_mixin.py:190} INFO - [2025-12-27T12:58:43.541+0000] {dag.py:3239} INFO - Sync 1 DAGs
[2025-12-27T12:58:43.552+0000] {logging_mixin.py:190} INFO - [2025-12-27T12:58:43.552+0000] {dag.py:4180} INFO - Setting next_dagrun for fraud_detection_training to 2025-12-26 03:00:00+00:00, run_after=2025-12-27 03:00:00+00:00
[2025-12-27T12:58:43.560+0000] {processor.py:208} INFO - Processing /opt/airflow/dags/fraud_detection_training_dag.py took 0.046 seconds
[2025-12-27T12:59:13.661+0000] {processor.py:186} INFO - Started process (PID=144) to work on /opt/airflow/dags/fraud_detection_training_dag.py
[2025-12-27T12:59:13.662+0000] {processor.py:914} INFO - Processing file /opt/airflow/dags/fraud_detection_training_dag.py for tasks to queue
[2025-12-27T12:59:13.665+0000] {logging_mixin.py:190} INFO - [2025-12-27T12:59:13.664+0000] {dagbag.py:588} INFO - Filling up the DagBag from /opt/airflow/dags/fraud_detection_training_dag.py
[2025-12-27T12:59:13.689+0000] {processor.py:925} INFO - DAG(s) 'fraud_detection_training' retrieved from /opt/airflow/dags/fraud_detection_training_dag.py
[2025-12-27T12:59:13.715+0000] {logging_mixin.py:190} INFO - [2025-12-27T12:59:13.715+0000] {dag.py:3239} INFO - Sync 1 DAGs
[2025-12-27T12:59:13.729+0000] {logging_mixin.py:190} INFO - [2025-12-27T12:59:13.729+0000] {dag.py:4180} INFO - Setting next_dagrun for fraud_detection_training to 2025-12-26 03:00:00+00:00, run_after=2025-12-27 03:00:00+00:00
[2025-12-27T12:59:13.738+0000] {processor.py:208} INFO - Processing /opt/airflow/dags/fraud_detection_training_dag.py took 0.080 seconds
[2025-12-27T12:59:43.814+0000] {processor.py:186} INFO - Started process (PID=145) to work on /opt/airflow/dags/fraud_detection_training_dag.py
[2025-12-27T12:59:43.815+0000] {processor.py:914} INFO - Processing file /opt/airflow/dags/fraud_detection_training_dag.py for tasks to queue
[2025-12-27T12:59:43.818+0000] {logging_mixin.py:190} INFO - [2025-12-27T12:59:43.818+0000] {dagbag.py:588} INFO - Filling up the DagBag from /opt/airflow/dags/fraud_detection_training_dag.py
[2025-12-27T12:59:43.832+0000] {processor.py:925} INFO - DAG(s) 'fraud_detection_training' retrieved from /opt/airflow/dags/fraud_detection_training_dag.py
[2025-12-27T12:59:43.855+0000] {logging_mixin.py:190} INFO - [2025-12-27T12:59:43.855+0000] {dag.py:3239} INFO - Sync 1 DAGs
[2025-12-27T12:59:43.870+0000] {logging_mixin.py:190} INFO - [2025-12-27T12:59:43.870+0000] {dag.py:4180} INFO - Setting next_dagrun for fraud_detection_training to 2025-12-26 03:00:00+00:00, run_after=2025-12-27 03:00:00+00:00
[2025-12-27T12:59:43.878+0000] {processor.py:208} INFO - Processing /opt/airflow/dags/fraud_detection_training_dag.py took 0.069 seconds
[2025-12-27T13:00:13.973+0000] {processor.py:186} INFO - Started process (PID=152) to work on /opt/airflow/dags/fraud_detection_training_dag.py
[2025-12-27T13:00:13.973+0000] {processor.py:914} INFO - Processing file /opt/airflow/dags/fraud_detection_training_dag.py for tasks to queue
[2025-12-27T13:00:13.975+0000] {logging_mixin.py:190} INFO - [2025-12-27T13:00:13.974+0000] {dagbag.py:588} INFO - Filling up the DagBag from /opt/airflow/dags/fraud_detection_training_dag.py
[2025-12-27T13:00:13.980+0000] {processor.py:925} INFO - DAG(s) 'fraud_detection_training' retrieved from /opt/airflow/dags/fraud_detection_training_dag.py
[2025-12-27T13:00:13.993+0000] {logging_mixin.py:190} INFO - [2025-12-27T13:00:13.993+0000] {dag.py:3239} INFO - Sync 1 DAGs
[2025-12-27T13:00:14.003+0000] {logging_mixin.py:190} INFO - [2025-12-27T13:00:14.002+0000] {dag.py:4180} INFO - Setting next_dagrun for fraud_detection_training to 2025-12-26 03:00:00+00:00, run_after=2025-12-27 03:00:00+00:00
[2025-12-27T13:00:14.010+0000] {processor.py:208} INFO - Processing /opt/airflow/dags/fraud_detection_training_dag.py took 0.040 seconds
[2025-12-27T13:00:44.109+0000] {processor.py:186} INFO - Started process (PID=153) to work on /opt/airflow/dags/fraud_detection_training_dag.py
[2025-12-27T13:00:44.110+0000] {processor.py:914} INFO - Processing file /opt/airflow/dags/fraud_detection_training_dag.py for tasks to queue
[2025-12-27T13:00:44.113+0000] {logging_mixin.py:190} INFO - [2025-12-27T13:00:44.113+0000] {dagbag.py:588} INFO - Filling up the DagBag from /opt/airflow/dags/fraud_detection_training_dag.py
[2025-12-27T13:00:44.128+0000] {processor.py:925} INFO - DAG(s) 'fraud_detection_training' retrieved from /opt/airflow/dags/fraud_detection_training_dag.py
[2025-12-27T13:00:44.157+0000] {logging_mixin.py:190} INFO - [2025-12-27T13:00:44.157+0000] {dag.py:3239} INFO - Sync 1 DAGs
[2025-12-27T13:00:44.176+0000] {logging_mixin.py:190} INFO - [2025-12-27T13:00:44.176+0000] {dag.py:4180} INFO - Setting next_dagrun for fraud_detection_training to 2025-12-26 03:00:00+00:00, run_after=2025-12-27 03:00:00+00:00
[2025-12-27T13:00:44.191+0000] {processor.py:208} INFO - Processing /opt/airflow/dags/fraud_detection_training_dag.py took 0.090 seconds
[2025-12-27T13:01:14.241+0000] {processor.py:186} INFO - Started process (PID=160) to work on /opt/airflow/dags/fraud_detection_training_dag.py
[2025-12-27T13:01:14.242+0000] {processor.py:914} INFO - Processing file /opt/airflow/dags/fraud_detection_training_dag.py for tasks to queue
[2025-12-27T13:01:14.244+0000] {logging_mixin.py:190} INFO - [2025-12-27T13:01:14.244+0000] {dagbag.py:588} INFO - Filling up the DagBag from /opt/airflow/dags/fraud_detection_training_dag.py
[2025-12-27T13:01:14.254+0000] {processor.py:925} INFO - DAG(s) 'fraud_detection_training' retrieved from /opt/airflow/dags/fraud_detection_training_dag.py
[2025-12-27T13:01:14.279+0000] {logging_mixin.py:190} INFO - [2025-12-27T13:01:14.279+0000] {dag.py:3239} INFO - Sync 1 DAGs
[2025-12-27T13:01:14.292+0000] {logging_mixin.py:190} INFO - [2025-12-27T13:01:14.292+0000] {dag.py:4180} INFO - Setting next_dagrun for fraud_detection_training to 2025-12-26 03:00:00+00:00, run_after=2025-12-27 03:00:00+00:00
[2025-12-27T13:01:14.308+0000] {processor.py:208} INFO - Processing /opt/airflow/dags/fraud_detection_training_dag.py took 0.071 seconds
[2025-12-27T13:01:44.412+0000] {processor.py:186} INFO - Started process (PID=161) to work on /opt/airflow/dags/fraud_detection_training_dag.py
[2025-12-27T13:01:44.412+0000] {processor.py:914} INFO - Processing file /opt/airflow/dags/fraud_detection_training_dag.py for tasks to queue
[2025-12-27T13:01:44.413+0000] {logging_mixin.py:190} INFO - [2025-12-27T13:01:44.413+0000] {dagbag.py:588} INFO - Filling up the DagBag from /opt/airflow/dags/fraud_detection_training_dag.py
[2025-12-27T13:01:44.419+0000] {processor.py:925} INFO - DAG(s) 'fraud_detection_training' retrieved from /opt/airflow/dags/fraud_detection_training_dag.py
[2025-12-27T13:01:44.433+0000] {logging_mixin.py:190} INFO - [2025-12-27T13:01:44.432+0000] {dag.py:3239} INFO - Sync 1 DAGs
[2025-12-27T13:01:44.443+0000] {logging_mixin.py:190} INFO - [2025-12-27T13:01:44.443+0000] {dag.py:4180} INFO - Setting next_dagrun for fraud_detection_training to 2025-12-26 03:00:00+00:00, run_after=2025-12-27 03:00:00+00:00
[2025-12-27T13:01:44.451+0000] {processor.py:208} INFO - Processing /opt/airflow/dags/fraud_detection_training_dag.py took 0.042 seconds
[2025-12-27T13:02:14.536+0000] {processor.py:186} INFO - Started process (PID=168) to work on /opt/airflow/dags/fraud_detection_training_dag.py
[2025-12-27T13:02:14.536+0000] {processor.py:914} INFO - Processing file /opt/airflow/dags/fraud_detection_training_dag.py for tasks to queue
[2025-12-27T13:02:14.537+0000] {logging_mixin.py:190} INFO - [2025-12-27T13:02:14.537+0000] {dagbag.py:588} INFO - Filling up the DagBag from /opt/airflow/dags/fraud_detection_training_dag.py
[2025-12-27T13:02:14.545+0000] {processor.py:925} INFO - DAG(s) 'fraud_detection_training' retrieved from /opt/airflow/dags/fraud_detection_training_dag.py
[2025-12-27T13:02:14.560+0000] {logging_mixin.py:190} INFO - [2025-12-27T13:02:14.560+0000] {dag.py:3239} INFO - Sync 1 DAGs
[2025-12-27T13:02:14.573+0000] {logging_mixin.py:190} INFO - [2025-12-27T13:02:14.573+0000] {dag.py:4180} INFO - Setting next_dagrun for fraud_detection_training to 2025-12-26 03:00:00+00:00, run_after=2025-12-27 03:00:00+00:00
[2025-12-27T13:02:14.581+0000] {processor.py:208} INFO - Processing /opt/airflow/dags/fraud_detection_training_dag.py took 0.048 seconds
[2025-12-27T13:02:44.675+0000] {processor.py:186} INFO - Started process (PID=169) to work on /opt/airflow/dags/fraud_detection_training_dag.py
[2025-12-27T13:02:44.676+0000] {processor.py:914} INFO - Processing file /opt/airflow/dags/fraud_detection_training_dag.py for tasks to queue
[2025-12-27T13:02:44.678+0000] {logging_mixin.py:190} INFO - [2025-12-27T13:02:44.678+0000] {dagbag.py:588} INFO - Filling up the DagBag from /opt/airflow/dags/fraud_detection_training_dag.py
[2025-12-27T13:02:44.685+0000] {processor.py:925} INFO - DAG(s) 'fraud_detection_training' retrieved from /opt/airflow/dags/fraud_detection_training_dag.py
[2025-12-27T13:02:44.702+0000] {logging_mixin.py:190} INFO - [2025-12-27T13:02:44.702+0000] {dag.py:3239} INFO - Sync 1 DAGs
[2025-12-27T13:02:44.713+0000] {logging_mixin.py:190} INFO - [2025-12-27T13:02:44.713+0000] {dag.py:4180} INFO - Setting next_dagrun for fraud_detection_training to 2025-12-26 03:00:00+00:00, run_after=2025-12-27 03:00:00+00:00
[2025-12-27T13:02:44.720+0000] {processor.py:208} INFO - Processing /opt/airflow/dags/fraud_detection_training_dag.py took 0.048 seconds
[2025-12-27T13:03:14.799+0000] {processor.py:186} INFO - Started process (PID=176) to work on /opt/airflow/dags/fraud_detection_training_dag.py
[2025-12-27T13:03:14.799+0000] {processor.py:914} INFO - Processing file /opt/airflow/dags/fraud_detection_training_dag.py for tasks to queue
[2025-12-27T13:03:14.802+0000] {logging_mixin.py:190} INFO - [2025-12-27T13:03:14.802+0000] {dagbag.py:588} INFO - Filling up the DagBag from /opt/airflow/dags/fraud_detection_training_dag.py
[2025-12-27T13:03:14.813+0000] {processor.py:925} INFO - DAG(s) 'fraud_detection_training' retrieved from /opt/airflow/dags/fraud_detection_training_dag.py
[2025-12-27T13:03:14.849+0000] {logging_mixin.py:190} INFO - [2025-12-27T13:03:14.849+0000] {dag.py:3239} INFO - Sync 1 DAGs
[2025-12-27T13:03:14.874+0000] {logging_mixin.py:190} INFO - [2025-12-27T13:03:14.874+0000] {dag.py:4180} INFO - Setting next_dagrun for fraud_detection_training to 2025-12-26 03:00:00+00:00, run_after=2025-12-27 03:00:00+00:00
[2025-12-27T13:03:14.884+0000] {processor.py:208} INFO - Processing /opt/airflow/dags/fraud_detection_training_dag.py took 0.090 seconds
[2025-12-27T13:03:44.963+0000] {processor.py:186} INFO - Started process (PID=177) to work on /opt/airflow/dags/fraud_detection_training_dag.py
[2025-12-27T13:03:44.964+0000] {processor.py:914} INFO - Processing file /opt/airflow/dags/fraud_detection_training_dag.py for tasks to queue
[2025-12-27T13:03:44.966+0000] {logging_mixin.py:190} INFO - [2025-12-27T13:03:44.965+0000] {dagbag.py:588} INFO - Filling up the DagBag from /opt/airflow/dags/fraud_detection_training_dag.py
[2025-12-27T13:03:44.974+0000] {processor.py:925} INFO - DAG(s) 'fraud_detection_training' retrieved from /opt/airflow/dags/fraud_detection_training_dag.py
[2025-12-27T13:03:44.994+0000] {logging_mixin.py:190} INFO - [2025-12-27T13:03:44.993+0000] {dag.py:3239} INFO - Sync 1 DAGs
[2025-12-27T13:03:45.007+0000] {logging_mixin.py:190} INFO - [2025-12-27T13:03:45.007+0000] {dag.py:4180} INFO - Setting next_dagrun for fraud_detection_training to 2025-12-26 03:00:00+00:00, run_after=2025-12-27 03:00:00+00:00
[2025-12-27T13:03:45.016+0000] {processor.py:208} INFO - Processing /opt/airflow/dags/fraud_detection_training_dag.py took 0.057 seconds
[2025-12-27T13:04:15.112+0000] {processor.py:186} INFO - Started process (PID=184) to work on /opt/airflow/dags/fraud_detection_training_dag.py
[2025-12-27T13:04:15.112+0000] {processor.py:914} INFO - Processing file /opt/airflow/dags/fraud_detection_training_dag.py for tasks to queue
[2025-12-27T13:04:15.115+0000] {logging_mixin.py:190} INFO - [2025-12-27T13:04:15.114+0000] {dagbag.py:588} INFO - Filling up the DagBag from /opt/airflow/dags/fraud_detection_training_dag.py
[2025-12-27T13:04:15.131+0000] {processor.py:925} INFO - DAG(s) 'fraud_detection_training' retrieved from /opt/airflow/dags/fraud_detection_training_dag.py
[2025-12-27T13:04:15.150+0000] {logging_mixin.py:190} INFO - [2025-12-27T13:04:15.150+0000] {dag.py:3239} INFO - Sync 1 DAGs
[2025-12-27T13:04:15.169+0000] {logging_mixin.py:190} INFO - [2025-12-27T13:04:15.169+0000] {dag.py:4180} INFO - Setting next_dagrun for fraud_detection_training to 2025-12-26 03:00:00+00:00, run_after=2025-12-27 03:00:00+00:00
[2025-12-27T13:04:15.179+0000] {processor.py:208} INFO - Processing /opt/airflow/dags/fraud_detection_training_dag.py took 0.070 seconds
[2025-12-27T13:04:45.239+0000] {processor.py:186} INFO - Started process (PID=185) to work on /opt/airflow/dags/fraud_detection_training_dag.py
[2025-12-27T13:04:45.240+0000] {processor.py:914} INFO - Processing file /opt/airflow/dags/fraud_detection_training_dag.py for tasks to queue
[2025-12-27T13:04:45.242+0000] {logging_mixin.py:190} INFO - [2025-12-27T13:04:45.242+0000] {dagbag.py:588} INFO - Filling up the DagBag from /opt/airflow/dags/fraud_detection_training_dag.py
[2025-12-27T13:04:45.251+0000] {processor.py:925} INFO - DAG(s) 'fraud_detection_training' retrieved from /opt/airflow/dags/fraud_detection_training_dag.py
[2025-12-27T13:04:45.278+0000] {logging_mixin.py:190} INFO - [2025-12-27T13:04:45.277+0000] {dag.py:3239} INFO - Sync 1 DAGs
[2025-12-27T13:04:45.290+0000] {logging_mixin.py:190} INFO - [2025-12-27T13:04:45.290+0000] {dag.py:4180} INFO - Setting next_dagrun for fraud_detection_training to 2025-12-26 03:00:00+00:00, run_after=2025-12-27 03:00:00+00:00
[2025-12-27T13:04:45.299+0000] {processor.py:208} INFO - Processing /opt/airflow/dags/fraud_detection_training_dag.py took 0.064 seconds
[2025-12-27T13:05:15.422+0000] {processor.py:186} INFO - Started process (PID=192) to work on /opt/airflow/dags/fraud_detection_training_dag.py
[2025-12-27T13:05:15.423+0000] {processor.py:914} INFO - Processing file /opt/airflow/dags/fraud_detection_training_dag.py for tasks to queue
[2025-12-27T13:05:15.426+0000] {logging_mixin.py:190} INFO - [2025-12-27T13:05:15.426+0000] {dagbag.py:588} INFO - Filling up the DagBag from /opt/airflow/dags/fraud_detection_training_dag.py
[2025-12-27T13:05:15.441+0000] {processor.py:925} INFO - DAG(s) 'fraud_detection_training' retrieved from /opt/airflow/dags/fraud_detection_training_dag.py
[2025-12-27T13:05:15.464+0000] {logging_mixin.py:190} INFO - [2025-12-27T13:05:15.464+0000] {dag.py:3239} INFO - Sync 1 DAGs
[2025-12-27T13:05:15.491+0000] {logging_mixin.py:190} INFO - [2025-12-27T13:05:15.491+0000] {dag.py:4180} INFO - Setting next_dagrun for fraud_detection_training to 2025-12-26 03:00:00+00:00, run_after=2025-12-27 03:00:00+00:00
[2025-12-27T13:05:15.501+0000] {processor.py:208} INFO - Processing /opt/airflow/dags/fraud_detection_training_dag.py took 0.084 seconds
[2025-12-27T13:05:45.577+0000] {processor.py:186} INFO - Started process (PID=193) to work on /opt/airflow/dags/fraud_detection_training_dag.py
[2025-12-27T13:05:45.578+0000] {processor.py:914} INFO - Processing file /opt/airflow/dags/fraud_detection_training_dag.py for tasks to queue
[2025-12-27T13:05:45.581+0000] {logging_mixin.py:190} INFO - [2025-12-27T13:05:45.580+0000] {dagbag.py:588} INFO - Filling up the DagBag from /opt/airflow/dags/fraud_detection_training_dag.py
[2025-12-27T13:05:45.593+0000] {processor.py:925} INFO - DAG(s) 'fraud_detection_training' retrieved from /opt/airflow/dags/fraud_detection_training_dag.py
[2025-12-27T13:05:45.616+0000] {logging_mixin.py:190} INFO - [2025-12-27T13:05:45.616+0000] {dag.py:3239} INFO - Sync 1 DAGs
[2025-12-27T13:05:45.638+0000] {logging_mixin.py:190} INFO - [2025-12-27T13:05:45.638+0000] {dag.py:4180} INFO - Setting next_dagrun for fraud_detection_training to 2025-12-26 03:00:00+00:00, run_after=2025-12-27 03:00:00+00:00
[2025-12-27T13:05:45.649+0000] {processor.py:208} INFO - Processing /opt/airflow/dags/fraud_detection_training_dag.py took 0.077 seconds
[2025-12-27T13:06:15.716+0000] {processor.py:186} INFO - Started process (PID=200) to work on /opt/airflow/dags/fraud_detection_training_dag.py
[2025-12-27T13:06:15.717+0000] {processor.py:914} INFO - Processing file /opt/airflow/dags/fraud_detection_training_dag.py for tasks to queue
[2025-12-27T13:06:15.719+0000] {logging_mixin.py:190} INFO - [2025-12-27T13:06:15.719+0000] {dagbag.py:588} INFO - Filling up the DagBag from /opt/airflow/dags/fraud_detection_training_dag.py
[2025-12-27T13:06:15.729+0000] {processor.py:925} INFO - DAG(s) 'fraud_detection_training' retrieved from /opt/airflow/dags/fraud_detection_training_dag.py
[2025-12-27T13:06:15.748+0000] {logging_mixin.py:190} INFO - [2025-12-27T13:06:15.748+0000] {dag.py:3239} INFO - Sync 1 DAGs
[2025-12-27T13:06:15.762+0000] {logging_mixin.py:190} INFO - [2025-12-27T13:06:15.762+0000] {dag.py:4180} INFO - Setting next_dagrun for fraud_detection_training to 2025-12-26 03:00:00+00:00, run_after=2025-12-27 03:00:00+00:00
[2025-12-27T13:06:15.770+0000] {processor.py:208} INFO - Processing /opt/airflow/dags/fraud_detection_training_dag.py took 0.058 seconds
[2025-12-27T13:06:45.894+0000] {processor.py:186} INFO - Started process (PID=201) to work on /opt/airflow/dags/fraud_detection_training_dag.py
[2025-12-27T13:06:45.894+0000] {processor.py:914} INFO - Processing file /opt/airflow/dags/fraud_detection_training_dag.py for tasks to queue
[2025-12-27T13:06:45.895+0000] {logging_mixin.py:190} INFO - [2025-12-27T13:06:45.895+0000] {dagbag.py:588} INFO - Filling up the DagBag from /opt/airflow/dags/fraud_detection_training_dag.py
[2025-12-27T13:06:45.903+0000] {processor.py:925} INFO - DAG(s) 'fraud_detection_training' retrieved from /opt/airflow/dags/fraud_detection_training_dag.py
[2025-12-27T13:06:45.942+0000] {logging_mixin.py:190} INFO - [2025-12-27T13:06:45.942+0000] {dag.py:3239} INFO - Sync 1 DAGs
[2025-12-27T13:06:45.964+0000] {logging_mixin.py:190} INFO - [2025-12-27T13:06:45.964+0000] {dag.py:4180} INFO - Setting next_dagrun for fraud_detection_training to 2025-12-26 03:00:00+00:00, run_after=2025-12-27 03:00:00+00:00
[2025-12-27T13:06:45.980+0000] {processor.py:208} INFO - Processing /opt/airflow/dags/fraud_detection_training_dag.py took 0.090 seconds
[2025-12-27T13:07:16.019+0000] {processor.py:186} INFO - Started process (PID=208) to work on /opt/airflow/dags/fraud_detection_training_dag.py
[2025-12-27T13:07:16.019+0000] {processor.py:914} INFO - Processing file /opt/airflow/dags/fraud_detection_training_dag.py for tasks to queue
[2025-12-27T13:07:16.024+0000] {logging_mixin.py:190} INFO - [2025-12-27T13:07:16.024+0000] {dagbag.py:588} INFO - Filling up the DagBag from /opt/airflow/dags/fraud_detection_training_dag.py
[2025-12-27T13:07:16.038+0000] {processor.py:925} INFO - DAG(s) 'fraud_detection_training' retrieved from /opt/airflow/dags/fraud_detection_training_dag.py
[2025-12-27T13:07:16.065+0000] {logging_mixin.py:190} INFO - [2025-12-27T13:07:16.065+0000] {dag.py:3239} INFO - Sync 1 DAGs
[2025-12-27T13:07:16.083+0000] {logging_mixin.py:190} INFO - [2025-12-27T13:07:16.083+0000] {dag.py:4180} INFO - Setting next_dagrun for fraud_detection_training to 2025-12-26 03:00:00+00:00, run_after=2025-12-27 03:00:00+00:00
[2025-12-27T13:07:16.092+0000] {processor.py:208} INFO - Processing /opt/airflow/dags/fraud_detection_training_dag.py took 0.078 seconds
[2025-12-27T13:07:46.213+0000] {processor.py:186} INFO - Started process (PID=215) to work on /opt/airflow/dags/fraud_detection_training_dag.py
[2025-12-27T13:07:46.213+0000] {processor.py:914} INFO - Processing file /opt/airflow/dags/fraud_detection_training_dag.py for tasks to queue
[2025-12-27T13:07:46.214+0000] {logging_mixin.py:190} INFO - [2025-12-27T13:07:46.214+0000] {dagbag.py:588} INFO - Filling up the DagBag from /opt/airflow/dags/fraud_detection_training_dag.py
[2025-12-27T13:07:46.220+0000] {processor.py:925} INFO - DAG(s) 'fraud_detection_training' retrieved from /opt/airflow/dags/fraud_detection_training_dag.py
[2025-12-27T13:07:46.234+0000] {logging_mixin.py:190} INFO - [2025-12-27T13:07:46.234+0000] {dag.py:3239} INFO - Sync 1 DAGs
[2025-12-27T13:07:46.244+0000] {logging_mixin.py:190} INFO - [2025-12-27T13:07:46.244+0000] {dag.py:4180} INFO - Setting next_dagrun for fraud_detection_training to 2025-12-26 03:00:00+00:00, run_after=2025-12-27 03:00:00+00:00
[2025-12-27T13:07:46.253+0000] {processor.py:208} INFO - Processing /opt/airflow/dags/fraud_detection_training_dag.py took 0.043 seconds
[2025-12-27T13:08:16.352+0000] {processor.py:186} INFO - Started process (PID=216) to work on /opt/airflow/dags/fraud_detection_training_dag.py
[2025-12-27T13:08:16.353+0000] {processor.py:914} INFO - Processing file /opt/airflow/dags/fraud_detection_training_dag.py for tasks to queue
[2025-12-27T13:08:16.357+0000] {logging_mixin.py:190} INFO - [2025-12-27T13:08:16.357+0000] {dagbag.py:588} INFO - Filling up the DagBag from /opt/airflow/dags/fraud_detection_training_dag.py
[2025-12-27T13:08:16.375+0000] {processor.py:925} INFO - DAG(s) 'fraud_detection_training' retrieved from /opt/airflow/dags/fraud_detection_training_dag.py
[2025-12-27T13:08:16.404+0000] {logging_mixin.py:190} INFO - [2025-12-27T13:08:16.404+0000] {dag.py:3239} INFO - Sync 1 DAGs
[2025-12-27T13:08:16.422+0000] {logging_mixin.py:190} INFO - [2025-12-27T13:08:16.422+0000] {dag.py:4180} INFO - Setting next_dagrun for fraud_detection_training to 2025-12-26 03:00:00+00:00, run_after=2025-12-27 03:00:00+00:00
[2025-12-27T13:08:16.438+0000] {processor.py:208} INFO - Processing /opt/airflow/dags/fraud_detection_training_dag.py took 0.093 seconds
[2025-12-27T13:08:46.473+0000] {processor.py:186} INFO - Started process (PID=223) to work on /opt/airflow/dags/fraud_detection_training_dag.py
[2025-12-27T13:08:46.474+0000] {processor.py:914} INFO - Processing file /opt/airflow/dags/fraud_detection_training_dag.py for tasks to queue
[2025-12-27T13:08:46.475+0000] {logging_mixin.py:190} INFO - [2025-12-27T13:08:46.475+0000] {dagbag.py:588} INFO - Filling up the DagBag from /opt/airflow/dags/fraud_detection_training_dag.py
[2025-12-27T13:08:46.481+0000] {processor.py:925} INFO - DAG(s) 'fraud_detection_training' retrieved from /opt/airflow/dags/fraud_detection_training_dag.py
[2025-12-27T13:08:46.495+0000] {logging_mixin.py:190} INFO - [2025-12-27T13:08:46.495+0000] {dag.py:3239} INFO - Sync 1 DAGs
[2025-12-27T13:08:46.505+0000] {logging_mixin.py:190} INFO - [2025-12-27T13:08:46.505+0000] {dag.py:4180} INFO - Setting next_dagrun for fraud_detection_training to 2025-12-26 03:00:00+00:00, run_after=2025-12-27 03:00:00+00:00
[2025-12-27T13:08:46.513+0000] {processor.py:208} INFO - Processing /opt/airflow/dags/fraud_detection_training_dag.py took 0.042 seconds
[2025-12-27T13:09:16.584+0000] {processor.py:186} INFO - Started process (PID=224) to work on /opt/airflow/dags/fraud_detection_training_dag.py
[2025-12-27T13:09:16.585+0000] {processor.py:914} INFO - Processing file /opt/airflow/dags/fraud_detection_training_dag.py for tasks to queue
[2025-12-27T13:09:16.587+0000] {logging_mixin.py:190} INFO - [2025-12-27T13:09:16.586+0000] {dagbag.py:588} INFO - Filling up the DagBag from /opt/airflow/dags/fraud_detection_training_dag.py
[2025-12-27T13:09:16.595+0000] {processor.py:925} INFO - DAG(s) 'fraud_detection_training' retrieved from /opt/airflow/dags/fraud_detection_training_dag.py
[2025-12-27T13:09:16.611+0000] {logging_mixin.py:190} INFO - [2025-12-27T13:09:16.610+0000] {dag.py:3239} INFO - Sync 1 DAGs
[2025-12-27T13:09:16.623+0000] {logging_mixin.py:190} INFO - [2025-12-27T13:09:16.623+0000] {dag.py:4180} INFO - Setting next_dagrun for fraud_detection_training to 2025-12-26 03:00:00+00:00, run_after=2025-12-27 03:00:00+00:00
[2025-12-27T13:09:16.631+0000] {processor.py:208} INFO - Processing /opt/airflow/dags/fraud_detection_training_dag.py took 0.050 seconds
[2025-12-27T13:09:46.733+0000] {processor.py:186} INFO - Started process (PID=231) to work on /opt/airflow/dags/fraud_detection_training_dag.py
[2025-12-27T13:09:46.734+0000] {processor.py:914} INFO - Processing file /opt/airflow/dags/fraud_detection_training_dag.py for tasks to queue
[2025-12-27T13:09:46.736+0000] {logging_mixin.py:190} INFO - [2025-12-27T13:09:46.736+0000] {dagbag.py:588} INFO - Filling up the DagBag from /opt/airflow/dags/fraud_detection_training_dag.py
[2025-12-27T13:09:46.746+0000] {processor.py:925} INFO - DAG(s) 'fraud_detection_training' retrieved from /opt/airflow/dags/fraud_detection_training_dag.py
[2025-12-27T13:09:46.766+0000] {logging_mixin.py:190} INFO - [2025-12-27T13:09:46.766+0000] {dag.py:3239} INFO - Sync 1 DAGs
[2025-12-27T13:09:46.781+0000] {logging_mixin.py:190} INFO - [2025-12-27T13:09:46.781+0000] {dag.py:4180} INFO - Setting next_dagrun for fraud_detection_training to 2025-12-26 03:00:00+00:00, run_after=2025-12-27 03:00:00+00:00
[2025-12-27T13:09:46.791+0000] {processor.py:208} INFO - Processing /opt/airflow/dags/fraud_detection_training_dag.py took 0.062 seconds
[2025-12-27T13:10:16.882+0000] {processor.py:186} INFO - Started process (PID=232) to work on /opt/airflow/dags/fraud_detection_training_dag.py
[2025-12-27T13:10:16.883+0000] {processor.py:914} INFO - Processing file /opt/airflow/dags/fraud_detection_training_dag.py for tasks to queue
[2025-12-27T13:10:16.884+0000] {logging_mixin.py:190} INFO - [2025-12-27T13:10:16.884+0000] {dagbag.py:588} INFO - Filling up the DagBag from /opt/airflow/dags/fraud_detection_training_dag.py
[2025-12-27T13:10:16.893+0000] {processor.py:925} INFO - DAG(s) 'fraud_detection_training' retrieved from /opt/airflow/dags/fraud_detection_training_dag.py
[2025-12-27T13:10:16.911+0000] {logging_mixin.py:190} INFO - [2025-12-27T13:10:16.911+0000] {dag.py:3239} INFO - Sync 1 DAGs
[2025-12-27T13:10:16.925+0000] {logging_mixin.py:190} INFO - [2025-12-27T13:10:16.925+0000] {dag.py:4180} INFO - Setting next_dagrun for fraud_detection_training to 2025-12-26 03:00:00+00:00, run_after=2025-12-27 03:00:00+00:00
[2025-12-27T13:10:16.933+0000] {processor.py:208} INFO - Processing /opt/airflow/dags/fraud_detection_training_dag.py took 0.056 seconds
[2025-12-27T13:10:47.066+0000] {processor.py:186} INFO - Started process (PID=239) to work on /opt/airflow/dags/fraud_detection_training_dag.py
[2025-12-27T13:10:47.066+0000] {processor.py:914} INFO - Processing file /opt/airflow/dags/fraud_detection_training_dag.py for tasks to queue
[2025-12-27T13:10:47.069+0000] {logging_mixin.py:190} INFO - [2025-12-27T13:10:47.068+0000] {dagbag.py:588} INFO - Filling up the DagBag from /opt/airflow/dags/fraud_detection_training_dag.py
[2025-12-27T13:10:47.079+0000] {processor.py:925} INFO - DAG(s) 'fraud_detection_training' retrieved from /opt/airflow/dags/fraud_detection_training_dag.py
[2025-12-27T13:10:47.105+0000] {logging_mixin.py:190} INFO - [2025-12-27T13:10:47.105+0000] {dag.py:3239} INFO - Sync 1 DAGs
[2025-12-27T13:10:47.124+0000] {logging_mixin.py:190} INFO - [2025-12-27T13:10:47.123+0000] {dag.py:4180} INFO - Setting next_dagrun for fraud_detection_training to 2025-12-26 03:00:00+00:00, run_after=2025-12-27 03:00:00+00:00
[2025-12-27T13:10:47.133+0000] {processor.py:208} INFO - Processing /opt/airflow/dags/fraud_detection_training_dag.py took 0.072 seconds
[2025-12-27T13:11:17.195+0000] {processor.py:186} INFO - Started process (PID=240) to work on /opt/airflow/dags/fraud_detection_training_dag.py
[2025-12-27T13:11:17.196+0000] {processor.py:914} INFO - Processing file /opt/airflow/dags/fraud_detection_training_dag.py for tasks to queue
[2025-12-27T13:11:17.197+0000] {logging_mixin.py:190} INFO - [2025-12-27T13:11:17.197+0000] {dagbag.py:588} INFO - Filling up the DagBag from /opt/airflow/dags/fraud_detection_training_dag.py
[2025-12-27T13:11:17.205+0000] {processor.py:925} INFO - DAG(s) 'fraud_detection_training' retrieved from /opt/airflow/dags/fraud_detection_training_dag.py
[2025-12-27T13:11:17.223+0000] {logging_mixin.py:190} INFO - [2025-12-27T13:11:17.223+0000] {dag.py:3239} INFO - Sync 1 DAGs
[2025-12-27T13:11:17.235+0000] {logging_mixin.py:190} INFO - [2025-12-27T13:11:17.235+0000] {dag.py:4180} INFO - Setting next_dagrun for fraud_detection_training to 2025-12-26 03:00:00+00:00, run_after=2025-12-27 03:00:00+00:00
[2025-12-27T13:11:17.243+0000] {processor.py:208} INFO - Processing /opt/airflow/dags/fraud_detection_training_dag.py took 0.051 seconds
[2025-12-27T13:11:47.366+0000] {processor.py:186} INFO - Started process (PID=247) to work on /opt/airflow/dags/fraud_detection_training_dag.py
[2025-12-27T13:11:47.366+0000] {processor.py:914} INFO - Processing file /opt/airflow/dags/fraud_detection_training_dag.py for tasks to queue
[2025-12-27T13:11:47.369+0000] {logging_mixin.py:190} INFO - [2025-12-27T13:11:47.368+0000] {dagbag.py:588} INFO - Filling up the DagBag from /opt/airflow/dags/fraud_detection_training_dag.py
[2025-12-27T13:11:47.378+0000] {processor.py:925} INFO - DAG(s) 'fraud_detection_training' retrieved from /opt/airflow/dags/fraud_detection_training_dag.py
[2025-12-27T13:11:47.396+0000] {logging_mixin.py:190} INFO - [2025-12-27T13:11:47.396+0000] {dag.py:3239} INFO - Sync 1 DAGs
[2025-12-27T13:11:47.411+0000] {logging_mixin.py:190} INFO - [2025-12-27T13:11:47.410+0000] {dag.py:4180} INFO - Setting next_dagrun for fraud_detection_training to 2025-12-26 03:00:00+00:00, run_after=2025-12-27 03:00:00+00:00
[2025-12-27T13:11:47.418+0000] {processor.py:208} INFO - Processing /opt/airflow/dags/fraud_detection_training_dag.py took 0.056 seconds
[2025-12-27T13:12:17.519+0000] {processor.py:186} INFO - Started process (PID=248) to work on /opt/airflow/dags/fraud_detection_training_dag.py
[2025-12-27T13:12:17.521+0000] {processor.py:914} INFO - Processing file /opt/airflow/dags/fraud_detection_training_dag.py for tasks to queue
[2025-12-27T13:12:17.524+0000] {logging_mixin.py:190} INFO - [2025-12-27T13:12:17.524+0000] {dagbag.py:588} INFO - Filling up the DagBag from /opt/airflow/dags/fraud_detection_training_dag.py
[2025-12-27T13:12:17.538+0000] {processor.py:925} INFO - DAG(s) 'fraud_detection_training' retrieved from /opt/airflow/dags/fraud_detection_training_dag.py
[2025-12-27T13:12:17.574+0000] {logging_mixin.py:190} INFO - [2025-12-27T13:12:17.573+0000] {dag.py:3239} INFO - Sync 1 DAGs
[2025-12-27T13:12:17.599+0000] {logging_mixin.py:190} INFO - [2025-12-27T13:12:17.599+0000] {dag.py:4180} INFO - Setting next_dagrun for fraud_detection_training to 2025-12-26 03:00:00+00:00, run_after=2025-12-27 03:00:00+00:00
[2025-12-27T13:12:17.619+0000] {processor.py:208} INFO - Processing /opt/airflow/dags/fraud_detection_training_dag.py took 0.107 seconds
[2025-12-27T13:12:47.678+0000] {processor.py:186} INFO - Started process (PID=255) to work on /opt/airflow/dags/fraud_detection_training_dag.py
[2025-12-27T13:12:47.678+0000] {processor.py:914} INFO - Processing file /opt/airflow/dags/fraud_detection_training_dag.py for tasks to queue
[2025-12-27T13:12:47.681+0000] {logging_mixin.py:190} INFO - [2025-12-27T13:12:47.681+0000] {dagbag.py:588} INFO - Filling up the DagBag from /opt/airflow/dags/fraud_detection_training_dag.py
[2025-12-27T13:12:47.691+0000] {processor.py:925} INFO - DAG(s) 'fraud_detection_training' retrieved from /opt/airflow/dags/fraud_detection_training_dag.py
[2025-12-27T13:12:47.719+0000] {logging_mixin.py:190} INFO - [2025-12-27T13:12:47.719+0000] {dag.py:3239} INFO - Sync 1 DAGs
[2025-12-27T13:12:47.743+0000] {logging_mixin.py:190} INFO - [2025-12-27T13:12:47.742+0000] {dag.py:4180} INFO - Setting next_dagrun for fraud_detection_training to 2025-12-26 03:00:00+00:00, run_after=2025-12-27 03:00:00+00:00
[2025-12-27T13:12:47.754+0000] {processor.py:208} INFO - Processing /opt/airflow/dags/fraud_detection_training_dag.py took 0.081 seconds
[2025-12-27T13:13:17.846+0000] {processor.py:186} INFO - Started process (PID=256) to work on /opt/airflow/dags/fraud_detection_training_dag.py
[2025-12-27T13:13:17.847+0000] {processor.py:914} INFO - Processing file /opt/airflow/dags/fraud_detection_training_dag.py for tasks to queue
[2025-12-27T13:13:17.849+0000] {logging_mixin.py:190} INFO - [2025-12-27T13:13:17.848+0000] {dagbag.py:588} INFO - Filling up the DagBag from /opt/airflow/dags/fraud_detection_training_dag.py
[2025-12-27T13:13:17.856+0000] {processor.py:925} INFO - DAG(s) 'fraud_detection_training' retrieved from /opt/airflow/dags/fraud_detection_training_dag.py
[2025-12-27T13:13:17.872+0000] {logging_mixin.py:190} INFO - [2025-12-27T13:13:17.871+0000] {dag.py:3239} INFO - Sync 1 DAGs
[2025-12-27T13:13:17.884+0000] {logging_mixin.py:190} INFO - [2025-12-27T13:13:17.884+0000] {dag.py:4180} INFO - Setting next_dagrun for fraud_detection_training to 2025-12-26 03:00:00+00:00, run_after=2025-12-27 03:00:00+00:00
[2025-12-27T13:13:17.892+0000] {processor.py:208} INFO - Processing /opt/airflow/dags/fraud_detection_training_dag.py took 0.050 seconds
[2025-12-27T13:13:47.985+0000] {processor.py:186} INFO - Started process (PID=263) to work on /opt/airflow/dags/fraud_detection_training_dag.py
[2025-12-27T13:13:47.986+0000] {processor.py:914} INFO - Processing file /opt/airflow/dags/fraud_detection_training_dag.py for tasks to queue
[2025-12-27T13:13:47.988+0000] {logging_mixin.py:190} INFO - [2025-12-27T13:13:47.988+0000] {dagbag.py:588} INFO - Filling up the DagBag from /opt/airflow/dags/fraud_detection_training_dag.py
[2025-12-27T13:13:48.006+0000] {processor.py:925} INFO - DAG(s) 'fraud_detection_training' retrieved from /opt/airflow/dags/fraud_detection_training_dag.py
[2025-12-27T13:13:48.029+0000] {logging_mixin.py:190} INFO - [2025-12-27T13:13:48.029+0000] {dag.py:3239} INFO - Sync 1 DAGs
[2025-12-27T13:13:48.044+0000] {logging_mixin.py:190} INFO - [2025-12-27T13:13:48.044+0000] {dag.py:4180} INFO - Setting next_dagrun for fraud_detection_training to 2025-12-26 03:00:00+00:00, run_after=2025-12-27 03:00:00+00:00
[2025-12-27T13:13:48.053+0000] {processor.py:208} INFO - Processing /opt/airflow/dags/fraud_detection_training_dag.py took 0.072 seconds
[2025-12-27T13:14:18.143+0000] {processor.py:186} INFO - Started process (PID=264) to work on /opt/airflow/dags/fraud_detection_training_dag.py
[2025-12-27T13:14:18.144+0000] {processor.py:914} INFO - Processing file /opt/airflow/dags/fraud_detection_training_dag.py for tasks to queue
[2025-12-27T13:14:18.146+0000] {logging_mixin.py:190} INFO - [2025-12-27T13:14:18.146+0000] {dagbag.py:588} INFO - Filling up the DagBag from /opt/airflow/dags/fraud_detection_training_dag.py
[2025-12-27T13:14:18.155+0000] {processor.py:925} INFO - DAG(s) 'fraud_detection_training' retrieved from /opt/airflow/dags/fraud_detection_training_dag.py
[2025-12-27T13:14:18.174+0000] {logging_mixin.py:190} INFO - [2025-12-27T13:14:18.174+0000] {dag.py:3239} INFO - Sync 1 DAGs
[2025-12-27T13:14:18.185+0000] {logging_mixin.py:190} INFO - [2025-12-27T13:14:18.185+0000] {dag.py:4180} INFO - Setting next_dagrun for fraud_detection_training to 2025-12-26 03:00:00+00:00, run_after=2025-12-27 03:00:00+00:00
[2025-12-27T13:14:18.192+0000] {processor.py:208} INFO - Processing /opt/airflow/dags/fraud_detection_training_dag.py took 0.053 seconds
[2025-12-27T13:14:48.265+0000] {processor.py:186} INFO - Started process (PID=271) to work on /opt/airflow/dags/fraud_detection_training_dag.py
[2025-12-27T13:14:48.266+0000] {processor.py:914} INFO - Processing file /opt/airflow/dags/fraud_detection_training_dag.py for tasks to queue
[2025-12-27T13:14:48.267+0000] {logging_mixin.py:190} INFO - [2025-12-27T13:14:48.267+0000] {dagbag.py:588} INFO - Filling up the DagBag from /opt/airflow/dags/fraud_detection_training_dag.py
[2025-12-27T13:14:48.273+0000] {processor.py:925} INFO - DAG(s) 'fraud_detection_training' retrieved from /opt/airflow/dags/fraud_detection_training_dag.py
[2025-12-27T13:14:48.286+0000] {logging_mixin.py:190} INFO - [2025-12-27T13:14:48.286+0000] {dag.py:3239} INFO - Sync 1 DAGs
[2025-12-27T13:14:48.299+0000] {logging_mixin.py:190} INFO - [2025-12-27T13:14:48.299+0000] {dag.py:4180} INFO - Setting next_dagrun for fraud_detection_training to 2025-12-26 03:00:00+00:00, run_after=2025-12-27 03:00:00+00:00
[2025-12-27T13:14:48.307+0000] {processor.py:208} INFO - Processing /opt/airflow/dags/fraud_detection_training_dag.py took 0.044 seconds
[2025-12-27T13:15:18.413+0000] {processor.py:186} INFO - Started process (PID=272) to work on /opt/airflow/dags/fraud_detection_training_dag.py
[2025-12-27T13:15:18.414+0000] {processor.py:914} INFO - Processing file /opt/airflow/dags/fraud_detection_training_dag.py for tasks to queue
[2025-12-27T13:15:18.416+0000] {logging_mixin.py:190} INFO - [2025-12-27T13:15:18.416+0000] {dagbag.py:588} INFO - Filling up the DagBag from /opt/airflow/dags/fraud_detection_training_dag.py
[2025-12-27T13:15:18.425+0000] {processor.py:925} INFO - DAG(s) 'fraud_detection_training' retrieved from /opt/airflow/dags/fraud_detection_training_dag.py
[2025-12-27T13:15:18.444+0000] {logging_mixin.py:190} INFO - [2025-12-27T13:15:18.444+0000] {dag.py:3239} INFO - Sync 1 DAGs
[2025-12-27T13:15:18.458+0000] {logging_mixin.py:190} INFO - [2025-12-27T13:15:18.458+0000] {dag.py:4180} INFO - Setting next_dagrun for fraud_detection_training to 2025-12-26 03:00:00+00:00, run_after=2025-12-27 03:00:00+00:00
[2025-12-27T13:15:18.448+0000] {processor.py:208} INFO - Processing /opt/airflow/dags/fraud_detection_training_dag.py took 0.058 seconds
[2025-12-27T13:15:48.532+0000] {processor.py:186} INFO - Started process (PID=279) to work on /opt/airflow/dags/fraud_detection_training_dag.py
[2025-12-27T13:15:48.534+0000] {processor.py:914} INFO - Processing file /opt/airflow/dags/fraud_detection_training_dag.py for tasks to queue
[2025-12-27T13:15:48.542+0000] {logging_mixin.py:190} INFO - [2025-12-27T13:15:48.542+0000] {dagbag.py:588} INFO - Filling up the DagBag from /opt/airflow/dags/fraud_detection_training_dag.py
[2025-12-27T13:15:48.561+0000] {processor.py:925} INFO - DAG(s) 'fraud_detection_training' retrieved from /opt/airflow/dags/fraud_detection_training_dag.py
[2025-12-27T13:15:48.604+0000] {logging_mixin.py:190} INFO - [2025-12-27T13:15:48.603+0000] {dag.py:3239} INFO - Sync 1 DAGs
[2025-12-27T13:15:48.625+0000] {logging_mixin.py:190} INFO - [2025-12-27T13:15:48.625+0000] {dag.py:4180} INFO - Setting next_dagrun for fraud_detection_training to 2025-12-26 03:00:00+00:00, run_after=2025-12-27 03:00:00+00:00
[2025-12-27T13:15:48.649+0000] {processor.py:208} INFO - Processing /opt/airflow/dags/fraud_detection_training_dag.py took 0.123 seconds
[2025-12-27T13:16:18.678+0000] {processor.py:186} INFO - Started process (PID=280) to work on /opt/airflow/dags/fraud_detection_training_dag.py
[2025-12-27T13:16:18.679+0000] {processor.py:914} INFO - Processing file /opt/airflow/dags/fraud_detection_training_dag.py for tasks to queue
[2025-12-27T13:16:18.681+0000] {logging_mixin.py:190} INFO - [2025-12-27T13:16:18.681+0000] {dagbag.py:588} INFO - Filling up the DagBag from /opt/airflow/dags/fraud_detection_training_dag.py
[2025-12-27T13:16:18.690+0000] {processor.py:925} INFO - DAG(s) 'fraud_detection_training' retrieved from /opt/airflow/dags/fraud_detection_training_dag.py
[2025-12-27T13:16:18.710+0000] {logging_mixin.py:190} INFO - [2025-12-27T13:16:18.709+0000] {dag.py:3239} INFO - Sync 1 DAGs
[2025-12-27T13:16:18.723+0000] {logging_mixin.py:190} INFO - [2025-12-27T13:16:18.723+0000] {dag.py:4180} INFO - Setting next_dagrun for fraud_detection_training to 2025-12-26 03:00:00+00:00, run_after=2025-12-27 03:00:00+00:00
[2025-12-27T13:16:18.731+0000] {processor.py:208} INFO - Processing /opt/airflow/dags/fraud_detection_training_dag.py took 0.057 seconds
[2025-12-27T13:16:48.870+0000] {processor.py:186} INFO - Started process (PID=287) to work on /opt/airflow/dags/fraud_detection_training_dag.py
[2025-12-27T13:16:48.871+0000] {processor.py:914} INFO - Processing file /opt/airflow/dags/fraud_detection_training_dag.py for tasks to queue
[2025-12-27T13:16:48.874+0000] {logging_mixin.py:190} INFO - [2025-12-27T13:16:48.873+0000] {dagbag.py:588} INFO - Filling up the DagBag from /opt/airflow/dags/fraud_detection_training_dag.py
[2025-12-27T13:16:48.893+0000] {processor.py:925} INFO - DAG(s) 'fraud_detection_training' retrieved from /opt/airflow/dags/fraud_detection_training_dag.py
[2025-12-27T13:16:48.921+0000] {logging_mixin.py:190} INFO - [2025-12-27T13:16:48.921+0000] {dag.py:3239} INFO - Sync 1 DAGs
[2025-12-27T13:16:48.937+0000] {logging_mixin.py:190} INFO - [2025-12-27T13:16:48.937+0000] {dag.py:4180} INFO - Setting next_dagrun for fraud_detection_training to 2025-12-26 03:00:00+00:00, run_after=2025-12-27 03:00:00+00:00
[2025-12-27T13:16:48.952+0000] {processor.py:208} INFO - Processing /opt/airflow/dags/fraud_detection_training_dag.py took 0.087 seconds
[2025-12-27T13:17:18.995+0000] {processor.py:186} INFO - Started process (PID=288) to work on /opt/airflow/dags/fraud_detection_training_dag.py
[2025-12-27T13:17:18.995+0000] {processor.py:914} INFO - Processing file /opt/airflow/dags/fraud_detection_training_dag.py for tasks to queue
[2025-12-27T13:17:18.997+0000] {logging_mixin.py:190} INFO - [2025-12-27T13:17:18.997+0000] {dagbag.py:588} INFO - Filling up the DagBag from /opt/airflow/dags/fraud_detection_training_dag.py
[2025-12-27T13:17:19.005+0000] {processor.py:925} INFO - DAG(s) 'fraud_detection_training' retrieved from /opt/airflow/dags/fraud_detection_training_dag.py
[2025-12-27T13:17:19.024+0000] {logging_mixin.py:190} INFO - [2025-12-27T13:17:19.023+0000] {dag.py:3239} INFO - Sync 1 DAGs
[2025-12-27T13:17:19.039+0000] {logging_mixin.py:190} INFO - [2025-12-27T13:17:19.039+0000] {dag.py:4180} INFO - Setting next_dagrun for fraud_detection_training to 2025-12-26 03:00:00+00:00, run_after=2025-12-27 03:00:00+00:00
[2025-12-27T13:17:19.051+0000] {processor.py:208} INFO - Processing /opt/airflow/dags/fraud_detection_training_dag.py took 0.061 seconds
[2025-12-27T13:17:49.183+0000] {processor.py:186} INFO - Started process (PID=295) to work on /opt/airflow/dags/fraud_detection_training_dag.py
[2025-12-27T13:17:49.183+0000] {processor.py:914} INFO - Processing file /opt/airflow/dags/fraud_detection_training_dag.py for tasks to queue
[2025-12-27T13:17:49.185+0000] {logging_mixin.py:190} INFO - [2025-12-27T13:17:49.185+0000] {dagbag.py:588} INFO - Filling up the DagBag from /opt/airflow/dags/fraud_detection_training_dag.py
[2025-12-27T13:17:49.197+0000] {processor.py:925} INFO - DAG(s) 'fraud_detection_training' retrieved from /opt/airflow/dags/fraud_detection_training_dag.py
[2025-12-27T13:17:49.217+0000] {logging_mixin.py:190} INFO - [2025-12-27T13:17:49.217+0000] {dag.py:3239} INFO - Sync 1 DAGs
[2025-12-27T13:17:49.233+0000] {logging_mixin.py:190} INFO - [2025-12-27T13:17:49.233+0000] {dag.py:4180} INFO - Setting next_dagrun for fraud_detection_training to 2025-12-26 03:00:00+00:00, run_after=2025-12-27 03:00:00+00:00
[2025-12-27T13:17:49.243+0000] {processor.py:208} INFO - Processing /opt/airflow/dags/fraud_detection_training_dag.py took 0.064 seconds
[2025-12-27T13:18:19.308+0000] {processor.py:186} INFO - Started process (PID=296) to work on /opt/airflow/dags/fraud_detection_training_dag.py
[2025-12-27T13:18:19.309+0000] {processor.py:914} INFO - Processing file /opt/airflow/dags/fraud_detection_training_dag.py for tasks to queue
[2025-12-27T13:18:19.313+0000] {logging_mixin.py:190} INFO - [2025-12-27T13:18:19.312+0000] {dagbag.py:588} INFO - Filling up the DagBag from /opt/airflow/dags/fraud_detection_training_dag.py
[2025-12-27T13:18:19.328+0000] {processor.py:925} INFO - DAG(s) 'fraud_detection_training' retrieved from /opt/airflow/dags/fraud_detection_training_dag.py
[2025-12-27T13:18:19.356+0000] {logging_mixin.py:190} INFO - [2025-12-27T13:18:19.356+0000] {dag.py:3239} INFO - Sync 1 DAGs
[2025-12-27T13:18:19.377+0000] {logging_mixin.py:190} INFO - [2025-12-27T13:18:19.376+0000] {dag.py:4180} INFO - Setting next_dagrun for fraud_detection_training to 2025-12-26 03:00:00+00:00, run_after=2025-12-27 03:00:00+00:00
[2025-12-27T13:18:19.389+0000] {processor.py:208} INFO - Processing /opt/airflow/dags/fraud_detection_training_dag.py took 0.086 seconds
[2025-12-27T13:18:49.479+0000] {processor.py:186} INFO - Started process (PID=303) to work on /opt/airflow/dags/fraud_detection_training_dag.py
[2025-12-27T13:18:49.480+0000] {processor.py:914} INFO - Processing file /opt/airflow/dags/fraud_detection_training_dag.py for tasks to queue
[2025-12-27T13:18:49.483+0000] {logging_mixin.py:190} INFO - [2025-12-27T13:18:49.482+0000] {dagbag.py:588} INFO - Filling up the DagBag from /opt/airflow/dags/fraud_detection_training_dag.py
[2025-12-27T13:18:49.497+0000] {processor.py:925} INFO - DAG(s) 'fraud_detection_training' retrieved from /opt/airflow/dags/fraud_detection_training_dag.py
[2025-12-27T13:18:49.521+0000] {logging_mixin.py:190} INFO - [2025-12-27T13:18:49.521+0000] {dag.py:3239} INFO - Sync 1 DAGs
[2025-12-27T13:18:49.538+0000] {logging_mixin.py:190} INFO - [2025-12-27T13:18:49.538+0000] {dag.py:4180} INFO - Setting next_dagrun for fraud_detection_training to 2025-12-26 03:00:00+00:00, run_after=2025-12-27 03:00:00+00:00
[2025-12-27T13:18:49.547+0000] {processor.py:208} INFO - Processing /opt/airflow/dags/fraud_detection_training_dag.py took 0.073 seconds
[2025-12-27T13:19:19.624+0000] {processor.py:186} INFO - Started process (PID=304) to work on /opt/airflow/dags/fraud_detection_training_dag.py
[2025-12-27T13:19:19.625+0000] {processor.py:914} INFO - Processing file /opt/airflow/dags/fraud_detection_training_dag.py for tasks to queue
[2025-12-27T13:19:19.629+0000] {logging_mixin.py:190} INFO - [2025-12-27T13:19:19.628+0000] {dagbag.py:588} INFO - Filling up the DagBag from /opt/airflow/dags/fraud_detection_training_dag.py
[2025-12-27T13:19:19.643+0000] {processor.py:925} INFO - DAG(s) 'fraud_detection_training' retrieved from /opt/airflow/dags/fraud_detection_training_dag.py
[2025-12-27T13:19:19.669+0000] {logging_mixin.py:190} INFO - [2025-12-27T13:19:19.669+0000] {dag.py:3239} INFO - Sync 1 DAGs
[2025-12-27T13:19:19.689+0000] {logging_mixin.py:190} INFO - [2025-12-27T13:19:19.689+0000] {dag.py:4180} INFO - Setting next_dagrun for fraud_detection_training to 2025-12-26 03:00:00+00:00, run_after=2025-12-27 03:00:00+00:00
[2025-12-27T13:19:19.700+0000] {processor.py:208} INFO - Processing /opt/airflow/dags/fraud_detection_training_dag.py took 0.083 seconds
[2025-12-27T13:19:49.839+0000] {processor.py:186} INFO - Started process (PID=311) to work on /opt/airflow/dags/fraud_detection_training_dag.py
[2025-12-27T13:19:49.840+0000] {processor.py:914} INFO - Processing file /opt/airflow/dags/fraud_detection_training_dag.py for tasks to queue
[2025-12-27T13:19:49.843+0000] {logging_mixin.py:190} INFO - [2025-12-27T13:19:49.842+0000] {dagbag.py:588} INFO - Filling up the DagBag from /opt/airflow/dags/fraud_detection_training_dag.py
[2025-12-27T13:19:49.854+0000] {processor.py:925} INFO - DAG(s) 'fraud_detection_training' retrieved from /opt/airflow/dags/fraud_detection_training_dag.py
[2025-12-27T13:19:49.878+0000] {logging_mixin.py:190} INFO - [2025-12-27T13:19:49.878+0000] {dag.py:3239} INFO - Sync 1 DAGs
[2025-12-27T13:19:49.895+0000] {logging_mixin.py:190} INFO - [2025-12-27T13:19:49.895+0000] {dag.py:4180} INFO - Setting next_dagrun for fraud_detection_training to 2025-12-26 03:00:00+00:00, run_after=2025-12-27 03:00:00+00:00
[2025-12-27T13:19:49.909+0000] {processor.py:208} INFO - Processing /opt/airflow/dags/fraud_detection_training_dag.py took 0.077 seconds
[2025-12-27T13:20:19.965+0000] {processor.py:186} INFO - Started process (PID=312) to work on /opt/airflow/dags/fraud_detection_training_dag.py
[2025-12-27T13:20:19.966+0000] {processor.py:914} INFO - Processing file /opt/airflow/dags/fraud_detection_training_dag.py for tasks to queue
[2025-12-27T13:20:19.969+0000] {logging_mixin.py:190} INFO - [2025-12-27T13:20:19.969+0000] {dagbag.py:588} INFO - Filling up the DagBag from /opt/airflow/dags/fraud_detection_training_dag.py
[2025-12-27T13:20:19.983+0000] {processor.py:925} INFO - DAG(s) 'fraud_detection_training' retrieved from /opt/airflow/dags/fraud_detection_training_dag.py
[2025-12-27T13:20:20.019+0000] {logging_mixin.py:190} INFO - [2025-12-27T13:20:20.018+0000] {dag.py:3239} INFO - Sync 1 DAGs
[2025-12-27T13:20:20.040+0000] {logging_mixin.py:190} INFO - [2025-12-27T13:20:20.040+0000] {dag.py:4180} INFO - Setting next_dagrun for fraud_detection_training to 2025-12-26 03:00:00+00:00, run_after=2025-12-27 03:00:00+00:00
[2025-12-27T13:20:20.054+0000] {processor.py:208} INFO - Processing /opt/airflow/dags/fraud_detection_training_dag.py took 0.094 seconds
[2025-12-27T13:20:50.143+0000] {processor.py:186} INFO - Started process (PID=319) to work on /opt/airflow/dags/fraud_detection_training_dag.py
[2025-12-27T13:20:50.144+0000] {processor.py:914} INFO - Processing file /opt/airflow/dags/fraud_detection_training_dag.py for tasks to queue
[2025-12-27T13:20:50.147+0000] {logging_mixin.py:190} INFO - [2025-12-27T13:20:50.147+0000] {dagbag.py:588} INFO - Filling up the DagBag from /opt/airflow/dags/fraud_detection_training_dag.py
[2025-12-27T13:20:50.161+0000] {processor.py:925} INFO - DAG(s) 'fraud_detection_training' retrieved from /opt/airflow/dags/fraud_detection_training_dag.py
[2025-12-27T13:20:50.181+0000] {logging_mixin.py:190} INFO - [2025-12-27T13:20:50.181+0000] {dag.py:3239} INFO - Sync 1 DAGs
[2025-12-27T13:20:50.199+0000] {logging_mixin.py:190} INFO - [2025-12-27T13:20:50.198+0000] {dag.py:4180} INFO - Setting next_dagrun for fraud_detection_training to 2025-12-26 03:00:00+00:00, run_after=2025-12-27 03:00:00+00:00
[2025-12-27T13:20:50.215+0000] {processor.py:208} INFO - Processing /opt/airflow/dags/fraud_detection_training_dag.py took 0.078 seconds
[2025-12-27T13:21:20.291+0000] {processor.py:186} INFO - Started process (PID=320) to work on /opt/airflow/dags/fraud_detection_training_dag.py
[2025-12-27T13:21:20.292+0000] {processor.py:914} INFO - Processing file /opt/airflow/dags/fraud_detection_training_dag.py for tasks to queue
[2025-12-27T13:21:20.296+0000] {logging_mixin.py:190} INFO - [2025-12-27T13:21:20.295+0000] {dagbag.py:588} INFO - Filling up the DagBag from /opt/airflow/dags/fraud_detection_training_dag.py
[2025-12-27T13:21:20.315+0000] {processor.py:925} INFO - DAG(s) 'fraud_detection_training' retrieved from /opt/airflow/dags/fraud_detection_training_dag.py
[2025-12-27T13:21:20.348+0000] {logging_mixin.py:190} INFO - [2025-12-27T13:21:20.348+0000] {dag.py:3239} INFO - Sync 1 DAGs
[2025-12-27T13:21:20.364+0000] {logging_mixin.py:190} INFO - [2025-12-27T13:21:20.364+0000] {dag.py:4180} INFO - Setting next_dagrun for fraud_detection_training to 2025-12-26 03:00:00+00:00, run_after=2025-12-27 03:00:00+00:00
[2025-12-27T13:21:20.382+0000] {processor.py:208} INFO - Processing /opt/airflow/dags/fraud_detection_training_dag.py took 0.100 seconds
[2025-12-27T13:21:50.508+0000] {processor.py:186} INFO - Started process (PID=327) to work on /opt/airflow/dags/fraud_detection_training_dag.py
[2025-12-27T13:21:50.509+0000] {processor.py:914} INFO - Processing file /opt/airflow/dags/fraud_detection_training_dag.py for tasks to queue
[2025-12-27T13:21:50.513+0000] {logging_mixin.py:190} INFO - [2025-12-27T13:21:50.512+0000] {dagbag.py:588} INFO - Filling up the DagBag from /opt/airflow/dags/fraud_detection_training_dag.py
[2025-12-27T13:21:50.535+0000] {processor.py:925} INFO - DAG(s) 'fraud_detection_training' retrieved from /opt/airflow/dags/fraud_detection_training_dag.py
[2025-12-27T13:21:50.568+0000] {logging_mixin.py:190} INFO - [2025-12-27T13:21:50.568+0000] {dag.py:3239} INFO - Sync 1 DAGs
[2025-12-27T13:21:50.588+0000] {logging_mixin.py:190} INFO - [2025-12-27T13:21:50.588+0000] {dag.py:4180} INFO - Setting next_dagrun for fraud_detection_training to 2025-12-26 03:00:00+00:00, run_after=2025-12-27 03:00:00+00:00
[2025-12-27T13:21:50.601+0000] {processor.py:208} INFO - Processing /opt/airflow/dags/fraud_detection_training_dag.py took 0.106 seconds
[2025-12-27T13:22:21.022+0000] {processor.py:186} INFO - Started process (PID=328) to work on /opt/airflow/dags/fraud_detection_training_dag.py
[2025-12-27T13:22:21.026+0000] {processor.py:914} INFO - Processing file /opt/airflow/dags/fraud_detection_training_dag.py for tasks to queue
[2025-12-27T13:22:21.032+0000] {logging_mixin.py:190} INFO - [2025-12-27T13:22:21.031+0000] {dagbag.py:588} INFO - Filling up the DagBag from /opt/airflow/dags/fraud_detection_training_dag.py
[2025-12-27T13:22:21.061+0000] {processor.py:925} INFO - DAG(s) 'fraud_detection_training' retrieved from /opt/airflow/dags/fraud_detection_training_dag.py
[2025-12-27T13:22:21.102+0000] {logging_mixin.py:190} INFO - [2025-12-27T13:22:21.102+0000] {dag.py:3239} INFO - Sync 1 DAGs
[2025-12-27T13:22:21.127+0000] {logging_mixin.py:190} INFO - [2025-12-27T13:22:21.127+0000] {dag.py:4180} INFO - Setting next_dagrun for fraud_detection_training to 2025-12-26 03:00:00+00:00, run_after=2025-12-27 03:00:00+00:00
[2025-12-27T13:22:21.142+0000] {processor.py:208} INFO - Processing /opt/airflow/dags/fraud_detection_training_dag.py took 0.135 seconds
[2025-12-27T13:22:51.208+0000] {processor.py:186} INFO - Started process (PID=335) to work on /opt/airflow/dags/fraud_detection_training_dag.py
[2025-12-27T13:22:51.223+0000] {processor.py:914} INFO - Processing file /opt/airflow/dags/fraud_detection_training_dag.py for tasks to queue
[2025-12-27T13:22:51.227+0000] {logging_mixin.py:190} INFO - [2025-12-27T13:22:51.227+0000] {dagbag.py:588} INFO - Filling up the DagBag from /opt/airflow/dags/fraud_detection_training_dag.py
[2025-12-27T13:22:51.257+0000] {processor.py:925} INFO - DAG(s) 'fraud_detection_training' retrieved from /opt/airflow/dags/fraud_detection_training_dag.py
[2025-12-27T13:22:51.290+0000] {logging_mixin.py:190} INFO - [2025-12-27T13:22:51.289+0000] {dag.py:3239} INFO - Sync 1 DAGs
[2025-12-27T13:22:51.316+0000] {logging_mixin.py:190} INFO - [2025-12-27T13:22:51.316+0000] {dag.py:4180} INFO - Setting next_dagrun for fraud_detection_training to 2025-12-26 03:00:00+00:00, run_after=2025-12-27 03:00:00+00:00
[2025-12-27T13:22:51.341+0000] {processor.py:208} INFO - Processing /opt/airflow/dags/fraud_detection_training_dag.py took 0.168 seconds
[2025-12-27T13:23:21.379+0000] {processor.py:186} INFO - Started process (PID=336) to work on /opt/airflow/dags/fraud_detection_training_dag.py
[2025-12-27T13:23:21.379+0000] {processor.py:914} INFO - Processing file /opt/airflow/dags/fraud_detection_training_dag.py for tasks to queue
[2025-12-27T13:23:21.380+0000] {logging_mixin.py:190} INFO - [2025-12-27T13:23:21.380+0000] {dagbag.py:588} INFO - Filling up the DagBag from /opt/airflow/dags/fraud_detection_training_dag.py
[2025-12-27T13:23:21.387+0000] {processor.py:925} INFO - DAG(s) 'fraud_detection_training' retrieved from /opt/airflow/dags/fraud_detection_training_dag.py
[2025-12-27T13:23:21.402+0000] {logging_mixin.py:190} INFO - [2025-12-27T13:23:21.402+0000] {dag.py:3239} INFO - Sync 1 DAGs
[2025-12-27T13:23:21.412+0000] {logging_mixin.py:190} INFO - [2025-12-27T13:23:21.412+0000] {dag.py:4180} INFO - Setting next_dagrun for fraud_detection_training to 2025-12-26 03:00:00+00:00, run_after=2025-12-27 03:00:00+00:00
[2025-12-27T13:23:21.420+0000] {processor.py:208} INFO - Processing /opt/airflow/dags/fraud_detection_training_dag.py took 0.044 seconds
[2025-12-27T13:23:51.497+0000] {processor.py:186} INFO - Started process (PID=342) to work on /opt/airflow/dags/fraud_detection_training_dag.py
[2025-12-27T13:23:51.497+0000] {processor.py:914} INFO - Processing file /opt/airflow/dags/fraud_detection_training_dag.py for tasks to queue
[2025-12-27T13:23:51.498+0000] {logging_mixin.py:190} INFO - [2025-12-27T13:23:51.498+0000] {dagbag.py:588} INFO - Filling up the DagBag from /opt/airflow/dags/fraud_detection_training_dag.py
[2025-12-27T13:23:51.504+0000] {processor.py:925} INFO - DAG(s) 'fraud_detection_training' retrieved from /opt/airflow/dags/fraud_detection_training_dag.py
[2025-12-27T13:23:51.517+0000] {logging_mixin.py:190} INFO - [2025-12-27T13:23:51.517+0000] {dag.py:3239} INFO - Sync 1 DAGs
[2025-12-27T13:23:51.527+0000] {logging_mixin.py:190} INFO - [2025-12-27T13:23:51.527+0000] {dag.py:4180} INFO - Setting next_dagrun for fraud_detection_training to 2025-12-26 03:00:00+00:00, run_after=2025-12-27 03:00:00+00:00
[2025-12-27T13:23:51.534+0000] {processor.py:208} INFO - Processing /opt/airflow/dags/fraud_detection_training_dag.py took 0.039 seconds
[2025-12-27T13:24:21.628+0000] {processor.py:186} INFO - Started process (PID=343) to work on /opt/airflow/dags/fraud_detection_training_dag.py
[2025-12-27T13:24:21.628+0000] {processor.py:914} INFO - Processing file /opt/airflow/dags/fraud_detection_training_dag.py for tasks to queue
[2025-12-27T13:24:21.629+0000] {logging_mixin.py:190} INFO - [2025-12-27T13:24:21.629+0000] {dagbag.py:588} INFO - Filling up the DagBag from /opt/airflow/dags/fraud_detection_training_dag.py
[2025-12-27T13:24:21.634+0000] {processor.py:925} INFO - DAG(s) 'fraud_detection_training' retrieved from /opt/airflow/dags/fraud_detection_training_dag.py
[2025-12-27T13:24:21.647+0000] {logging_mixin.py:190} INFO - [2025-12-27T13:24:21.647+0000] {dag.py:3239} INFO - Sync 1 DAGs
[2025-12-27T13:24:21.657+0000] {logging_mixin.py:190} INFO - [2025-12-27T13:24:21.657+0000] {dag.py:4180} INFO - Setting next_dagrun for fraud_detection_training to 2025-12-26 03:00:00+00:00, run_after=2025-12-27 03:00:00+00:00
[2025-12-27T13:24:21.664+0000] {processor.py:208} INFO - Processing /opt/airflow/dags/fraud_detection_training_dag.py took 0.038 seconds
[2025-12-27T13:24:51.749+0000] {processor.py:186} INFO - Started process (PID=350) to work on /opt/airflow/dags/fraud_detection_training_dag.py
[2025-12-27T13:24:51.749+0000] {processor.py:914} INFO - Processing file /opt/airflow/dags/fraud_detection_training_dag.py for tasks to queue
[2025-12-27T13:24:51.750+0000] {logging_mixin.py:190} INFO - [2025-12-27T13:24:51.750+0000] {dagbag.py:588} INFO - Filling up the DagBag from /opt/airflow/dags/fraud_detection_training_dag.py
[2025-12-27T13:24:51.755+0000] {processor.py:925} INFO - DAG(s) 'fraud_detection_training' retrieved from /opt/airflow/dags/fraud_detection_training_dag.py
[2025-12-27T13:24:51.769+0000] {logging_mixin.py:190} INFO - [2025-12-27T13:24:51.769+0000] {dag.py:3239} INFO - Sync 1 DAGs
[2025-12-27T13:24:51.778+0000] {logging_mixin.py:190} INFO - [2025-12-27T13:24:51.778+0000] {dag.py:4180} INFO - Setting next_dagrun for fraud_detection_training to 2025-12-26 03:00:00+00:00, run_after=2025-12-27 03:00:00+00:00
[2025-12-27T13:24:51.786+0000] {processor.py:208} INFO - Processing /opt/airflow/dags/fraud_detection_training_dag.py took 0.039 seconds
[2025-12-27T13:25:21.856+0000] {processor.py:186} INFO - Started process (PID=351) to work on /opt/airflow/dags/fraud_detection_training_dag.py
[2025-12-27T13:25:21.856+0000] {processor.py:914} INFO - Processing file /opt/airflow/dags/fraud_detection_training_dag.py for tasks to queue
[2025-12-27T13:25:21.857+0000] {logging_mixin.py:190} INFO - [2025-12-27T13:25:21.857+0000] {dagbag.py:588} INFO - Filling up the DagBag from /opt/airflow/dags/fraud_detection_training_dag.py
[2025-12-27T13:25:21.864+0000] {processor.py:925} INFO - DAG(s) 'fraud_detection_training' retrieved from /opt/airflow/dags/fraud_detection_training_dag.py
[2025-12-27T13:25:21.877+0000] {logging_mixin.py:190} INFO - [2025-12-27T13:25:21.877+0000] {dag.py:3239} INFO - Sync 1 DAGs
[2025-12-27T13:25:21.887+0000] {logging_mixin.py:190} INFO - [2025-12-27T13:25:21.887+0000] {dag.py:4180} INFO - Setting next_dagrun for fraud_detection_training to 2025-12-26 03:00:00+00:00, run_after=2025-12-27 03:00:00+00:00
[2025-12-27T13:25:21.894+0000] {processor.py:208} INFO - Processing /opt/airflow/dags/fraud_detection_training_dag.py took 0.041 seconds
[2025-12-27T13:25:52.049+0000] {processor.py:186} INFO - Started process (PID=358) to work on /opt/airflow/dags/fraud_detection_training_dag.py
[2025-12-27T13:25:52.050+0000] {processor.py:914} INFO - Processing file /opt/airflow/dags/fraud_detection_training_dag.py for tasks to queue
[2025-12-27T13:25:52.052+0000] {logging_mixin.py:190} INFO - [2025-12-27T13:25:52.052+0000] {dagbag.py:588} INFO - Filling up the DagBag from /opt/airflow/dags/fraud_detection_training_dag.py
[2025-12-27T13:25:52.061+0000] {processor.py:925} INFO - DAG(s) 'fraud_detection_training' retrieved from /opt/airflow/dags/fraud_detection_training_dag.py
[2025-12-27T13:25:52.087+0000] {logging_mixin.py:190} INFO - [2025-12-27T13:25:52.087+0000] {dag.py:3239} INFO - Sync 1 DAGs
[2025-12-27T13:25:52.100+0000] {logging_mixin.py:190} INFO - [2025-12-27T13:25:52.099+0000] {dag.py:4180} INFO - Setting next_dagrun for fraud_detection_training to 2025-12-26 03:00:00+00:00, run_after=2025-12-27 03:00:00+00:00
[2025-12-27T13:25:52.108+0000] {processor.py:208} INFO - Processing /opt/airflow/dags/fraud_detection_training_dag.py took 0.062 seconds
[2025-12-27T13:26:22.167+0000] {processor.py:186} INFO - Started process (PID=359) to work on /opt/airflow/dags/fraud_detection_training_dag.py
[2025-12-27T13:26:22.167+0000] {processor.py:914} INFO - Processing file /opt/airflow/dags/fraud_detection_training_dag.py for tasks to queue
[2025-12-27T13:26:22.169+0000] {logging_mixin.py:190} INFO - [2025-12-27T13:26:22.169+0000] {dagbag.py:588} INFO - Filling up the DagBag from /opt/airflow/dags/fraud_detection_training_dag.py
[2025-12-27T13:26:22.175+0000] {processor.py:925} INFO - DAG(s) 'fraud_detection_training' retrieved from /opt/airflow/dags/fraud_detection_training_dag.py
[2025-12-27T13:26:22.191+0000] {logging_mixin.py:190} INFO - [2025-12-27T13:26:22.191+0000] {dag.py:3239} INFO - Sync 1 DAGs
[2025-12-27T13:26:22.202+0000] {logging_mixin.py:190} INFO - [2025-12-27T13:26:22.202+0000] {dag.py:4180} INFO - Setting next_dagrun for fraud_detection_training to 2025-12-26 03:00:00+00:00, run_after=2025-12-27 03:00:00+00:00
[2025-12-27T13:26:22.210+0000] {processor.py:208} INFO - Processing /opt/airflow/dags/fraud_detection_training_dag.py took 0.046 seconds
[2025-12-27T13:26:52.279+0000] {processor.py:186} INFO - Started process (PID=366) to work on /opt/airflow/dags/fraud_detection_training_dag.py
[2025-12-27T13:26:52.280+0000] {processor.py:914} INFO - Processing file /opt/airflow/dags/fraud_detection_training_dag.py for tasks to queue
[2025-12-27T13:26:52.281+0000] {logging_mixin.py:190} INFO - [2025-12-27T13:26:52.281+0000] {dagbag.py:588} INFO - Filling up the DagBag from /opt/airflow/dags/fraud_detection_training_dag.py
[2025-12-27T13:26:52.290+0000] {processor.py:925} INFO - DAG(s) 'fraud_detection_training' retrieved from /opt/airflow/dags/fraud_detection_training_dag.py
[2025-12-27T13:26:52.313+0000] {logging_mixin.py:190} INFO - [2025-12-27T13:26:52.313+0000] {dag.py:3239} INFO - Sync 1 DAGs
[2025-12-27T13:26:52.330+0000] {logging_mixin.py:190} INFO - [2025-12-27T13:26:52.329+0000] {dag.py:4180} INFO - Setting next_dagrun for fraud_detection_training to 2025-12-26 03:00:00+00:00, run_after=2025-12-27 03:00:00+00:00
[2025-12-27T13:26:52.344+0000] {processor.py:208} INFO - Processing /opt/airflow/dags/fraud_detection_training_dag.py took 0.068 seconds
[2025-12-27T13:27:22.567+0000] {processor.py:186} INFO - Started process (PID=367) to work on /opt/airflow/dags/fraud_detection_training_dag.py
[2025-12-27T13:27:22.573+0000] {processor.py:914} INFO - Processing file /opt/airflow/dags/fraud_detection_training_dag.py for tasks to queue
[2025-12-27T13:27:22.586+0000] {logging_mixin.py:190} INFO - [2025-12-27T13:27:22.581+0000] {dagbag.py:588} INFO - Filling up the DagBag from /opt/airflow/dags/fraud_detection_training_dag.py
[2025-12-27T13:27:22.678+0000] {processor.py:925} INFO - DAG(s) 'fraud_detection_training' retrieved from /opt/airflow/dags/fraud_detection_training_dag.py
[2025-12-27T13:27:22.803+0000] {logging_mixin.py:190} INFO - [2025-12-27T13:27:22.803+0000] {dag.py:3239} INFO - Sync 1 DAGs
[2025-12-27T13:27:22.839+0000] {logging_mixin.py:190} INFO - [2025-12-27T13:27:22.838+0000] {dag.py:4180} INFO - Setting next_dagrun for fraud_detection_training to 2025-12-26 03:00:00+00:00, run_after=2025-12-27 03:00:00+00:00
[2025-12-27T13:27:22.882+0000] {processor.py:208} INFO - Processing /opt/airflow/dags/fraud_detection_training_dag.py took 0.321 seconds
[2025-12-27T13:27:53.079+0000] {processor.py:186} INFO - Started process (PID=374) to work on /opt/airflow/dags/fraud_detection_training_dag.py
[2025-12-27T13:27:53.083+0000] {processor.py:914} INFO - Processing file /opt/airflow/dags/fraud_detection_training_dag.py for tasks to queue
[2025-12-27T13:27:53.101+0000] {logging_mixin.py:190} INFO - [2025-12-27T13:27:53.099+0000] {dagbag.py:588} INFO - Filling up the DagBag from /opt/airflow/dags/fraud_detection_training_dag.py
[2025-12-27T13:27:53.288+0000] {processor.py:925} INFO - DAG(s) 'fraud_detection_training' retrieved from /opt/airflow/dags/fraud_detection_training_dag.py
[2025-12-27T13:27:53.381+0000] {logging_mixin.py:190} INFO - [2025-12-27T13:27:53.380+0000] {dag.py:3239} INFO - Sync 1 DAGs
[2025-12-27T13:27:53.416+0000] {logging_mixin.py:190} INFO - [2025-12-27T13:27:53.416+0000] {dag.py:4180} INFO - Setting next_dagrun for fraud_detection_training to 2025-12-26 03:00:00+00:00, run_after=2025-12-27 03:00:00+00:00
[2025-12-27T13:27:53.436+0000] {processor.py:208} INFO - Processing /opt/airflow/dags/fraud_detection_training_dag.py took 0.427 seconds
[2025-12-27T13:28:23.556+0000] {processor.py:186} INFO - Started process (PID=375) to work on /opt/airflow/dags/fraud_detection_training_dag.py
[2025-12-27T13:28:23.557+0000] {processor.py:914} INFO - Processing file /opt/airflow/dags/fraud_detection_training_dag.py for tasks to queue
[2025-12-27T13:28:23.559+0000] {logging_mixin.py:190} INFO - [2025-12-27T13:28:23.559+0000] {dagbag.py:588} INFO - Filling up the DagBag from /opt/airflow/dags/fraud_detection_training_dag.py
[2025-12-27T13:28:23.569+0000] {processor.py:925} INFO - DAG(s) 'fraud_detection_training' retrieved from /opt/airflow/dags/fraud_detection_training_dag.py
[2025-12-27T13:28:23.591+0000] {logging_mixin.py:190} INFO - [2025-12-27T13:28:23.591+0000] {dag.py:3239} INFO - Sync 1 DAGs
[2025-12-27T13:28:23.605+0000] {logging_mixin.py:190} INFO - [2025-12-27T13:28:23.605+0000] {dag.py:4180} INFO - Setting next_dagrun for fraud_detection_training to 2025-12-26 03:00:00+00:00, run_after=2025-12-27 03:00:00+00:00
[2025-12-27T13:28:23.613+0000] {processor.py:208} INFO - Processing /opt/airflow/dags/fraud_detection_training_dag.py took 0.061 seconds
[2025-12-27T13:28:53.683+0000] {processor.py:186} INFO - Started process (PID=382) to work on /opt/airflow/dags/fraud_detection_training_dag.py
[2025-12-27T13:28:53.684+0000] {processor.py:914} INFO - Processing file /opt/airflow/dags/fraud_detection_training_dag.py for tasks to queue
[2025-12-27T13:28:53.685+0000] {logging_mixin.py:190} INFO - [2025-12-27T13:28:53.685+0000] {dagbag.py:588} INFO - Filling up the DagBag from /opt/airflow/dags/fraud_detection_training_dag.py
[2025-12-27T13:28:53.691+0000] {processor.py:925} INFO - DAG(s) 'fraud_detection_training' retrieved from /opt/airflow/dags/fraud_detection_training_dag.py
[2025-12-27T13:28:53.704+0000] {logging_mixin.py:190} INFO - [2025-12-27T13:28:53.704+0000] {dag.py:3239} INFO - Sync 1 DAGs
[2025-12-27T13:28:53.715+0000] {logging_mixin.py:190} INFO - [2025-12-27T13:28:53.715+0000] {dag.py:4180} INFO - Setting next_dagrun for fraud_detection_training to 2025-12-26 03:00:00+00:00, run_after=2025-12-27 03:00:00+00:00
[2025-12-27T13:28:53.724+0000] {processor.py:208} INFO - Processing /opt/airflow/dags/fraud_detection_training_dag.py took 0.043 seconds
[2025-12-27T13:29:23.814+0000] {processor.py:186} INFO - Started process (PID=383) to work on /opt/airflow/dags/fraud_detection_training_dag.py
[2025-12-27T13:29:23.815+0000] {processor.py:914} INFO - Processing file /opt/airflow/dags/fraud_detection_training_dag.py for tasks to queue
[2025-12-27T13:29:23.816+0000] {logging_mixin.py:190} INFO - [2025-12-27T13:29:23.815+0000] {dagbag.py:588} INFO - Filling up the DagBag from /opt/airflow/dags/fraud_detection_training_dag.py
[2025-12-27T13:29:23.823+0000] {processor.py:925} INFO - DAG(s) 'fraud_detection_training' retrieved from /opt/airflow/dags/fraud_detection_training_dag.py
[2025-12-27T13:29:23.839+0000] {logging_mixin.py:190} INFO - [2025-12-27T13:29:23.839+0000] {dag.py:3239} INFO - Sync 1 DAGs
[2025-12-27T13:29:23.851+0000] {logging_mixin.py:190} INFO - [2025-12-27T13:29:23.851+0000] {dag.py:4180} INFO - Setting next_dagrun for fraud_detection_training to 2025-12-26 03:00:00+00:00, run_after=2025-12-27 03:00:00+00:00
[2025-12-27T13:29:23.858+0000] {processor.py:208} INFO - Processing /opt/airflow/dags/fraud_detection_training_dag.py took 0.047 seconds
[2025-12-27T13:29:53.945+0000] {processor.py:186} INFO - Started process (PID=390) to work on /opt/airflow/dags/fraud_detection_training_dag.py
[2025-12-27T13:29:53.945+0000] {processor.py:914} INFO - Processing file /opt/airflow/dags/fraud_detection_training_dag.py for tasks to queue
[2025-12-27T13:29:53.946+0000] {logging_mixin.py:190} INFO - [2025-12-27T13:29:53.946+0000] {dagbag.py:588} INFO - Filling up the DagBag from /opt/airflow/dags/fraud_detection_training_dag.py
[2025-12-27T13:29:53.951+0000] {processor.py:925} INFO - DAG(s) 'fraud_detection_training' retrieved from /opt/airflow/dags/fraud_detection_training_dag.py
[2025-12-27T13:29:53.965+0000] {logging_mixin.py:190} INFO - [2025-12-27T13:29:53.965+0000] {dag.py:3239} INFO - Sync 1 DAGs
[2025-12-27T13:29:53.976+0000] {logging_mixin.py:190} INFO - [2025-12-27T13:29:53.975+0000] {dag.py:4180} INFO - Setting next_dagrun for fraud_detection_training to 2025-12-26 03:00:00+00:00, run_after=2025-12-27 03:00:00+00:00
[2025-12-27T13:29:53.984+0000] {processor.py:208} INFO - Processing /opt/airflow/dags/fraud_detection_training_dag.py took 0.041 seconds
[2025-12-27T13:30:24.071+0000] {processor.py:186} INFO - Started process (PID=391) to work on /opt/airflow/dags/fraud_detection_training_dag.py
[2025-12-27T13:30:24.071+0000] {processor.py:914} INFO - Processing file /opt/airflow/dags/fraud_detection_training_dag.py for tasks to queue
[2025-12-27T13:30:24.072+0000] {logging_mixin.py:190} INFO - [2025-12-27T13:30:24.072+0000] {dagbag.py:588} INFO - Filling up the DagBag from /opt/airflow/dags/fraud_detection_training_dag.py
[2025-12-27T13:30:24.078+0000] {processor.py:925} INFO - DAG(s) 'fraud_detection_training' retrieved from /opt/airflow/dags/fraud_detection_training_dag.py
[2025-12-27T13:30:24.092+0000] {logging_mixin.py:190} INFO - [2025-12-27T13:30:24.092+0000] {dag.py:3239} INFO - Sync 1 DAGs
[2025-12-27T13:30:24.102+0000] {logging_mixin.py:190} INFO - [2025-12-27T13:30:24.102+0000] {dag.py:4180} INFO - Setting next_dagrun for fraud_detection_training to 2025-12-26 03:00:00+00:00, run_after=2025-12-27 03:00:00+00:00
[2025-12-27T13:30:24.110+0000] {processor.py:208} INFO - Processing /opt/airflow/dags/fraud_detection_training_dag.py took 0.042 seconds
[2025-12-27T13:30:54.219+0000] {processor.py:186} INFO - Started process (PID=398) to work on /opt/airflow/dags/fraud_detection_training_dag.py
[2025-12-27T13:30:54.219+0000] {processor.py:914} INFO - Processing file /opt/airflow/dags/fraud_detection_training_dag.py for tasks to queue
[2025-12-27T13:30:54.221+0000] {logging_mixin.py:190} INFO - [2025-12-27T13:30:54.221+0000] {dagbag.py:588} INFO - Filling up the DagBag from /opt/airflow/dags/fraud_detection_training_dag.py
[2025-12-27T13:30:54.234+0000] {processor.py:925} INFO - DAG(s) 'fraud_detection_training' retrieved from /opt/airflow/dags/fraud_detection_training_dag.py
[2025-12-27T13:30:54.268+0000] {logging_mixin.py:190} INFO - [2025-12-27T13:30:54.268+0000] {dag.py:3239} INFO - Sync 1 DAGs
[2025-12-27T13:30:54.279+0000] {logging_mixin.py:190} INFO - [2025-12-27T13:30:54.279+0000] {dag.py:4180} INFO - Setting next_dagrun for fraud_detection_training to 2025-12-26 03:00:00+00:00, run_after=2025-12-27 03:00:00+00:00
[2025-12-27T13:30:54.288+0000] {processor.py:208} INFO - Processing /opt/airflow/dags/fraud_detection_training_dag.py took 0.074 seconds
[2025-12-27T13:31:24.356+0000] {processor.py:186} INFO - Started process (PID=399) to work on /opt/airflow/dags/fraud_detection_training_dag.py
[2025-12-27T13:31:24.357+0000] {processor.py:914} INFO - Processing file /opt/airflow/dags/fraud_detection_training_dag.py for tasks to queue
[2025-12-27T13:31:24.358+0000] {logging_mixin.py:190} INFO - [2025-12-27T13:31:24.358+0000] {dagbag.py:588} INFO - Filling up the DagBag from /opt/airflow/dags/fraud_detection_training_dag.py
[2025-12-27T13:31:24.367+0000] {processor.py:925} INFO - DAG(s) 'fraud_detection_training' retrieved from /opt/airflow/dags/fraud_detection_training_dag.py
[2025-12-27T13:31:24.395+0000] {logging_mixin.py:190} INFO - [2025-12-27T13:31:24.395+0000] {dag.py:3239} INFO - Sync 1 DAGs
[2025-12-27T13:31:24.407+0000] {logging_mixin.py:190} INFO - [2025-12-27T13:31:24.407+0000] {dag.py:4180} INFO - Setting next_dagrun for fraud_detection_training to 2025-12-26 03:00:00+00:00, run_after=2025-12-27 03:00:00+00:00
[2025-12-27T13:31:24.415+0000] {processor.py:208} INFO - Processing /opt/airflow/dags/fraud_detection_training_dag.py took 0.061 seconds
[2025-12-27T13:31:54.496+0000] {processor.py:186} INFO - Started process (PID=406) to work on /opt/airflow/dags/fraud_detection_training_dag.py
[2025-12-27T13:31:54.497+0000] {processor.py:914} INFO - Processing file /opt/airflow/dags/fraud_detection_training_dag.py for tasks to queue
[2025-12-27T13:31:54.499+0000] {logging_mixin.py:190} INFO - [2025-12-27T13:31:54.499+0000] {dagbag.py:588} INFO - Filling up the DagBag from /opt/airflow/dags/fraud_detection_training_dag.py
[2025-12-27T13:31:54.507+0000] {processor.py:925} INFO - DAG(s) 'fraud_detection_training' retrieved from /opt/airflow/dags/fraud_detection_training_dag.py
[2025-12-27T13:31:54.523+0000] {logging_mixin.py:190} INFO - [2025-12-27T13:31:54.523+0000] {dag.py:3239} INFO - Sync 1 DAGs
[2025-12-27T13:31:54.536+0000] {logging_mixin.py:190} INFO - [2025-12-27T13:31:54.536+0000] {dag.py:4180} INFO - Setting next_dagrun for fraud_detection_training to 2025-12-26 03:00:00+00:00, run_after=2025-12-27 03:00:00+00:00
[2025-12-27T13:31:54.545+0000] {processor.py:208} INFO - Processing /opt/airflow/dags/fraud_detection_training_dag.py took 0.052 seconds
[2025-12-27T13:32:24.607+0000] {processor.py:186} INFO - Started process (PID=407) to work on /opt/airflow/dags/fraud_detection_training_dag.py
[2025-12-27T13:32:24.607+0000] {processor.py:914} INFO - Processing file /opt/airflow/dags/fraud_detection_training_dag.py for tasks to queue
[2025-12-27T13:32:24.609+0000] {logging_mixin.py:190} INFO - [2025-12-27T13:32:24.608+0000] {dagbag.py:588} INFO - Filling up the DagBag from /opt/airflow/dags/fraud_detection_training_dag.py
[2025-12-27T13:32:24.619+0000] {processor.py:925} INFO - DAG(s) 'fraud_detection_training' retrieved from /opt/airflow/dags/fraud_detection_training_dag.py
[2025-12-27T13:32:24.642+0000] {logging_mixin.py:190} INFO - [2025-12-27T13:32:24.642+0000] {dag.py:3239} INFO - Sync 1 DAGs
[2025-12-27T13:32:24.652+0000] {logging_mixin.py:190} INFO - [2025-12-27T13:32:24.652+0000] {dag.py:4180} INFO - Setting next_dagrun for fraud_detection_training to 2025-12-26 03:00:00+00:00, run_after=2025-12-27 03:00:00+00:00
[2025-12-27T13:32:24.661+0000] {processor.py:208} INFO - Processing /opt/airflow/dags/fraud_detection_training_dag.py took 0.057 seconds
[2025-12-27T13:32:54.767+0000] {processor.py:186} INFO - Started process (PID=414) to work on /opt/airflow/dags/fraud_detection_training_dag.py
[2025-12-27T13:32:54.767+0000] {processor.py:914} INFO - Processing file /opt/airflow/dags/fraud_detection_training_dag.py for tasks to queue
[2025-12-27T13:32:54.768+0000] {logging_mixin.py:190} INFO - [2025-12-27T13:32:54.768+0000] {dagbag.py:588} INFO - Filling up the DagBag from /opt/airflow/dags/fraud_detection_training_dag.py
[2025-12-27T13:32:54.774+0000] {processor.py:925} INFO - DAG(s) 'fraud_detection_training' retrieved from /opt/airflow/dags/fraud_detection_training_dag.py
[2025-12-27T13:32:54.788+0000] {logging_mixin.py:190} INFO - [2025-12-27T13:32:54.788+0000] {dag.py:3239} INFO - Sync 1 DAGs
[2025-12-27T13:32:54.798+0000] {logging_mixin.py:190} INFO - [2025-12-27T13:32:54.798+0000] {dag.py:4180} INFO - Setting next_dagrun for fraud_detection_training to 2025-12-26 03:00:00+00:00, run_after=2025-12-27 03:00:00+00:00
[2025-12-27T13:32:54.806+0000] {processor.py:208} INFO - Processing /opt/airflow/dags/fraud_detection_training_dag.py took 0.042 seconds
[2025-12-27T13:33:24.897+0000] {processor.py:186} INFO - Started process (PID=415) to work on /opt/airflow/dags/fraud_detection_training_dag.py
[2025-12-27T13:33:24.897+0000] {processor.py:914} INFO - Processing file /opt/airflow/dags/fraud_detection_training_dag.py for tasks to queue
[2025-12-27T13:33:24.898+0000] {logging_mixin.py:190} INFO - [2025-12-27T13:33:24.898+0000] {dagbag.py:588} INFO - Filling up the DagBag from /opt/airflow/dags/fraud_detection_training_dag.py
[2025-12-27T13:33:24.907+0000] {processor.py:925} INFO - DAG(s) 'fraud_detection_training' retrieved from /opt/airflow/dags/fraud_detection_training_dag.py
[2025-12-27T13:33:24.930+0000] {logging_mixin.py:190} INFO - [2025-12-27T13:33:24.930+0000] {dag.py:3239} INFO - Sync 1 DAGs
[2025-12-27T13:33:24.943+0000] {logging_mixin.py:190} INFO - [2025-12-27T13:33:24.943+0000] {dag.py:4180} INFO - Setting next_dagrun for fraud_detection_training to 2025-12-26 03:00:00+00:00, run_after=2025-12-27 03:00:00+00:00
[2025-12-27T13:33:24.954+0000] {processor.py:208} INFO - Processing /opt/airflow/dags/fraud_detection_training_dag.py took 0.060 seconds
[2025-12-27T13:33:55.047+0000] {processor.py:186} INFO - Started process (PID=422) to work on /opt/airflow/dags/fraud_detection_training_dag.py
[2025-12-27T13:33:55.048+0000] {processor.py:914} INFO - Processing file /opt/airflow/dags/fraud_detection_training_dag.py for tasks to queue
[2025-12-27T13:33:55.049+0000] {logging_mixin.py:190} INFO - [2025-12-27T13:33:55.049+0000] {dagbag.py:588} INFO - Filling up the DagBag from /opt/airflow/dags/fraud_detection_training_dag.py
[2025-12-27T13:33:55.056+0000] {processor.py:925} INFO - DAG(s) 'fraud_detection_training' retrieved from /opt/airflow/dags/fraud_detection_training_dag.py
[2025-12-27T13:33:55.079+0000] {logging_mixin.py:190} INFO - [2025-12-27T13:33:55.079+0000] {dag.py:3239} INFO - Sync 1 DAGs
[2025-12-27T13:33:55.089+0000] {logging_mixin.py:190} INFO - [2025-12-27T13:33:55.089+0000] {dag.py:4180} INFO - Setting next_dagrun for fraud_detection_training to 2025-12-26 03:00:00+00:00, run_after=2025-12-27 03:00:00+00:00
[2025-12-27T13:33:55.097+0000] {processor.py:208} INFO - Processing /opt/airflow/dags/fraud_detection_training_dag.py took 0.053 seconds
[2025-12-27T13:34:25.226+0000] {processor.py:186} INFO - Started process (PID=423) to work on /opt/airflow/dags/fraud_detection_training_dag.py
[2025-12-27T13:34:25.227+0000] {processor.py:914} INFO - Processing file /opt/airflow/dags/fraud_detection_training_dag.py for tasks to queue
[2025-12-27T13:34:25.228+0000] {logging_mixin.py:190} INFO - [2025-12-27T13:34:25.228+0000] {dagbag.py:588} INFO - Filling up the DagBag from /opt/airflow/dags/fraud_detection_training_dag.py
[2025-12-27T13:34:25.237+0000] {processor.py:925} INFO - DAG(s) 'fraud_detection_training' retrieved from /opt/airflow/dags/fraud_detection_training_dag.py
[2025-12-27T13:34:25.259+0000] {logging_mixin.py:190} INFO - [2025-12-27T13:34:25.259+0000] {dag.py:3239} INFO - Sync 1 DAGs
[2025-12-27T13:34:25.268+0000] {logging_mixin.py:190} INFO - [2025-12-27T13:34:25.268+0000] {dag.py:4180} INFO - Setting next_dagrun for fraud_detection_training to 2025-12-26 03:00:00+00:00, run_after=2025-12-27 03:00:00+00:00
[2025-12-27T13:34:25.276+0000] {processor.py:208} INFO - Processing /opt/airflow/dags/fraud_detection_training_dag.py took 0.052 seconds
[2025-12-27T13:34:55.362+0000] {processor.py:186} INFO - Started process (PID=430) to work on /opt/airflow/dags/fraud_detection_training_dag.py
[2025-12-27T13:34:55.363+0000] {processor.py:914} INFO - Processing file /opt/airflow/dags/fraud_detection_training_dag.py for tasks to queue
[2025-12-27T13:34:55.364+0000] {logging_mixin.py:190} INFO - [2025-12-27T13:34:55.364+0000] {dagbag.py:588} INFO - Filling up the DagBag from /opt/airflow/dags/fraud_detection_training_dag.py
[2025-12-27T13:34:55.373+0000] {processor.py:925} INFO - DAG(s) 'fraud_detection_training' retrieved from /opt/airflow/dags/fraud_detection_training_dag.py
[2025-12-27T13:34:55.390+0000] {logging_mixin.py:190} INFO - [2025-12-27T13:34:55.390+0000] {dag.py:3239} INFO - Sync 1 DAGs
[2025-12-27T13:34:55.403+0000] {logging_mixin.py:190} INFO - [2025-12-27T13:34:55.403+0000] {dag.py:4180} INFO - Setting next_dagrun for fraud_detection_training to 2025-12-26 03:00:00+00:00, run_after=2025-12-27 03:00:00+00:00
[2025-12-27T13:34:55.411+0000] {processor.py:208} INFO - Processing /opt/airflow/dags/fraud_detection_training_dag.py took 0.053 seconds
[2025-12-27T13:35:25.582+0000] {processor.py:186} INFO - Started process (PID=431) to work on /opt/airflow/dags/fraud_detection_training_dag.py
[2025-12-27T13:35:25.584+0000] {processor.py:914} INFO - Processing file /opt/airflow/dags/fraud_detection_training_dag.py for tasks to queue
[2025-12-27T13:35:25.588+0000] {logging_mixin.py:190} INFO - [2025-12-27T13:35:25.586+0000] {dagbag.py:588} INFO - Filling up the DagBag from /opt/airflow/dags/fraud_detection_training_dag.py
[2025-12-27T13:35:25.630+0000] {processor.py:925} INFO - DAG(s) 'fraud_detection_training' retrieved from /opt/airflow/dags/fraud_detection_training_dag.py
[2025-12-27T13:35:25.703+0000] {logging_mixin.py:190} INFO - [2025-12-27T13:35:25.702+0000] {dag.py:3239} INFO - Sync 1 DAGs
[2025-12-27T13:35:25.714+0000] {logging_mixin.py:190} INFO - [2025-12-27T13:35:25.714+0000] {dag.py:4180} INFO - Setting next_dagrun for fraud_detection_training to 2025-12-26 03:00:00+00:00, run_after=2025-12-27 03:00:00+00:00
[2025-12-27T13:35:25.722+0000] {processor.py:208} INFO - Processing /opt/airflow/dags/fraud_detection_training_dag.py took 0.153 seconds
[2025-12-27T13:35:55.793+0000] {processor.py:186} INFO - Started process (PID=438) to work on /opt/airflow/dags/fraud_detection_training_dag.py
[2025-12-27T13:35:55.793+0000] {processor.py:914} INFO - Processing file /opt/airflow/dags/fraud_detection_training_dag.py for tasks to queue
[2025-12-27T13:35:55.794+0000] {logging_mixin.py:190} INFO - [2025-12-27T13:35:55.794+0000] {dagbag.py:588} INFO - Filling up the DagBag from /opt/airflow/dags/fraud_detection_training_dag.py
[2025-12-27T13:35:55.804+0000] {processor.py:925} INFO - DAG(s) 'fraud_detection_training' retrieved from /opt/airflow/dags/fraud_detection_training_dag.py
[2025-12-27T13:35:55.822+0000] {logging_mixin.py:190} INFO - [2025-12-27T13:35:55.822+0000] {dag.py:3239} INFO - Sync 1 DAGs
[2025-12-27T13:35:55.831+0000] {logging_mixin.py:190} INFO - [2025-12-27T13:35:55.831+0000] {dag.py:4180} INFO - Setting next_dagrun for fraud_detection_training to 2025-12-26 03:00:00+00:00, run_after=2025-12-27 03:00:00+00:00
[2025-12-27T13:35:55.837+0000] {processor.py:208} INFO - Processing /opt/airflow/dags/fraud_detection_training_dag.py took 0.048 seconds
[2025-12-27T13:36:25.954+0000] {processor.py:186} INFO - Started process (PID=439) to work on /opt/airflow/dags/fraud_detection_training_dag.py
[2025-12-27T13:36:25.954+0000] {processor.py:914} INFO - Processing file /opt/airflow/dags/fraud_detection_training_dag.py for tasks to queue
[2025-12-27T13:36:25.957+0000] {logging_mixin.py:190} INFO - [2025-12-27T13:36:25.957+0000] {dagbag.py:588} INFO - Filling up the DagBag from /opt/airflow/dags/fraud_detection_training_dag.py
[2025-12-27T13:36:25.969+0000] {processor.py:925} INFO - DAG(s) 'fraud_detection_training' retrieved from /opt/airflow/dags/fraud_detection_training_dag.py
[2025-12-27T13:36:25.994+0000] {logging_mixin.py:190} INFO - [2025-12-27T13:36:25.994+0000] {dag.py:3239} INFO - Sync 1 DAGs
[2025-12-27T13:36:26.011+0000] {logging_mixin.py:190} INFO - [2025-12-27T13:36:26.011+0000] {dag.py:4180} INFO - Setting next_dagrun for fraud_detection_training to 2025-12-26 03:00:00+00:00, run_after=2025-12-27 03:00:00+00:00
[2025-12-27T13:36:26.023+0000] {processor.py:208} INFO - Processing /opt/airflow/dags/fraud_detection_training_dag.py took 0.075 seconds
[2025-12-27T13:36:56.104+0000] {processor.py:186} INFO - Started process (PID=446) to work on /opt/airflow/dags/fraud_detection_training_dag.py
[2025-12-27T13:36:56.104+0000] {processor.py:914} INFO - Processing file /opt/airflow/dags/fraud_detection_training_dag.py for tasks to queue
[2025-12-27T13:36:56.105+0000] {logging_mixin.py:190} INFO - [2025-12-27T13:36:56.105+0000] {dagbag.py:588} INFO - Filling up the DagBag from /opt/airflow/dags/fraud_detection_training_dag.py
[2025-12-27T13:36:56.116+0000] {processor.py:925} INFO - DAG(s) 'fraud_detection_training' retrieved from /opt/airflow/dags/fraud_detection_training_dag.py
[2025-12-27T13:36:56.137+0000] {logging_mixin.py:190} INFO - [2025-12-27T13:36:56.137+0000] {dag.py:3239} INFO - Sync 1 DAGs
[2025-12-27T13:36:56.148+0000] {logging_mixin.py:190} INFO - [2025-12-27T13:36:56.148+0000] {dag.py:4180} INFO - Setting next_dagrun for fraud_detection_training to 2025-12-26 03:00:00+00:00, run_after=2025-12-27 03:00:00+00:00
[2025-12-27T13:36:56.157+0000] {processor.py:208} INFO - Processing /opt/airflow/dags/fraud_detection_training_dag.py took 0.056 seconds
[2025-12-27T13:37:26.273+0000] {processor.py:186} INFO - Started process (PID=447) to work on /opt/airflow/dags/fraud_detection_training_dag.py
[2025-12-27T13:37:26.273+0000] {processor.py:914} INFO - Processing file /opt/airflow/dags/fraud_detection_training_dag.py for tasks to queue
[2025-12-27T13:37:26.274+0000] {logging_mixin.py:190} INFO - [2025-12-27T13:37:26.274+0000] {dagbag.py:588} INFO - Filling up the DagBag from /opt/airflow/dags/fraud_detection_training_dag.py
[2025-12-27T13:37:26.284+0000] {processor.py:925} INFO - DAG(s) 'fraud_detection_training' retrieved from /opt/airflow/dags/fraud_detection_training_dag.py
[2025-12-27T13:37:26.309+0000] {logging_mixin.py:190} INFO - [2025-12-27T13:37:26.308+0000] {dag.py:3239} INFO - Sync 1 DAGs
[2025-12-27T13:37:26.318+0000] {logging_mixin.py:190} INFO - [2025-12-27T13:37:26.318+0000] {dag.py:4180} INFO - Setting next_dagrun for fraud_detection_training to 2025-12-26 03:00:00+00:00, run_after=2025-12-27 03:00:00+00:00
[2025-12-27T13:37:26.327+0000] {processor.py:208} INFO - Processing /opt/airflow/dags/fraud_detection_training_dag.py took 0.059 seconds
[2025-12-27T13:37:56.491+0000] {processor.py:186} INFO - Started process (PID=454) to work on /opt/airflow/dags/fraud_detection_training_dag.py
[2025-12-27T13:37:56.491+0000] {processor.py:914} INFO - Processing file /opt/airflow/dags/fraud_detection_training_dag.py for tasks to queue
[2025-12-27T13:37:56.493+0000] {logging_mixin.py:190} INFO - [2025-12-27T13:37:56.493+0000] {dagbag.py:588} INFO - Filling up the DagBag from /opt/airflow/dags/fraud_detection_training_dag.py
[2025-12-27T13:37:56.507+0000] {processor.py:925} INFO - DAG(s) 'fraud_detection_training' retrieved from /opt/airflow/dags/fraud_detection_training_dag.py
[2025-12-27T13:37:56.541+0000] {logging_mixin.py:190} INFO - [2025-12-27T13:37:56.541+0000] {dag.py:3239} INFO - Sync 1 DAGs
[2025-12-27T13:37:56.555+0000] {logging_mixin.py:190} INFO - [2025-12-27T13:37:56.555+0000] {dag.py:4180} INFO - Setting next_dagrun for fraud_detection_training to 2025-12-26 03:00:00+00:00, run_after=2025-12-27 03:00:00+00:00
[2025-12-27T13:37:56.563+0000] {processor.py:208} INFO - Processing /opt/airflow/dags/fraud_detection_training_dag.py took 0.079 seconds
[2025-12-27T13:38:26.711+0000] {processor.py:186} INFO - Started process (PID=455) to work on /opt/airflow/dags/fraud_detection_training_dag.py
[2025-12-27T13:38:26.712+0000] {processor.py:914} INFO - Processing file /opt/airflow/dags/fraud_detection_training_dag.py for tasks to queue
[2025-12-27T13:38:26.715+0000] {logging_mixin.py:190} INFO - [2025-12-27T13:38:26.714+0000] {dagbag.py:588} INFO - Filling up the DagBag from /opt/airflow/dags/fraud_detection_training_dag.py
[2025-12-27T13:38:26.730+0000] {processor.py:925} INFO - DAG(s) 'fraud_detection_training' retrieved from /opt/airflow/dags/fraud_detection_training_dag.py
[2025-12-27T13:38:26.760+0000] {logging_mixin.py:190} INFO - [2025-12-27T13:38:26.760+0000] {dag.py:3239} INFO - Sync 1 DAGs
[2025-12-27T13:38:26.771+0000] {logging_mixin.py:190} INFO - [2025-12-27T13:38:26.771+0000] {dag.py:4180} INFO - Setting next_dagrun for fraud_detection_training to 2025-12-26 03:00:00+00:00, run_after=2025-12-27 03:00:00+00:00
[2025-12-27T13:38:26.779+0000] {processor.py:208} INFO - Processing /opt/airflow/dags/fraud_detection_training_dag.py took 0.075 seconds
[2025-12-27T13:38:57.192+0000] {processor.py:186} INFO - Started process (PID=462) to work on /opt/airflow/dags/fraud_detection_training_dag.py
[2025-12-27T13:38:57.192+0000] {processor.py:914} INFO - Processing file /opt/airflow/dags/fraud_detection_training_dag.py for tasks to queue
[2025-12-27T13:38:57.194+0000] {logging_mixin.py:190} INFO - [2025-12-27T13:38:57.194+0000] {dagbag.py:588} INFO - Filling up the DagBag from /opt/airflow/dags/fraud_detection_training_dag.py
[2025-12-27T13:38:57.204+0000] {processor.py:925} INFO - DAG(s) 'fraud_detection_training' retrieved from /opt/airflow/dags/fraud_detection_training_dag.py
[2025-12-27T13:38:57.227+0000] {logging_mixin.py:190} INFO - [2025-12-27T13:38:57.227+0000] {dag.py:3239} INFO - Sync 1 DAGs
[2025-12-27T13:38:57.239+0000] {logging_mixin.py:190} INFO - [2025-12-27T13:38:57.239+0000] {dag.py:4180} INFO - Setting next_dagrun for fraud_detection_training to 2025-12-26 03:00:00+00:00, run_after=2025-12-27 03:00:00+00:00
[2025-12-27T13:38:57.247+0000] {processor.py:208} INFO - Processing /opt/airflow/dags/fraud_detection_training_dag.py took 0.060 seconds
[2025-12-27T13:39:27.567+0000] {processor.py:186} INFO - Started process (PID=463) to work on /opt/airflow/dags/fraud_detection_training_dag.py
[2025-12-27T13:39:27.568+0000] {processor.py:914} INFO - Processing file /opt/airflow/dags/fraud_detection_training_dag.py for tasks to queue
[2025-12-27T13:39:27.571+0000] {logging_mixin.py:190} INFO - [2025-12-27T13:39:27.570+0000] {dagbag.py:588} INFO - Filling up the DagBag from /opt/airflow/dags/fraud_detection_training_dag.py
[2025-12-27T13:39:27.588+0000] {processor.py:925} INFO - DAG(s) 'fraud_detection_training' retrieved from /opt/airflow/dags/fraud_detection_training_dag.py
[2025-12-27T13:39:27.650+0000] {logging_mixin.py:190} INFO - [2025-12-27T13:39:27.650+0000] {dag.py:3239} INFO - Sync 1 DAGs
[2025-12-27T13:39:27.668+0000] {logging_mixin.py:190} INFO - [2025-12-27T13:39:27.668+0000] {dag.py:4180} INFO - Setting next_dagrun for fraud_detection_training to 2025-12-26 03:00:00+00:00, run_after=2025-12-27 03:00:00+00:00
[2025-12-27T13:39:27.679+0000] {processor.py:208} INFO - Processing /opt/airflow/dags/fraud_detection_training_dag.py took 0.120 seconds
[2025-12-27T13:39:58.561+0000] {processor.py:186} INFO - Started process (PID=469) to work on /opt/airflow/dags/fraud_detection_training_dag.py
[2025-12-27T13:39:58.562+0000] {processor.py:914} INFO - Processing file /opt/airflow/dags/fraud_detection_training_dag.py for tasks to queue
[2025-12-27T13:39:58.564+0000] {logging_mixin.py:190} INFO - [2025-12-27T13:39:58.564+0000] {dagbag.py:588} INFO - Filling up the DagBag from /opt/airflow/dags/fraud_detection_training_dag.py
[2025-12-27T13:39:58.576+0000] {processor.py:925} INFO - DAG(s) 'fraud_detection_training' retrieved from /opt/airflow/dags/fraud_detection_training_dag.py
[2025-12-27T13:39:58.602+0000] {logging_mixin.py:190} INFO - [2025-12-27T13:39:58.602+0000] {dag.py:3239} INFO - Sync 1 DAGs
[2025-12-27T13:39:58.616+0000] {logging_mixin.py:190} INFO - [2025-12-27T13:39:58.616+0000] {dag.py:4180} INFO - Setting next_dagrun for fraud_detection_training to 2025-12-26 03:00:00+00:00, run_after=2025-12-27 03:00:00+00:00
[2025-12-27T13:39:58.624+0000] {processor.py:208} INFO - Processing /opt/airflow/dags/fraud_detection_training_dag.py took 0.067 seconds
[2025-12-27T13:40:28.699+0000] {processor.py:186} INFO - Started process (PID=470) to work on /opt/airflow/dags/fraud_detection_training_dag.py
[2025-12-27T13:40:28.699+0000] {processor.py:914} INFO - Processing file /opt/airflow/dags/fraud_detection_training_dag.py for tasks to queue
[2025-12-27T13:40:28.701+0000] {logging_mixin.py:190} INFO - [2025-12-27T13:40:28.701+0000] {dagbag.py:588} INFO - Filling up the DagBag from /opt/airflow/dags/fraud_detection_training_dag.py
[2025-12-27T13:40:28.709+0000] {processor.py:925} INFO - DAG(s) 'fraud_detection_training' retrieved from /opt/airflow/dags/fraud_detection_training_dag.py
[2025-12-27T13:40:28.733+0000] {logging_mixin.py:190} INFO - [2025-12-27T13:40:28.733+0000] {dag.py:3239} INFO - Sync 1 DAGs
[2025-12-27T13:40:28.751+0000] {logging_mixin.py:190} INFO - [2025-12-27T13:40:28.750+0000] {dag.py:4180} INFO - Setting next_dagrun for fraud_detection_training to 2025-12-26 03:00:00+00:00, run_after=2025-12-27 03:00:00+00:00
[2025-12-27T13:40:28.802+0000] {processor.py:208} INFO - Processing /opt/airflow/dags/fraud_detection_training_dag.py took 0.107 seconds
[2025-12-27T13:40:59.253+0000] {processor.py:186} INFO - Started process (PID=476) to work on /opt/airflow/dags/fraud_detection_training_dag.py
[2025-12-27T13:40:59.255+0000] {processor.py:914} INFO - Processing file /opt/airflow/dags/fraud_detection_training_dag.py for tasks to queue
[2025-12-27T13:40:59.258+0000] {logging_mixin.py:190} INFO - [2025-12-27T13:40:59.258+0000] {dagbag.py:588} INFO - Filling up the DagBag from /opt/airflow/dags/fraud_detection_training_dag.py
[2025-12-27T13:40:59.290+0000] {processor.py:925} INFO - DAG(s) 'fraud_detection_training' retrieved from /opt/airflow/dags/fraud_detection_training_dag.py
[2025-12-27T13:40:59.376+0000] {logging_mixin.py:190} INFO - [2025-12-27T13:40:59.376+0000] {dag.py:3239} INFO - Sync 1 DAGs
[2025-12-27T13:40:59.428+0000] {logging_mixin.py:190} INFO - [2025-12-27T13:40:59.428+0000] {dag.py:4180} INFO - Setting next_dagrun for fraud_detection_training to 2025-12-26 03:00:00+00:00, run_after=2025-12-27 03:00:00+00:00
[2025-12-27T13:40:59.463+0000] {processor.py:208} INFO - Processing /opt/airflow/dags/fraud_detection_training_dag.py took 0.219 seconds
[2025-12-27T13:41:29.604+0000] {processor.py:186} INFO - Started process (PID=477) to work on /opt/airflow/dags/fraud_detection_training_dag.py
[2025-12-27T13:41:29.605+0000] {processor.py:914} INFO - Processing file /opt/airflow/dags/fraud_detection_training_dag.py for tasks to queue
[2025-12-27T13:41:29.606+0000] {logging_mixin.py:190} INFO - [2025-12-27T13:41:29.606+0000] {dagbag.py:588} INFO - Filling up the DagBag from /opt/airflow/dags/fraud_detection_training_dag.py
[2025-12-27T13:41:29.616+0000] {processor.py:925} INFO - DAG(s) 'fraud_detection_training' retrieved from /opt/airflow/dags/fraud_detection_training_dag.py
[2025-12-27T13:41:29.636+0000] {logging_mixin.py:190} INFO - [2025-12-27T13:41:29.636+0000] {dag.py:3239} INFO - Sync 1 DAGs
[2025-12-27T13:41:29.654+0000] {logging_mixin.py:190} INFO - [2025-12-27T13:41:29.653+0000] {dag.py:4180} INFO - Setting next_dagrun for fraud_detection_training to 2025-12-26 03:00:00+00:00, run_after=2025-12-27 03:00:00+00:00
[2025-12-27T13:41:29.665+0000] {processor.py:208} INFO - Processing /opt/airflow/dags/fraud_detection_training_dag.py took 0.066 seconds
[2025-12-27T13:41:59.733+0000] {processor.py:186} INFO - Started process (PID=484) to work on /opt/airflow/dags/fraud_detection_training_dag.py
[2025-12-27T13:41:59.734+0000] {processor.py:914} INFO - Processing file /opt/airflow/dags/fraud_detection_training_dag.py for tasks to queue
[2025-12-27T13:41:59.735+0000] {logging_mixin.py:190} INFO - [2025-12-27T13:41:59.735+0000] {dagbag.py:588} INFO - Filling up the DagBag from /opt/airflow/dags/fraud_detection_training_dag.py
[2025-12-27T13:41:59.741+0000] {processor.py:925} INFO - DAG(s) 'fraud_detection_training' retrieved from /opt/airflow/dags/fraud_detection_training_dag.py
[2025-12-27T13:41:59.756+0000] {logging_mixin.py:190} INFO - [2025-12-27T13:41:59.756+0000] {dag.py:3239} INFO - Sync 1 DAGs
[2025-12-27T13:41:59.770+0000] {logging_mixin.py:190} INFO - [2025-12-27T13:41:59.769+0000] {dag.py:4180} INFO - Setting next_dagrun for fraud_detection_training to 2025-12-26 03:00:00+00:00, run_after=2025-12-27 03:00:00+00:00
[2025-12-27T13:41:59.778+0000] {processor.py:208} INFO - Processing /opt/airflow/dags/fraud_detection_training_dag.py took 0.047 seconds
[2025-12-27T13:42:29.899+0000] {processor.py:186} INFO - Started process (PID=485) to work on /opt/airflow/dags/fraud_detection_training_dag.py
[2025-12-27T13:42:29.900+0000] {processor.py:914} INFO - Processing file /opt/airflow/dags/fraud_detection_training_dag.py for tasks to queue
[2025-12-27T13:42:29.902+0000] {logging_mixin.py:190} INFO - [2025-12-27T13:42:29.902+0000] {dagbag.py:588} INFO - Filling up the DagBag from /opt/airflow/dags/fraud_detection_training_dag.py
[2025-12-27T13:42:29.914+0000] {processor.py:925} INFO - DAG(s) 'fraud_detection_training' retrieved from /opt/airflow/dags/fraud_detection_training_dag.py
[2025-12-27T13:42:29.936+0000] {logging_mixin.py:190} INFO - [2025-12-27T13:42:29.936+0000] {dag.py:3239} INFO - Sync 1 DAGs
[2025-12-27T13:42:29.952+0000] {logging_mixin.py:190} INFO - [2025-12-27T13:42:29.952+0000] {dag.py:4180} INFO - Setting next_dagrun for fraud_detection_training to 2025-12-26 03:00:00+00:00, run_after=2025-12-27 03:00:00+00:00
[2025-12-27T13:42:29.961+0000] {processor.py:208} INFO - Processing /opt/airflow/dags/fraud_detection_training_dag.py took 0.066 seconds
[2025-12-27T13:43:00.022+0000] {processor.py:186} INFO - Started process (PID=492) to work on /opt/airflow/dags/fraud_detection_training_dag.py
[2025-12-27T13:43:00.023+0000] {processor.py:914} INFO - Processing file /opt/airflow/dags/fraud_detection_training_dag.py for tasks to queue
[2025-12-27T13:43:00.024+0000] {logging_mixin.py:190} INFO - [2025-12-27T13:43:00.024+0000] {dagbag.py:588} INFO - Filling up the DagBag from /opt/airflow/dags/fraud_detection_training_dag.py
[2025-12-27T13:43:00.031+0000] {processor.py:925} INFO - DAG(s) 'fraud_detection_training' retrieved from /opt/airflow/dags/fraud_detection_training_dag.py
[2025-12-27T13:43:00.049+0000] {logging_mixin.py:190} INFO - [2025-12-27T13:43:00.049+0000] {dag.py:3239} INFO - Sync 1 DAGs
[2025-12-27T13:43:00.060+0000] {logging_mixin.py:190} INFO - [2025-12-27T13:43:00.060+0000] {dag.py:4180} INFO - Setting next_dagrun for fraud_detection_training to 2025-12-26 03:00:00+00:00, run_after=2025-12-27 03:00:00+00:00
[2025-12-27T13:43:00.068+0000] {processor.py:208} INFO - Processing /opt/airflow/dags/fraud_detection_training_dag.py took 0.048 seconds
[2025-12-27T13:43:30.183+0000] {processor.py:186} INFO - Started process (PID=493) to work on /opt/airflow/dags/fraud_detection_training_dag.py
[2025-12-27T13:43:30.183+0000] {processor.py:914} INFO - Processing file /opt/airflow/dags/fraud_detection_training_dag.py for tasks to queue
[2025-12-27T13:43:30.185+0000] {logging_mixin.py:190} INFO - [2025-12-27T13:43:30.185+0000] {dagbag.py:588} INFO - Filling up the DagBag from /opt/airflow/dags/fraud_detection_training_dag.py
[2025-12-27T13:43:30.194+0000] {processor.py:925} INFO - DAG(s) 'fraud_detection_training' retrieved from /opt/airflow/dags/fraud_detection_training_dag.py
[2025-12-27T13:43:30.211+0000] {logging_mixin.py:190} INFO - [2025-12-27T13:43:30.211+0000] {dag.py:3239} INFO - Sync 1 DAGs
[2025-12-27T13:43:30.224+0000] {logging_mixin.py:190} INFO - [2025-12-27T13:43:30.224+0000] {dag.py:4180} INFO - Setting next_dagrun for fraud_detection_training to 2025-12-26 03:00:00+00:00, run_after=2025-12-27 03:00:00+00:00
[2025-12-27T13:43:30.233+0000] {processor.py:208} INFO - Processing /opt/airflow/dags/fraud_detection_training_dag.py took 0.054 seconds
[2025-12-27T13:44:00.294+0000] {processor.py:186} INFO - Started process (PID=500) to work on /opt/airflow/dags/fraud_detection_training_dag.py
[2025-12-27T13:44:00.295+0000] {processor.py:914} INFO - Processing file /opt/airflow/dags/fraud_detection_training_dag.py for tasks to queue
[2025-12-27T13:44:00.296+0000] {logging_mixin.py:190} INFO - [2025-12-27T13:44:00.296+0000] {dagbag.py:588} INFO - Filling up the DagBag from /opt/airflow/dags/fraud_detection_training_dag.py
[2025-12-27T13:44:00.302+0000] {processor.py:925} INFO - DAG(s) 'fraud_detection_training' retrieved from /opt/airflow/dags/fraud_detection_training_dag.py
[2025-12-27T13:44:00.316+0000] {logging_mixin.py:190} INFO - [2025-12-27T13:44:00.316+0000] {dag.py:3239} INFO - Sync 1 DAGs
[2025-12-27T13:44:00.329+0000] {logging_mixin.py:190} INFO - [2025-12-27T13:44:00.329+0000] {dag.py:4180} INFO - Setting next_dagrun for fraud_detection_training to 2025-12-26 03:00:00+00:00, run_after=2025-12-27 03:00:00+00:00
[2025-12-27T13:44:00.336+0000] {processor.py:208} INFO - Processing /opt/airflow/dags/fraud_detection_training_dag.py took 0.045 seconds
[2025-12-27T13:44:30.444+0000] {processor.py:186} INFO - Started process (PID=501) to work on /opt/airflow/dags/fraud_detection_training_dag.py
[2025-12-27T13:44:30.444+0000] {processor.py:914} INFO - Processing file /opt/airflow/dags/fraud_detection_training_dag.py for tasks to queue
[2025-12-27T13:44:30.445+0000] {logging_mixin.py:190} INFO - [2025-12-27T13:44:30.445+0000] {dagbag.py:588} INFO - Filling up the DagBag from /opt/airflow/dags/fraud_detection_training_dag.py
[2025-12-27T13:44:30.454+0000] {processor.py:925} INFO - DAG(s) 'fraud_detection_training' retrieved from /opt/airflow/dags/fraud_detection_training_dag.py
[2025-12-27T13:44:30.478+0000] {logging_mixin.py:190} INFO - [2025-12-27T13:44:30.478+0000] {dag.py:3239} INFO - Sync 1 DAGs
[2025-12-27T13:44:30.491+0000] {logging_mixin.py:190} INFO - [2025-12-27T13:44:30.491+0000] {dag.py:4180} INFO - Setting next_dagrun for fraud_detection_training to 2025-12-26 03:00:00+00:00, run_after=2025-12-27 03:00:00+00:00
[2025-12-27T13:44:30.502+0000] {processor.py:208} INFO - Processing /opt/airflow/dags/fraud_detection_training_dag.py took 0.061 seconds
[2025-12-27T13:45:00.571+0000] {processor.py:186} INFO - Started process (PID=508) to work on /opt/airflow/dags/fraud_detection_training_dag.py
[2025-12-27T13:45:00.572+0000] {processor.py:914} INFO - Processing file /opt/airflow/dags/fraud_detection_training_dag.py for tasks to queue
[2025-12-27T13:45:00.573+0000] {logging_mixin.py:190} INFO - [2025-12-27T13:45:00.573+0000] {dagbag.py:588} INFO - Filling up the DagBag from /opt/airflow/dags/fraud_detection_training_dag.py
[2025-12-27T13:45:00.581+0000] {processor.py:925} INFO - DAG(s) 'fraud_detection_training' retrieved from /opt/airflow/dags/fraud_detection_training_dag.py
[2025-12-27T13:45:00.604+0000] {logging_mixin.py:190} INFO - [2025-12-27T13:45:00.603+0000] {dag.py:3239} INFO - Sync 1 DAGs
[2025-12-27T13:45:00.620+0000] {logging_mixin.py:190} INFO - [2025-12-27T13:45:00.619+0000] {dag.py:4180} INFO - Setting next_dagrun for fraud_detection_training to 2025-12-26 03:00:00+00:00, run_after=2025-12-27 03:00:00+00:00
[2025-12-27T13:45:00.629+0000] {processor.py:208} INFO - Processing /opt/airflow/dags/fraud_detection_training_dag.py took 0.062 seconds
[2025-12-27T13:45:30.740+0000] {processor.py:186} INFO - Started process (PID=509) to work on /opt/airflow/dags/fraud_detection_training_dag.py
[2025-12-27T13:45:30.741+0000] {processor.py:914} INFO - Processing file /opt/airflow/dags/fraud_detection_training_dag.py for tasks to queue
[2025-12-27T13:45:30.743+0000] {logging_mixin.py:190} INFO - [2025-12-27T13:45:30.742+0000] {dagbag.py:588} INFO - Filling up the DagBag from /opt/airflow/dags/fraud_detection_training_dag.py
[2025-12-27T13:45:30.752+0000] {processor.py:925} INFO - DAG(s) 'fraud_detection_training' retrieved from /opt/airflow/dags/fraud_detection_training_dag.py
[2025-12-27T13:45:30.771+0000] {logging_mixin.py:190} INFO - [2025-12-27T13:45:30.770+0000] {dag.py:3239} INFO - Sync 1 DAGs
[2025-12-27T13:45:30.786+0000] {logging_mixin.py:190} INFO - [2025-12-27T13:45:30.786+0000] {dag.py:4180} INFO - Setting next_dagrun for fraud_detection_training to 2025-12-26 03:00:00+00:00, run_after=2025-12-27 03:00:00+00:00
[2025-12-27T13:45:30.796+0000] {processor.py:208} INFO - Processing /opt/airflow/dags/fraud_detection_training_dag.py took 0.059 seconds
[2025-12-27T13:46:00.848+0000] {processor.py:186} INFO - Started process (PID=516) to work on /opt/airflow/dags/fraud_detection_training_dag.py
[2025-12-27T13:46:00.849+0000] {processor.py:914} INFO - Processing file /opt/airflow/dags/fraud_detection_training_dag.py for tasks to queue
[2025-12-27T13:46:00.851+0000] {logging_mixin.py:190} INFO - [2025-12-27T13:46:00.850+0000] {dagbag.py:588} INFO - Filling up the DagBag from /opt/airflow/dags/fraud_detection_training_dag.py
[2025-12-27T13:46:00.856+0000] {processor.py:925} INFO - DAG(s) 'fraud_detection_training' retrieved from /opt/airflow/dags/fraud_detection_training_dag.py
[2025-12-27T13:46:00.872+0000] {logging_mixin.py:190} INFO - [2025-12-27T13:46:00.872+0000] {dag.py:3239} INFO - Sync 1 DAGs
[2025-12-27T13:46:00.886+0000] {logging_mixin.py:190} INFO - [2025-12-27T13:46:00.886+0000] {dag.py:4180} INFO - Setting next_dagrun for fraud_detection_training to 2025-12-26 03:00:00+00:00, run_after=2025-12-27 03:00:00+00:00
[2025-12-27T13:46:00.896+0000] {processor.py:208} INFO - Processing /opt/airflow/dags/fraud_detection_training_dag.py took 0.051 seconds
[2025-12-27T13:46:31.001+0000] {processor.py:186} INFO - Started process (PID=517) to work on /opt/airflow/dags/fraud_detection_training_dag.py
[2025-12-27T13:46:31.002+0000] {processor.py:914} INFO - Processing file /opt/airflow/dags/fraud_detection_training_dag.py for tasks to queue
[2025-12-27T13:46:31.003+0000] {logging_mixin.py:190} INFO - [2025-12-27T13:46:31.003+0000] {dagbag.py:588} INFO - Filling up the DagBag from /opt/airflow/dags/fraud_detection_training_dag.py
[2025-12-27T13:46:31.010+0000] {processor.py:925} INFO - DAG(s) 'fraud_detection_training' retrieved from /opt/airflow/dags/fraud_detection_training_dag.py
[2025-12-27T13:46:31.026+0000] {logging_mixin.py:190} INFO - [2025-12-27T13:46:31.026+0000] {dag.py:3239} INFO - Sync 1 DAGs
[2025-12-27T13:46:31.038+0000] {logging_mixin.py:190} INFO - [2025-12-27T13:46:31.038+0000] {dag.py:4180} INFO - Setting next_dagrun for fraud_detection_training to 2025-12-26 03:00:00+00:00, run_after=2025-12-27 03:00:00+00:00
[2025-12-27T13:46:31.046+0000] {processor.py:208} INFO - Processing /opt/airflow/dags/fraud_detection_training_dag.py took 0.048 seconds
[2025-12-27T13:47:01.117+0000] {processor.py:186} INFO - Started process (PID=524) to work on /opt/airflow/dags/fraud_detection_training_dag.py
[2025-12-27T13:47:01.118+0000] {processor.py:914} INFO - Processing file /opt/airflow/dags/fraud_detection_training_dag.py for tasks to queue
[2025-12-27T13:47:01.119+0000] {logging_mixin.py:190} INFO - [2025-12-27T13:47:01.119+0000] {dagbag.py:588} INFO - Filling up the DagBag from /opt/airflow/dags/fraud_detection_training_dag.py
[2025-12-27T13:47:01.126+0000] {processor.py:925} INFO - DAG(s) 'fraud_detection_training' retrieved from /opt/airflow/dags/fraud_detection_training_dag.py
[2025-12-27T13:47:01.143+0000] {logging_mixin.py:190} INFO - [2025-12-27T13:47:01.143+0000] {dag.py:3239} INFO - Sync 1 DAGs
[2025-12-27T13:47:01.155+0000] {logging_mixin.py:190} INFO - [2025-12-27T13:47:01.155+0000] {dag.py:4180} INFO - Setting next_dagrun for fraud_detection_training to 2025-12-26 03:00:00+00:00, run_after=2025-12-27 03:00:00+00:00
[2025-12-27T13:47:01.163+0000] {processor.py:208} INFO - Processing /opt/airflow/dags/fraud_detection_training_dag.py took 0.049 seconds
[2025-12-27T13:47:31.261+0000] {processor.py:186} INFO - Started process (PID=525) to work on /opt/airflow/dags/fraud_detection_training_dag.py
[2025-12-27T13:47:31.261+0000] {processor.py:914} INFO - Processing file /opt/airflow/dags/fraud_detection_training_dag.py for tasks to queue
[2025-12-27T13:47:31.262+0000] {logging_mixin.py:190} INFO - [2025-12-27T13:47:31.262+0000] {dagbag.py:588} INFO - Filling up the DagBag from /opt/airflow/dags/fraud_detection_training_dag.py
[2025-12-27T13:47:31.267+0000] {processor.py:925} INFO - DAG(s) 'fraud_detection_training' retrieved from /opt/airflow/dags/fraud_detection_training_dag.py
[2025-12-27T13:47:31.281+0000] {logging_mixin.py:190} INFO - [2025-12-27T13:47:31.281+0000] {dag.py:3239} INFO - Sync 1 DAGs
[2025-12-27T13:47:31.291+0000] {logging_mixin.py:190} INFO - [2025-12-27T13:47:31.291+0000] {dag.py:4180} INFO - Setting next_dagrun for fraud_detection_training to 2025-12-26 03:00:00+00:00, run_after=2025-12-27 03:00:00+00:00
[2025-12-27T13:47:31.299+0000] {processor.py:208} INFO - Processing /opt/airflow/dags/fraud_detection_training_dag.py took 0.041 seconds
[2025-12-27T13:48:01.386+0000] {processor.py:186} INFO - Started process (PID=531) to work on /opt/airflow/dags/fraud_detection_training_dag.py
[2025-12-27T13:48:01.387+0000] {processor.py:914} INFO - Processing file /opt/airflow/dags/fraud_detection_training_dag.py for tasks to queue
[2025-12-27T13:48:01.388+0000] {logging_mixin.py:190} INFO - [2025-12-27T13:48:01.388+0000] {dagbag.py:588} INFO - Filling up the DagBag from /opt/airflow/dags/fraud_detection_training_dag.py
[2025-12-27T13:48:01.394+0000] {processor.py:925} INFO - DAG(s) 'fraud_detection_training' retrieved from /opt/airflow/dags/fraud_detection_training_dag.py
[2025-12-27T13:48:01.411+0000] {logging_mixin.py:190} INFO - [2025-12-27T13:48:01.411+0000] {dag.py:3239} INFO - Sync 1 DAGs
[2025-12-27T13:48:01.422+0000] {logging_mixin.py:190} INFO - [2025-12-27T13:48:01.422+0000] {dag.py:4180} INFO - Setting next_dagrun for fraud_detection_training to 2025-12-26 03:00:00+00:00, run_after=2025-12-27 03:00:00+00:00
[2025-12-27T13:48:01.430+0000] {processor.py:208} INFO - Processing /opt/airflow/dags/fraud_detection_training_dag.py took 0.047 seconds
[2025-12-27T13:48:31.492+0000] {processor.py:186} INFO - Started process (PID=532) to work on /opt/airflow/dags/fraud_detection_training_dag.py
[2025-12-27T13:48:31.492+0000] {processor.py:914} INFO - Processing file /opt/airflow/dags/fraud_detection_training_dag.py for tasks to queue
[2025-12-27T13:48:31.493+0000] {logging_mixin.py:190} INFO - [2025-12-27T13:48:31.493+0000] {dagbag.py:588} INFO - Filling up the DagBag from /opt/airflow/dags/fraud_detection_training_dag.py
[2025-12-27T13:48:31.499+0000] {processor.py:925} INFO - DAG(s) 'fraud_detection_training' retrieved from /opt/airflow/dags/fraud_detection_training_dag.py
[2025-12-27T13:48:31.512+0000] {logging_mixin.py:190} INFO - [2025-12-27T13:48:31.512+0000] {dag.py:3239} INFO - Sync 1 DAGs
[2025-12-27T13:48:31.523+0000] {logging_mixin.py:190} INFO - [2025-12-27T13:48:31.523+0000] {dag.py:4180} INFO - Setting next_dagrun for fraud_detection_training to 2025-12-26 03:00:00+00:00, run_after=2025-12-27 03:00:00+00:00
[2025-12-27T13:48:31.530+0000] {processor.py:208} INFO - Processing /opt/airflow/dags/fraud_detection_training_dag.py took 0.041 seconds
[2025-12-27T13:49:01.640+0000] {processor.py:186} INFO - Started process (PID=539) to work on /opt/airflow/dags/fraud_detection_training_dag.py
[2025-12-27T13:49:01.641+0000] {processor.py:914} INFO - Processing file /opt/airflow/dags/fraud_detection_training_dag.py for tasks to queue
[2025-12-27T13:49:01.643+0000] {logging_mixin.py:190} INFO - [2025-12-27T13:49:01.643+0000] {dagbag.py:588} INFO - Filling up the DagBag from /opt/airflow/dags/fraud_detection_training_dag.py
[2025-12-27T13:49:01.652+0000] {processor.py:925} INFO - DAG(s) 'fraud_detection_training' retrieved from /opt/airflow/dags/fraud_detection_training_dag.py
[2025-12-27T13:49:01.671+0000] {logging_mixin.py:190} INFO - [2025-12-27T13:49:01.671+0000] {dag.py:3239} INFO - Sync 1 DAGs
[2025-12-27T13:49:01.685+0000] {logging_mixin.py:190} INFO - [2025-12-27T13:49:01.685+0000] {dag.py:4180} INFO - Setting next_dagrun for fraud_detection_training to 2025-12-26 03:00:00+00:00, run_after=2025-12-27 03:00:00+00:00
[2025-12-27T13:49:01.694+0000] {processor.py:208} INFO - Processing /opt/airflow/dags/fraud_detection_training_dag.py took 0.058 seconds
[2025-12-27T13:49:31.748+0000] {processor.py:186} INFO - Started process (PID=540) to work on /opt/airflow/dags/fraud_detection_training_dag.py
[2025-12-27T13:49:31.749+0000] {processor.py:914} INFO - Processing file /opt/airflow/dags/fraud_detection_training_dag.py for tasks to queue
[2025-12-27T13:49:31.750+0000] {logging_mixin.py:190} INFO - [2025-12-27T13:49:31.749+0000] {dagbag.py:588} INFO - Filling up the DagBag from /opt/airflow/dags/fraud_detection_training_dag.py
[2025-12-27T13:49:31.755+0000] {processor.py:925} INFO - DAG(s) 'fraud_detection_training' retrieved from /opt/airflow/dags/fraud_detection_training_dag.py
[2025-12-27T13:49:31.771+0000] {logging_mixin.py:190} INFO - [2025-12-27T13:49:31.770+0000] {dag.py:3239} INFO - Sync 1 DAGs
[2025-12-27T13:49:31.786+0000] {logging_mixin.py:190} INFO - [2025-12-27T13:49:31.786+0000] {dag.py:4180} INFO - Setting next_dagrun for fraud_detection_training to 2025-12-26 03:00:00+00:00, run_after=2025-12-27 03:00:00+00:00
[2025-12-27T13:49:31.797+0000] {processor.py:208} INFO - Processing /opt/airflow/dags/fraud_detection_training_dag.py took 0.051 seconds
[2025-12-27T13:50:01.896+0000] {processor.py:186} INFO - Started process (PID=546) to work on /opt/airflow/dags/fraud_detection_training_dag.py
[2025-12-27T13:50:01.897+0000] {processor.py:914} INFO - Processing file /opt/airflow/dags/fraud_detection_training_dag.py for tasks to queue
[2025-12-27T13:50:01.898+0000] {logging_mixin.py:190} INFO - [2025-12-27T13:50:01.898+0000] {dagbag.py:588} INFO - Filling up the DagBag from /opt/airflow/dags/fraud_detection_training_dag.py
[2025-12-27T13:50:01.903+0000] {processor.py:925} INFO - DAG(s) 'fraud_detection_training' retrieved from /opt/airflow/dags/fraud_detection_training_dag.py
[2025-12-27T13:50:01.916+0000] {logging_mixin.py:190} INFO - [2025-12-27T13:50:01.916+0000] {dag.py:3239} INFO - Sync 1 DAGs
[2025-12-27T13:50:01.926+0000] {logging_mixin.py:190} INFO - [2025-12-27T13:50:01.926+0000] {dag.py:4180} INFO - Setting next_dagrun for fraud_detection_training to 2025-12-26 03:00:00+00:00, run_after=2025-12-27 03:00:00+00:00
[2025-12-27T13:50:01.933+0000] {processor.py:208} INFO - Processing /opt/airflow/dags/fraud_detection_training_dag.py took 0.039 seconds
[2025-12-27T13:50:32.013+0000] {processor.py:186} INFO - Started process (PID=547) to work on /opt/airflow/dags/fraud_detection_training_dag.py
[2025-12-27T13:50:32.014+0000] {processor.py:914} INFO - Processing file /opt/airflow/dags/fraud_detection_training_dag.py for tasks to queue
[2025-12-27T13:50:32.015+0000] {logging_mixin.py:190} INFO - [2025-12-27T13:50:32.015+0000] {dagbag.py:588} INFO - Filling up the DagBag from /opt/airflow/dags/fraud_detection_training_dag.py
[2025-12-27T13:50:32.020+0000] {processor.py:925} INFO - DAG(s) 'fraud_detection_training' retrieved from /opt/airflow/dags/fraud_detection_training_dag.py
[2025-12-27T13:50:32.035+0000] {logging_mixin.py:190} INFO - [2025-12-27T13:50:32.035+0000] {dag.py:3239} INFO - Sync 1 DAGs
[2025-12-27T13:50:32.046+0000] {logging_mixin.py:190} INFO - [2025-12-27T13:50:32.045+0000] {dag.py:4180} INFO - Setting next_dagrun for fraud_detection_training to 2025-12-26 03:00:00+00:00, run_after=2025-12-27 03:00:00+00:00
[2025-12-27T13:50:32.055+0000] {processor.py:208} INFO - Processing /opt/airflow/dags/fraud_detection_training_dag.py took 0.044 seconds
[2025-12-27T13:51:02.135+0000] {processor.py:186} INFO - Started process (PID=554) to work on /opt/airflow/dags/fraud_detection_training_dag.py
[2025-12-27T13:51:02.136+0000] {processor.py:914} INFO - Processing file /opt/airflow/dags/fraud_detection_training_dag.py for tasks to queue
[2025-12-27T13:51:02.137+0000] {logging_mixin.py:190} INFO - [2025-12-27T13:51:02.137+0000] {dagbag.py:588} INFO - Filling up the DagBag from /opt/airflow/dags/fraud_detection_training_dag.py
[2025-12-27T13:51:02.143+0000] {processor.py:925} INFO - DAG(s) 'fraud_detection_training' retrieved from /opt/airflow/dags/fraud_detection_training_dag.py
[2025-12-27T13:51:02.158+0000] {logging_mixin.py:190} INFO - [2025-12-27T13:51:02.158+0000] {dag.py:3239} INFO - Sync 1 DAGs
[2025-12-27T13:51:02.170+0000] {logging_mixin.py:190} INFO - [2025-12-27T13:51:02.170+0000] {dag.py:4180} INFO - Setting next_dagrun for fraud_detection_training to 2025-12-26 03:00:00+00:00, run_after=2025-12-27 03:00:00+00:00
[2025-12-27T13:51:02.178+0000] {processor.py:208} INFO - Processing /opt/airflow/dags/fraud_detection_training_dag.py took 0.046 seconds
[2025-12-27T13:51:32.258+0000] {processor.py:186} INFO - Started process (PID=555) to work on /opt/airflow/dags/fraud_detection_training_dag.py
[2025-12-27T13:51:32.259+0000] {processor.py:914} INFO - Processing file /opt/airflow/dags/fraud_detection_training_dag.py for tasks to queue
[2025-12-27T13:51:32.260+0000] {logging_mixin.py:190} INFO - [2025-12-27T13:51:32.260+0000] {dagbag.py:588} INFO - Filling up the DagBag from /opt/airflow/dags/fraud_detection_training_dag.py
[2025-12-27T13:51:32.266+0000] {processor.py:925} INFO - DAG(s) 'fraud_detection_training' retrieved from /opt/airflow/dags/fraud_detection_training_dag.py
[2025-12-27T13:51:32.280+0000] {logging_mixin.py:190} INFO - [2025-12-27T13:51:32.280+0000] {dag.py:3239} INFO - Sync 1 DAGs
[2025-12-27T13:51:32.290+0000] {logging_mixin.py:190} INFO - [2025-12-27T13:51:32.290+0000] {dag.py:4180} INFO - Setting next_dagrun for fraud_detection_training to 2025-12-26 03:00:00+00:00, run_after=2025-12-27 03:00:00+00:00
[2025-12-27T13:51:32.297+0000] {processor.py:208} INFO - Processing /opt/airflow/dags/fraud_detection_training_dag.py took 0.041 seconds
[2025-12-27T13:52:02.402+0000] {processor.py:186} INFO - Started process (PID=562) to work on /opt/airflow/dags/fraud_detection_training_dag.py
[2025-12-27T13:52:02.403+0000] {processor.py:914} INFO - Processing file /opt/airflow/dags/fraud_detection_training_dag.py for tasks to queue
[2025-12-27T13:52:02.405+0000] {logging_mixin.py:190} INFO - [2025-12-27T13:52:02.405+0000] {dagbag.py:588} INFO - Filling up the DagBag from /opt/airflow/dags/fraud_detection_training_dag.py
[2025-12-27T13:52:02.410+0000] {processor.py:925} INFO - DAG(s) 'fraud_detection_training' retrieved from /opt/airflow/dags/fraud_detection_training_dag.py
[2025-12-27T13:52:02.423+0000] {logging_mixin.py:190} INFO - [2025-12-27T13:52:02.423+0000] {dag.py:3239} INFO - Sync 1 DAGs
[2025-12-27T13:52:02.446+0000] {logging_mixin.py:190} INFO - [2025-12-27T13:52:02.445+0000] {dag.py:4180} INFO - Setting next_dagrun for fraud_detection_training to 2025-12-26 03:00:00+00:00, run_after=2025-12-27 03:00:00+00:00
[2025-12-27T13:52:02.478+0000] {processor.py:208} INFO - Processing /opt/airflow/dags/fraud_detection_training_dag.py took 0.078 seconds
[2025-12-27T13:52:32.515+0000] {processor.py:186} INFO - Started process (PID=563) to work on /opt/airflow/dags/fraud_detection_training_dag.py
[2025-12-27T13:52:32.515+0000] {processor.py:914} INFO - Processing file /opt/airflow/dags/fraud_detection_training_dag.py for tasks to queue
[2025-12-27T13:52:32.517+0000] {logging_mixin.py:190} INFO - [2025-12-27T13:52:32.517+0000] {dagbag.py:588} INFO - Filling up the DagBag from /opt/airflow/dags/fraud_detection_training_dag.py
[2025-12-27T13:52:32.523+0000] {processor.py:925} INFO - DAG(s) 'fraud_detection_training' retrieved from /opt/airflow/dags/fraud_detection_training_dag.py
[2025-12-27T13:52:32.539+0000] {logging_mixin.py:190} INFO - [2025-12-27T13:52:32.539+0000] {dag.py:3239} INFO - Sync 1 DAGs
[2025-12-27T13:52:32.551+0000] {logging_mixin.py:190} INFO - [2025-12-27T13:52:32.550+0000] {dag.py:4180} INFO - Setting next_dagrun for fraud_detection_training to 2025-12-26 03:00:00+00:00, run_after=2025-12-27 03:00:00+00:00
[2025-12-27T13:52:32.560+0000] {processor.py:208} INFO - Processing /opt/airflow/dags/fraud_detection_training_dag.py took 0.048 seconds
[2025-12-27T13:53:02.687+0000] {processor.py:186} INFO - Started process (PID=570) to work on /opt/airflow/dags/fraud_detection_training_dag.py
[2025-12-27T13:53:02.687+0000] {processor.py:914} INFO - Processing file /opt/airflow/dags/fraud_detection_training_dag.py for tasks to queue
[2025-12-27T13:53:02.688+0000] {logging_mixin.py:190} INFO - [2025-12-27T13:53:02.688+0000] {dagbag.py:588} INFO - Filling up the DagBag from /opt/airflow/dags/fraud_detection_training_dag.py
[2025-12-27T13:53:02.694+0000] {processor.py:925} INFO - DAG(s) 'fraud_detection_training' retrieved from /opt/airflow/dags/fraud_detection_training_dag.py
[2025-12-27T13:53:02.709+0000] {logging_mixin.py:190} INFO - [2025-12-27T13:53:02.709+0000] {dag.py:3239} INFO - Sync 1 DAGs
[2025-12-27T13:53:02.719+0000] {logging_mixin.py:190} INFO - [2025-12-27T13:53:02.719+0000] {dag.py:4180} INFO - Setting next_dagrun for fraud_detection_training to 2025-12-26 03:00:00+00:00, run_after=2025-12-27 03:00:00+00:00
[2025-12-27T13:53:02.726+0000] {processor.py:208} INFO - Processing /opt/airflow/dags/fraud_detection_training_dag.py took 0.042 seconds
[2025-12-27T13:53:32.806+0000] {processor.py:186} INFO - Started process (PID=571) to work on /opt/airflow/dags/fraud_detection_training_dag.py
[2025-12-27T13:53:32.807+0000] {processor.py:914} INFO - Processing file /opt/airflow/dags/fraud_detection_training_dag.py for tasks to queue
[2025-12-27T13:53:32.807+0000] {logging_mixin.py:190} INFO - [2025-12-27T13:53:32.807+0000] {dagbag.py:588} INFO - Filling up the DagBag from /opt/airflow/dags/fraud_detection_training_dag.py
[2025-12-27T13:53:32.813+0000] {processor.py:925} INFO - DAG(s) 'fraud_detection_training' retrieved from /opt/airflow/dags/fraud_detection_training_dag.py
[2025-12-27T13:53:32.825+0000] {logging_mixin.py:190} INFO - [2025-12-27T13:53:32.825+0000] {dag.py:3239} INFO - Sync 1 DAGs
[2025-12-27T13:53:32.834+0000] {logging_mixin.py:190} INFO - [2025-12-27T13:53:32.834+0000] {dag.py:4180} INFO - Setting next_dagrun for fraud_detection_training to 2025-12-26 03:00:00+00:00, run_after=2025-12-27 03:00:00+00:00
[2025-12-27T13:53:32.841+0000] {processor.py:208} INFO - Processing /opt/airflow/dags/fraud_detection_training_dag.py took 0.037 seconds
[2025-12-27T13:54:02.936+0000] {processor.py:186} INFO - Started process (PID=578) to work on /opt/airflow/dags/fraud_detection_training_dag.py
[2025-12-27T13:54:02.937+0000] {processor.py:914} INFO - Processing file /opt/airflow/dags/fraud_detection_training_dag.py for tasks to queue
[2025-12-27T13:54:02.938+0000] {logging_mixin.py:190} INFO - [2025-12-27T13:54:02.938+0000] {dagbag.py:588} INFO - Filling up the DagBag from /opt/airflow/dags/fraud_detection_training_dag.py
[2025-12-27T13:54:02.946+0000] {processor.py:925} INFO - DAG(s) 'fraud_detection_training' retrieved from /opt/airflow/dags/fraud_detection_training_dag.py
[2025-12-27T13:54:02.966+0000] {logging_mixin.py:190} INFO - [2025-12-27T13:54:02.966+0000] {dag.py:3239} INFO - Sync 1 DAGs
[2025-12-27T13:54:02.984+0000] {logging_mixin.py:190} INFO - [2025-12-27T13:54:02.984+0000] {dag.py:4180} INFO - Setting next_dagrun for fraud_detection_training to 2025-12-26 03:00:00+00:00, run_after=2025-12-27 03:00:00+00:00
[2025-12-27T13:54:02.993+0000] {processor.py:208} INFO - Processing /opt/airflow/dags/fraud_detection_training_dag.py took 0.061 seconds
[2025-12-27T13:54:33.051+0000] {processor.py:186} INFO - Started process (PID=579) to work on /opt/airflow/dags/fraud_detection_training_dag.py
[2025-12-27T13:54:33.051+0000] {processor.py:914} INFO - Processing file /opt/airflow/dags/fraud_detection_training_dag.py for tasks to queue
[2025-12-27T13:54:33.053+0000] {logging_mixin.py:190} INFO - [2025-12-27T13:54:33.053+0000] {dagbag.py:588} INFO - Filling up the DagBag from /opt/airflow/dags/fraud_detection_training_dag.py
[2025-12-27T13:54:33.060+0000] {processor.py:925} INFO - DAG(s) 'fraud_detection_training' retrieved from /opt/airflow/dags/fraud_detection_training_dag.py
[2025-12-27T13:54:33.077+0000] {logging_mixin.py:190} INFO - [2025-12-27T13:54:33.077+0000] {dag.py:3239} INFO - Sync 1 DAGs
[2025-12-27T13:54:33.092+0000] {logging_mixin.py:190} INFO - [2025-12-27T13:54:33.092+0000] {dag.py:4180} INFO - Setting next_dagrun for fraud_detection_training to 2025-12-26 03:00:00+00:00, run_after=2025-12-27 03:00:00+00:00
[2025-12-27T13:54:33.102+0000] {processor.py:208} INFO - Processing /opt/airflow/dags/fraud_detection_training_dag.py took 0.054 seconds
[2025-12-27T13:55:03.207+0000] {processor.py:186} INFO - Started process (PID=585) to work on /opt/airflow/dags/fraud_detection_training_dag.py
[2025-12-27T13:55:03.208+0000] {processor.py:914} INFO - Processing file /opt/airflow/dags/fraud_detection_training_dag.py for tasks to queue
[2025-12-27T13:55:03.209+0000] {logging_mixin.py:190} INFO - [2025-12-27T13:55:03.209+0000] {dagbag.py:588} INFO - Filling up the DagBag from /opt/airflow/dags/fraud_detection_training_dag.py
[2025-12-27T13:55:03.215+0000] {processor.py:925} INFO - DAG(s) 'fraud_detection_training' retrieved from /opt/airflow/dags/fraud_detection_training_dag.py
[2025-12-27T13:55:03.229+0000] {logging_mixin.py:190} INFO - [2025-12-27T13:55:03.229+0000] {dag.py:3239} INFO - Sync 1 DAGs
[2025-12-27T13:55:03.241+0000] {logging_mixin.py:190} INFO - [2025-12-27T13:55:03.241+0000] {dag.py:4180} INFO - Setting next_dagrun for fraud_detection_training to 2025-12-26 03:00:00+00:00, run_after=2025-12-27 03:00:00+00:00
[2025-12-27T13:55:03.249+0000] {processor.py:208} INFO - Processing /opt/airflow/dags/fraud_detection_training_dag.py took 0.045 seconds
[2025-12-27T13:55:33.332+0000] {processor.py:186} INFO - Started process (PID=586) to work on /opt/airflow/dags/fraud_detection_training_dag.py
[2025-12-27T13:55:33.333+0000] {processor.py:914} INFO - Processing file /opt/airflow/dags/fraud_detection_training_dag.py for tasks to queue
[2025-12-27T13:55:33.337+0000] {logging_mixin.py:190} INFO - [2025-12-27T13:55:33.337+0000] {dagbag.py:588} INFO - Filling up the DagBag from /opt/airflow/dags/fraud_detection_training_dag.py
[2025-12-27T13:55:33.347+0000] {processor.py:925} INFO - DAG(s) 'fraud_detection_training' retrieved from /opt/airflow/dags/fraud_detection_training_dag.py
[2025-12-27T13:55:33.368+0000] {logging_mixin.py:190} INFO - [2025-12-27T13:55:33.368+0000] {dag.py:3239} INFO - Sync 1 DAGs
[2025-12-27T13:55:33.385+0000] {logging_mixin.py:190} INFO - [2025-12-27T13:55:33.385+0000] {dag.py:4180} INFO - Setting next_dagrun for fraud_detection_training to 2025-12-26 03:00:00+00:00, run_after=2025-12-27 03:00:00+00:00
[2025-12-27T13:55:33.394+0000] {processor.py:208} INFO - Processing /opt/airflow/dags/fraud_detection_training_dag.py took 0.068 seconds
[2025-12-27T13:56:03.481+0000] {processor.py:186} INFO - Started process (PID=593) to work on /opt/airflow/dags/fraud_detection_training_dag.py
[2025-12-27T13:56:03.482+0000] {processor.py:914} INFO - Processing file /opt/airflow/dags/fraud_detection_training_dag.py for tasks to queue
[2025-12-27T13:56:03.483+0000] {logging_mixin.py:190} INFO - [2025-12-27T13:56:03.483+0000] {dagbag.py:588} INFO - Filling up the DagBag from /opt/airflow/dags/fraud_detection_training_dag.py
[2025-12-27T13:56:03.490+0000] {processor.py:925} INFO - DAG(s) 'fraud_detection_training' retrieved from /opt/airflow/dags/fraud_detection_training_dag.py
[2025-12-27T13:56:03.504+0000] {logging_mixin.py:190} INFO - [2025-12-27T13:56:03.504+0000] {dag.py:3239} INFO - Sync 1 DAGs
[2025-12-27T13:56:03.514+0000] {logging_mixin.py:190} INFO - [2025-12-27T13:56:03.514+0000] {dag.py:4180} INFO - Setting next_dagrun for fraud_detection_training to 2025-12-26 03:00:00+00:00, run_after=2025-12-27 03:00:00+00:00
[2025-12-27T13:56:03.523+0000] {processor.py:208} INFO - Processing /opt/airflow/dags/fraud_detection_training_dag.py took 0.044 seconds
[2025-12-27T13:56:33.662+0000] {processor.py:186} INFO - Started process (PID=594) to work on /opt/airflow/dags/fraud_detection_training_dag.py
[2025-12-27T13:56:33.662+0000] {processor.py:914} INFO - Processing file /opt/airflow/dags/fraud_detection_training_dag.py for tasks to queue
[2025-12-27T13:56:33.664+0000] {logging_mixin.py:190} INFO - [2025-12-27T13:56:33.664+0000] {dagbag.py:588} INFO - Filling up the DagBag from /opt/airflow/dags/fraud_detection_training_dag.py
[2025-12-27T13:56:33.674+0000] {processor.py:925} INFO - DAG(s) 'fraud_detection_training' retrieved from /opt/airflow/dags/fraud_detection_training_dag.py
[2025-12-27T13:56:33.696+0000] {logging_mixin.py:190} INFO - [2025-12-27T13:56:33.696+0000] {dag.py:3239} INFO - Sync 1 DAGs
[2025-12-27T13:56:33.710+0000] {logging_mixin.py:190} INFO - [2025-12-27T13:56:33.710+0000] {dag.py:4180} INFO - Setting next_dagrun for fraud_detection_training to 2025-12-26 03:00:00+00:00, run_after=2025-12-27 03:00:00+00:00
[2025-12-27T13:56:33.719+0000] {processor.py:208} INFO - Processing /opt/airflow/dags/fraud_detection_training_dag.py took 0.062 seconds
[2025-12-27T13:57:03.777+0000] {processor.py:186} INFO - Started process (PID=601) to work on /opt/airflow/dags/fraud_detection_training_dag.py
[2025-12-27T13:57:03.778+0000] {processor.py:914} INFO - Processing file /opt/airflow/dags/fraud_detection_training_dag.py for tasks to queue
[2025-12-27T13:57:03.779+0000] {logging_mixin.py:190} INFO - [2025-12-27T13:57:03.779+0000] {dagbag.py:588} INFO - Filling up the DagBag from /opt/airflow/dags/fraud_detection_training_dag.py
[2025-12-27T13:57:03.785+0000] {processor.py:925} INFO - DAG(s) 'fraud_detection_training' retrieved from /opt/airflow/dags/fraud_detection_training_dag.py
[2025-12-27T13:57:03.803+0000] {logging_mixin.py:190} INFO - [2025-12-27T13:57:03.803+0000] {dag.py:3239} INFO - Sync 1 DAGs
[2025-12-27T13:57:03.817+0000] {logging_mixin.py:190} INFO - [2025-12-27T13:57:03.817+0000] {dag.py:4180} INFO - Setting next_dagrun for fraud_detection_training to 2025-12-26 03:00:00+00:00, run_after=2025-12-27 03:00:00+00:00
[2025-12-27T13:57:03.829+0000] {processor.py:208} INFO - Processing /opt/airflow/dags/fraud_detection_training_dag.py took 0.055 seconds
[2025-12-27T13:57:33.944+0000] {processor.py:186} INFO - Started process (PID=602) to work on /opt/airflow/dags/fraud_detection_training_dag.py
[2025-12-27T13:57:33.945+0000] {processor.py:914} INFO - Processing file /opt/airflow/dags/fraud_detection_training_dag.py for tasks to queue
[2025-12-27T13:57:33.946+0000] {logging_mixin.py:190} INFO - [2025-12-27T13:57:33.946+0000] {dagbag.py:588} INFO - Filling up the DagBag from /opt/airflow/dags/fraud_detection_training_dag.py
[2025-12-27T13:57:33.952+0000] {processor.py:925} INFO - DAG(s) 'fraud_detection_training' retrieved from /opt/airflow/dags/fraud_detection_training_dag.py
[2025-12-27T13:57:33.968+0000] {logging_mixin.py:190} INFO - [2025-12-27T13:57:33.968+0000] {dag.py:3239} INFO - Sync 1 DAGs
[2025-12-27T13:57:33.981+0000] {logging_mixin.py:190} INFO - [2025-12-27T13:57:33.981+0000] {dag.py:4180} INFO - Setting next_dagrun for fraud_detection_training to 2025-12-26 03:00:00+00:00, run_after=2025-12-27 03:00:00+00:00
[2025-12-27T13:57:33.993+0000] {processor.py:208} INFO - Processing /opt/airflow/dags/fraud_detection_training_dag.py took 0.051 seconds
[2025-12-27T13:58:04.097+0000] {processor.py:186} INFO - Started process (PID=609) to work on /opt/airflow/dags/fraud_detection_training_dag.py
[2025-12-27T13:58:04.098+0000] {processor.py:914} INFO - Processing file /opt/airflow/dags/fraud_detection_training_dag.py for tasks to queue
[2025-12-27T13:58:04.099+0000] {logging_mixin.py:190} INFO - [2025-12-27T13:58:04.099+0000] {dagbag.py:588} INFO - Filling up the DagBag from /opt/airflow/dags/fraud_detection_training_dag.py
[2025-12-27T13:58:04.105+0000] {processor.py:925} INFO - DAG(s) 'fraud_detection_training' retrieved from /opt/airflow/dags/fraud_detection_training_dag.py
[2025-12-27T13:58:04.119+0000] {logging_mixin.py:190} INFO - [2025-12-27T13:58:04.118+0000] {dag.py:3239} INFO - Sync 1 DAGs
[2025-12-27T13:58:04.132+0000] {logging_mixin.py:190} INFO - [2025-12-27T13:58:04.132+0000] {dag.py:4180} INFO - Setting next_dagrun for fraud_detection_training to 2025-12-26 03:00:00+00:00, run_after=2025-12-27 03:00:00+00:00
[2025-12-27T13:58:04.141+0000] {processor.py:208} INFO - Processing /opt/airflow/dags/fraud_detection_training_dag.py took 0.047 seconds
[2025-12-27T13:58:34.213+0000] {processor.py:186} INFO - Started process (PID=610) to work on /opt/airflow/dags/fraud_detection_training_dag.py
[2025-12-27T13:58:34.214+0000] {processor.py:914} INFO - Processing file /opt/airflow/dags/fraud_detection_training_dag.py for tasks to queue
[2025-12-27T13:58:34.215+0000] {logging_mixin.py:190} INFO - [2025-12-27T13:58:34.215+0000] {dagbag.py:588} INFO - Filling up the DagBag from /opt/airflow/dags/fraud_detection_training_dag.py
[2025-12-27T13:58:34.223+0000] {processor.py:925} INFO - DAG(s) 'fraud_detection_training' retrieved from /opt/airflow/dags/fraud_detection_training_dag.py
[2025-12-27T13:58:34.236+0000] {logging_mixin.py:190} INFO - [2025-12-27T13:58:34.236+0000] {dag.py:3239} INFO - Sync 1 DAGs
[2025-12-27T13:58:34.248+0000] {logging_mixin.py:190} INFO - [2025-12-27T13:58:34.247+0000] {dag.py:4180} INFO - Setting next_dagrun for fraud_detection_training to 2025-12-26 03:00:00+00:00, run_after=2025-12-27 03:00:00+00:00
[2025-12-27T13:58:34.256+0000] {processor.py:208} INFO - Processing /opt/airflow/dags/fraud_detection_training_dag.py took 0.046 seconds
[2025-12-27T13:59:04.331+0000] {processor.py:186} INFO - Started process (PID=618) to work on /opt/airflow/dags/fraud_detection_training_dag.py
[2025-12-27T13:59:04.332+0000] {processor.py:914} INFO - Processing file /opt/airflow/dags/fraud_detection_training_dag.py for tasks to queue
[2025-12-27T13:59:04.334+0000] {logging_mixin.py:190} INFO - [2025-12-27T13:59:04.333+0000] {dagbag.py:588} INFO - Filling up the DagBag from /opt/airflow/dags/fraud_detection_training_dag.py
[2025-12-27T13:59:04.340+0000] {processor.py:925} INFO - DAG(s) 'fraud_detection_training' retrieved from /opt/airflow/dags/fraud_detection_training_dag.py
[2025-12-27T13:59:04.358+0000] {logging_mixin.py:190} INFO - [2025-12-27T13:59:04.358+0000] {dag.py:3239} INFO - Sync 1 DAGs
[2025-12-27T13:59:04.374+0000] {logging_mixin.py:190} INFO - [2025-12-27T13:59:04.374+0000] {dag.py:4180} INFO - Setting next_dagrun for fraud_detection_training to 2025-12-26 03:00:00+00:00, run_after=2025-12-27 03:00:00+00:00
[2025-12-27T13:59:04.384+0000] {processor.py:208} INFO - Processing /opt/airflow/dags/fraud_detection_training_dag.py took 0.055 seconds
[2025-12-27T13:59:34.495+0000] {processor.py:186} INFO - Started process (PID=619) to work on /opt/airflow/dags/fraud_detection_training_dag.py
[2025-12-27T13:59:34.495+0000] {processor.py:914} INFO - Processing file /opt/airflow/dags/fraud_detection_training_dag.py for tasks to queue
[2025-12-27T13:59:34.497+0000] {logging_mixin.py:190} INFO - [2025-12-27T13:59:34.497+0000] {dagbag.py:588} INFO - Filling up the DagBag from /opt/airflow/dags/fraud_detection_training_dag.py
[2025-12-27T13:59:34.507+0000] {processor.py:925} INFO - DAG(s) 'fraud_detection_training' retrieved from /opt/airflow/dags/fraud_detection_training_dag.py
[2025-12-27T13:59:34.527+0000] {logging_mixin.py:190} INFO - [2025-12-27T13:59:34.527+0000] {dag.py:3239} INFO - Sync 1 DAGs
[2025-12-27T13:59:34.543+0000] {logging_mixin.py:190} INFO - [2025-12-27T13:59:34.543+0000] {dag.py:4180} INFO - Setting next_dagrun for fraud_detection_training to 2025-12-26 03:00:00+00:00, run_after=2025-12-27 03:00:00+00:00
[2025-12-27T13:59:34.616+0000] {processor.py:208} INFO - Processing /opt/airflow/dags/fraud_detection_training_dag.py took 0.126 seconds
[2025-12-27T14:00:04.741+0000] {processor.py:186} INFO - Started process (PID=626) to work on /opt/airflow/dags/fraud_detection_training_dag.py
[2025-12-27T14:00:04.741+0000] {processor.py:914} INFO - Processing file /opt/airflow/dags/fraud_detection_training_dag.py for tasks to queue
[2025-12-27T14:00:04.742+0000] {logging_mixin.py:190} INFO - [2025-12-27T14:00:04.742+0000] {dagbag.py:588} INFO - Filling up the DagBag from /opt/airflow/dags/fraud_detection_training_dag.py
[2025-12-27T14:00:04.751+0000] {processor.py:925} INFO - DAG(s) 'fraud_detection_training' retrieved from /opt/airflow/dags/fraud_detection_training_dag.py
[2025-12-27T14:00:04.766+0000] {logging_mixin.py:190} INFO - [2025-12-27T14:00:04.766+0000] {dag.py:3239} INFO - Sync 1 DAGs
[2025-12-27T14:00:04.776+0000] {logging_mixin.py:190} INFO - [2025-12-27T14:00:04.776+0000] {dag.py:4180} INFO - Setting next_dagrun for fraud_detection_training to 2025-12-26 03:00:00+00:00, run_after=2025-12-27 03:00:00+00:00
[2025-12-27T14:00:04.784+0000] {processor.py:208} INFO - Processing /opt/airflow/dags/fraud_detection_training_dag.py took 0.046 seconds
[2025-12-27T14:00:34.850+0000] {processor.py:186} INFO - Started process (PID=627) to work on /opt/airflow/dags/fraud_detection_training_dag.py
[2025-12-27T14:00:34.851+0000] {processor.py:914} INFO - Processing file /opt/airflow/dags/fraud_detection_training_dag.py for tasks to queue
[2025-12-27T14:00:34.852+0000] {logging_mixin.py:190} INFO - [2025-12-27T14:00:34.852+0000] {dagbag.py:588} INFO - Filling up the DagBag from /opt/airflow/dags/fraud_detection_training_dag.py
[2025-12-27T14:00:34.858+0000] {processor.py:925} INFO - DAG(s) 'fraud_detection_training' retrieved from /opt/airflow/dags/fraud_detection_training_dag.py
[2025-12-27T14:00:34.873+0000] {logging_mixin.py:190} INFO - [2025-12-27T14:00:34.873+0000] {dag.py:3239} INFO - Sync 1 DAGs
[2025-12-27T14:00:34.885+0000] {logging_mixin.py:190} INFO - [2025-12-27T14:00:34.885+0000] {dag.py:4180} INFO - Setting next_dagrun for fraud_detection_training to 2025-12-26 03:00:00+00:00, run_after=2025-12-27 03:00:00+00:00
[2025-12-27T14:00:34.892+0000] {processor.py:208} INFO - Processing /opt/airflow/dags/fraud_detection_training_dag.py took 0.045 seconds
[2025-12-27T14:01:05.009+0000] {processor.py:186} INFO - Started process (PID=634) to work on /opt/airflow/dags/fraud_detection_training_dag.py
[2025-12-27T14:01:05.009+0000] {processor.py:914} INFO - Processing file /opt/airflow/dags/fraud_detection_training_dag.py for tasks to queue
[2025-12-27T14:01:05.010+0000] {logging_mixin.py:190} INFO - [2025-12-27T14:01:05.010+0000] {dagbag.py:588} INFO - Filling up the DagBag from /opt/airflow/dags/fraud_detection_training_dag.py
[2025-12-27T14:01:05.017+0000] {processor.py:925} INFO - DAG(s) 'fraud_detection_training' retrieved from /opt/airflow/dags/fraud_detection_training_dag.py
[2025-12-27T14:01:05.033+0000] {logging_mixin.py:190} INFO - [2025-12-27T14:01:05.032+0000] {dag.py:3239} INFO - Sync 1 DAGs
[2025-12-27T14:01:05.045+0000] {logging_mixin.py:190} INFO - [2025-12-27T14:01:05.045+0000] {dag.py:4180} INFO - Setting next_dagrun for fraud_detection_training to 2025-12-26 03:00:00+00:00, run_after=2025-12-27 03:00:00+00:00
[2025-12-27T14:01:05.053+0000] {processor.py:208} INFO - Processing /opt/airflow/dags/fraud_detection_training_dag.py took 0.048 seconds
[2025-12-27T14:01:35.125+0000] {processor.py:186} INFO - Started process (PID=635) to work on /opt/airflow/dags/fraud_detection_training_dag.py
[2025-12-27T14:01:35.126+0000] {processor.py:914} INFO - Processing file /opt/airflow/dags/fraud_detection_training_dag.py for tasks to queue
[2025-12-27T14:01:35.127+0000] {logging_mixin.py:190} INFO - [2025-12-27T14:01:35.126+0000] {dagbag.py:588} INFO - Filling up the DagBag from /opt/airflow/dags/fraud_detection_training_dag.py
[2025-12-27T14:01:35.132+0000] {processor.py:925} INFO - DAG(s) 'fraud_detection_training' retrieved from /opt/airflow/dags/fraud_detection_training_dag.py
[2025-12-27T14:01:35.146+0000] {logging_mixin.py:190} INFO - [2025-12-27T14:01:35.146+0000] {dag.py:3239} INFO - Sync 1 DAGs
[2025-12-27T14:01:35.156+0000] {logging_mixin.py:190} INFO - [2025-12-27T14:01:35.156+0000] {dag.py:4180} INFO - Setting next_dagrun for fraud_detection_training to 2025-12-26 03:00:00+00:00, run_after=2025-12-27 03:00:00+00:00
[2025-12-27T14:01:35.162+0000] {processor.py:208} INFO - Processing /opt/airflow/dags/fraud_detection_training_dag.py took 0.040 seconds
[2025-12-27T14:02:05.303+0000] {processor.py:186} INFO - Started process (PID=642) to work on /opt/airflow/dags/fraud_detection_training_dag.py
[2025-12-27T14:02:05.308+0000] {processor.py:914} INFO - Processing file /opt/airflow/dags/fraud_detection_training_dag.py for tasks to queue
[2025-12-27T14:02:05.311+0000] {logging_mixin.py:190} INFO - [2025-12-27T14:02:05.311+0000] {dagbag.py:588} INFO - Filling up the DagBag from /opt/airflow/dags/fraud_detection_training_dag.py
[2025-12-27T14:02:05.336+0000] {processor.py:925} INFO - DAG(s) 'fraud_detection_training' retrieved from /opt/airflow/dags/fraud_detection_training_dag.py
[2025-12-27T14:02:05.387+0000] {logging_mixin.py:190} INFO - [2025-12-27T14:02:05.387+0000] {dag.py:3239} INFO - Sync 1 DAGs
[2025-12-27T14:02:05.414+0000] {logging_mixin.py:190} INFO - [2025-12-27T14:02:05.414+0000] {dag.py:4180} INFO - Setting next_dagrun for fraud_detection_training to 2025-12-26 03:00:00+00:00, run_after=2025-12-27 03:00:00+00:00
[2025-12-27T14:02:05.432+0000] {processor.py:208} INFO - Processing /opt/airflow/dags/fraud_detection_training_dag.py took 0.138 seconds
[2025-12-27T14:02:35.579+0000] {processor.py:186} INFO - Started process (PID=643) to work on /opt/airflow/dags/fraud_detection_training_dag.py
[2025-12-27T14:02:35.580+0000] {processor.py:914} INFO - Processing file /opt/airflow/dags/fraud_detection_training_dag.py for tasks to queue
[2025-12-27T14:02:35.584+0000] {logging_mixin.py:190} INFO - [2025-12-27T14:02:35.583+0000] {dagbag.py:588} INFO - Filling up the DagBag from /opt/airflow/dags/fraud_detection_training_dag.py
[2025-12-27T14:02:35.624+0000] {processor.py:925} INFO - DAG(s) 'fraud_detection_training' retrieved from /opt/airflow/dags/fraud_detection_training_dag.py
[2025-12-27T14:02:35.975+0000] {logging_mixin.py:190} INFO - [2025-12-27T14:02:35.972+0000] {dag.py:3239} INFO - Sync 1 DAGs
[2025-12-27T14:02:36.205+0000] {logging_mixin.py:190} INFO - [2025-12-27T14:02:36.203+0000] {dag.py:4180} INFO - Setting next_dagrun for fraud_detection_training to 2025-12-26 03:00:00+00:00, run_after=2025-12-27 03:00:00+00:00
[2025-12-27T14:02:36.462+0000] {processor.py:208} INFO - Processing /opt/airflow/dags/fraud_detection_training_dag.py took 0.894 seconds
[2025-12-27T14:46:14.630+0000] {processor.py:186} INFO - Started process (PID=650) to work on /opt/airflow/dags/fraud_detection_training_dag.py
[2025-12-27T14:46:14.632+0000] {processor.py:914} INFO - Processing file /opt/airflow/dags/fraud_detection_training_dag.py for tasks to queue
[2025-12-27T14:46:14.636+0000] {logging_mixin.py:190} INFO - [2025-12-27T14:46:14.635+0000] {dagbag.py:588} INFO - Filling up the DagBag from /opt/airflow/dags/fraud_detection_training_dag.py
[2025-12-27T14:46:14.662+0000] {processor.py:925} INFO - DAG(s) 'fraud_detection_training' retrieved from /opt/airflow/dags/fraud_detection_training_dag.py
[2025-12-27T14:46:14.701+0000] {logging_mixin.py:190} INFO - [2025-12-27T14:46:14.701+0000] {dag.py:3239} INFO - Sync 1 DAGs
[2025-12-27T14:46:14.723+0000] {logging_mixin.py:190} INFO - [2025-12-27T14:46:14.723+0000] {dag.py:4180} INFO - Setting next_dagrun for fraud_detection_training to 2025-12-26 03:00:00+00:00, run_after=2025-12-27 03:00:00+00:00
[2025-12-27T14:46:14.746+0000] {processor.py:208} INFO - Processing /opt/airflow/dags/fraud_detection_training_dag.py took 0.121 seconds
[2025-12-27T14:46:44.779+0000] {processor.py:186} INFO - Started process (PID=651) to work on /opt/airflow/dags/fraud_detection_training_dag.py
[2025-12-27T14:46:44.779+0000] {processor.py:914} INFO - Processing file /opt/airflow/dags/fraud_detection_training_dag.py for tasks to queue
[2025-12-27T14:46:44.781+0000] {logging_mixin.py:190} INFO - [2025-12-27T14:46:44.781+0000] {dagbag.py:588} INFO - Filling up the DagBag from /opt/airflow/dags/fraud_detection_training_dag.py
[2025-12-27T14:46:44.789+0000] {processor.py:925} INFO - DAG(s) 'fraud_detection_training' retrieved from /opt/airflow/dags/fraud_detection_training_dag.py
[2025-12-27T14:46:44.810+0000] {logging_mixin.py:190} INFO - [2025-12-27T14:46:44.810+0000] {dag.py:3239} INFO - Sync 1 DAGs
[2025-12-27T14:46:44.824+0000] {logging_mixin.py:190} INFO - [2025-12-27T14:46:44.824+0000] {dag.py:4180} INFO - Setting next_dagrun for fraud_detection_training to 2025-12-26 03:00:00+00:00, run_after=2025-12-27 03:00:00+00:00
[2025-12-27T14:46:44.833+0000] {processor.py:208} INFO - Processing /opt/airflow/dags/fraud_detection_training_dag.py took 0.059 seconds
[2025-12-27T14:47:14.893+0000] {processor.py:186} INFO - Started process (PID=658) to work on /opt/airflow/dags/fraud_detection_training_dag.py
[2025-12-27T14:47:14.893+0000] {processor.py:914} INFO - Processing file /opt/airflow/dags/fraud_detection_training_dag.py for tasks to queue
[2025-12-27T14:47:14.896+0000] {logging_mixin.py:190} INFO - [2025-12-27T14:47:14.895+0000] {dagbag.py:588} INFO - Filling up the DagBag from /opt/airflow/dags/fraud_detection_training_dag.py
[2025-12-27T14:47:14.907+0000] {processor.py:925} INFO - DAG(s) 'fraud_detection_training' retrieved from /opt/airflow/dags/fraud_detection_training_dag.py
[2025-12-27T14:47:14.932+0000] {logging_mixin.py:190} INFO - [2025-12-27T14:47:14.932+0000] {dag.py:3239} INFO - Sync 1 DAGs
[2025-12-27T14:47:14.954+0000] {logging_mixin.py:190} INFO - [2025-12-27T14:47:14.954+0000] {dag.py:4180} INFO - Setting next_dagrun for fraud_detection_training to 2025-12-26 03:00:00+00:00, run_after=2025-12-27 03:00:00+00:00
[2025-12-27T14:47:14.963+0000] {processor.py:208} INFO - Processing /opt/airflow/dags/fraud_detection_training_dag.py took 0.076 seconds
[2025-12-27T14:47:45.033+0000] {processor.py:186} INFO - Started process (PID=659) to work on /opt/airflow/dags/fraud_detection_training_dag.py
[2025-12-27T14:47:45.034+0000] {processor.py:914} INFO - Processing file /opt/airflow/dags/fraud_detection_training_dag.py for tasks to queue
[2025-12-27T14:47:45.036+0000] {logging_mixin.py:190} INFO - [2025-12-27T14:47:45.036+0000] {dagbag.py:588} INFO - Filling up the DagBag from /opt/airflow/dags/fraud_detection_training_dag.py
[2025-12-27T14:47:45.042+0000] {processor.py:925} INFO - DAG(s) 'fraud_detection_training' retrieved from /opt/airflow/dags/fraud_detection_training_dag.py
[2025-12-27T14:47:45.054+0000] {logging_mixin.py:190} INFO - [2025-12-27T14:47:45.054+0000] {dag.py:3239} INFO - Sync 1 DAGs
[2025-12-27T14:47:45.062+0000] {logging_mixin.py:190} INFO - [2025-12-27T14:47:45.062+0000] {dag.py:4180} INFO - Setting next_dagrun for fraud_detection_training to 2025-12-26 03:00:00+00:00, run_after=2025-12-27 03:00:00+00:00
[2025-12-27T14:47:45.068+0000] {processor.py:208} INFO - Processing /opt/airflow/dags/fraud_detection_training_dag.py took 0.037 seconds
[2025-12-27T14:48:15.169+0000] {processor.py:186} INFO - Started process (PID=666) to work on /opt/airflow/dags/fraud_detection_training_dag.py
[2025-12-27T14:48:15.170+0000] {processor.py:914} INFO - Processing file /opt/airflow/dags/fraud_detection_training_dag.py for tasks to queue
[2025-12-27T14:48:15.173+0000] {logging_mixin.py:190} INFO - [2025-12-27T14:48:15.172+0000] {dagbag.py:588} INFO - Filling up the DagBag from /opt/airflow/dags/fraud_detection_training_dag.py
[2025-12-27T14:48:15.182+0000] {processor.py:925} INFO - DAG(s) 'fraud_detection_training' retrieved from /opt/airflow/dags/fraud_detection_training_dag.py
[2025-12-27T14:48:15.200+0000] {logging_mixin.py:190} INFO - [2025-12-27T14:48:15.200+0000] {dag.py:3239} INFO - Sync 1 DAGs
[2025-12-27T14:48:15.213+0000] {logging_mixin.py:190} INFO - [2025-12-27T14:48:15.213+0000] {dag.py:4180} INFO - Setting next_dagrun for fraud_detection_training to 2025-12-26 03:00:00+00:00, run_after=2025-12-27 03:00:00+00:00
[2025-12-27T14:48:15.222+0000] {processor.py:208} INFO - Processing /opt/airflow/dags/fraud_detection_training_dag.py took 0.058 seconds
[2025-12-27T14:48:45.300+0000] {processor.py:186} INFO - Started process (PID=667) to work on /opt/airflow/dags/fraud_detection_training_dag.py
[2025-12-27T14:48:45.301+0000] {processor.py:914} INFO - Processing file /opt/airflow/dags/fraud_detection_training_dag.py for tasks to queue
[2025-12-27T14:48:45.303+0000] {logging_mixin.py:190} INFO - [2025-12-27T14:48:45.302+0000] {dagbag.py:588} INFO - Filling up the DagBag from /opt/airflow/dags/fraud_detection_training_dag.py
[2025-12-27T14:48:45.312+0000] {processor.py:925} INFO - DAG(s) 'fraud_detection_training' retrieved from /opt/airflow/dags/fraud_detection_training_dag.py
[2025-12-27T14:48:45.329+0000] {logging_mixin.py:190} INFO - [2025-12-27T14:48:45.329+0000] {dag.py:3239} INFO - Sync 1 DAGs
[2025-12-27T14:48:45.341+0000] {logging_mixin.py:190} INFO - [2025-12-27T14:48:45.341+0000] {dag.py:4180} INFO - Setting next_dagrun for fraud_detection_training to 2025-12-26 03:00:00+00:00, run_after=2025-12-27 03:00:00+00:00
[2025-12-27T14:48:45.349+0000] {processor.py:208} INFO - Processing /opt/airflow/dags/fraud_detection_training_dag.py took 0.053 seconds
[2025-12-27T14:49:15.444+0000] {processor.py:186} INFO - Started process (PID=674) to work on /opt/airflow/dags/fraud_detection_training_dag.py
[2025-12-27T14:49:15.445+0000] {processor.py:914} INFO - Processing file /opt/airflow/dags/fraud_detection_training_dag.py for tasks to queue
[2025-12-27T14:49:15.447+0000] {logging_mixin.py:190} INFO - [2025-12-27T14:49:15.446+0000] {dagbag.py:588} INFO - Filling up the DagBag from /opt/airflow/dags/fraud_detection_training_dag.py
[2025-12-27T14:49:15.459+0000] {processor.py:925} INFO - DAG(s) 'fraud_detection_training' retrieved from /opt/airflow/dags/fraud_detection_training_dag.py
[2025-12-27T14:49:15.491+0000] {logging_mixin.py:190} INFO - [2025-12-27T14:49:15.491+0000] {dag.py:3239} INFO - Sync 1 DAGs
[2025-12-27T14:49:15.507+0000] {logging_mixin.py:190} INFO - [2025-12-27T14:49:15.507+0000] {dag.py:4180} INFO - Setting next_dagrun for fraud_detection_training to 2025-12-26 03:00:00+00:00, run_after=2025-12-27 03:00:00+00:00
[2025-12-27T14:49:15.516+0000] {processor.py:208} INFO - Processing /opt/airflow/dags/fraud_detection_training_dag.py took 0.077 seconds
[2025-12-27T14:49:45.570+0000] {processor.py:186} INFO - Started process (PID=675) to work on /opt/airflow/dags/fraud_detection_training_dag.py
[2025-12-27T14:49:45.571+0000] {processor.py:914} INFO - Processing file /opt/airflow/dags/fraud_detection_training_dag.py for tasks to queue
[2025-12-27T14:49:45.573+0000] {logging_mixin.py:190} INFO - [2025-12-27T14:49:45.573+0000] {dagbag.py:588} INFO - Filling up the DagBag from /opt/airflow/dags/fraud_detection_training_dag.py
[2025-12-27T14:49:45.581+0000] {processor.py:925} INFO - DAG(s) 'fraud_detection_training' retrieved from /opt/airflow/dags/fraud_detection_training_dag.py
[2025-12-27T14:49:45.599+0000] {logging_mixin.py:190} INFO - [2025-12-27T14:49:45.599+0000] {dag.py:3239} INFO - Sync 1 DAGs
[2025-12-27T14:49:45.610+0000] {logging_mixin.py:190} INFO - [2025-12-27T14:49:45.609+0000] {dag.py:4180} INFO - Setting next_dagrun for fraud_detection_training to 2025-12-26 03:00:00+00:00, run_after=2025-12-27 03:00:00+00:00
[2025-12-27T14:49:45.617+0000] {processor.py:208} INFO - Processing /opt/airflow/dags/fraud_detection_training_dag.py took 0.051 seconds
[2025-12-27T14:50:15.689+0000] {processor.py:186} INFO - Started process (PID=682) to work on /opt/airflow/dags/fraud_detection_training_dag.py
[2025-12-27T14:50:15.690+0000] {processor.py:914} INFO - Processing file /opt/airflow/dags/fraud_detection_training_dag.py for tasks to queue
[2025-12-27T14:50:15.692+0000] {logging_mixin.py:190} INFO - [2025-12-27T14:50:15.692+0000] {dagbag.py:588} INFO - Filling up the DagBag from /opt/airflow/dags/fraud_detection_training_dag.py
[2025-12-27T14:50:15.703+0000] {processor.py:925} INFO - DAG(s) 'fraud_detection_training' retrieved from /opt/airflow/dags/fraud_detection_training_dag.py
[2025-12-27T14:50:15.724+0000] {logging_mixin.py:190} INFO - [2025-12-27T14:50:15.724+0000] {dag.py:3239} INFO - Sync 1 DAGs
[2025-12-27T14:50:15.736+0000] {logging_mixin.py:190} INFO - [2025-12-27T14:50:15.736+0000] {dag.py:4180} INFO - Setting next_dagrun for fraud_detection_training to 2025-12-26 03:00:00+00:00, run_after=2025-12-27 03:00:00+00:00
[2025-12-27T14:50:15.744+0000] {processor.py:208} INFO - Processing /opt/airflow/dags/fraud_detection_training_dag.py took 0.059 seconds
[2025-12-27T14:50:45.851+0000] {processor.py:186} INFO - Started process (PID=683) to work on /opt/airflow/dags/fraud_detection_training_dag.py
[2025-12-27T14:50:45.852+0000] {processor.py:914} INFO - Processing file /opt/airflow/dags/fraud_detection_training_dag.py for tasks to queue
[2025-12-27T14:50:45.854+0000] {logging_mixin.py:190} INFO - [2025-12-27T14:50:45.853+0000] {dagbag.py:588} INFO - Filling up the DagBag from /opt/airflow/dags/fraud_detection_training_dag.py
[2025-12-27T14:50:45.863+0000] {processor.py:925} INFO - DAG(s) 'fraud_detection_training' retrieved from /opt/airflow/dags/fraud_detection_training_dag.py
[2025-12-27T14:50:45.881+0000] {logging_mixin.py:190} INFO - [2025-12-27T14:50:45.881+0000] {dag.py:3239} INFO - Sync 1 DAGs
[2025-12-27T14:50:45.891+0000] {logging_mixin.py:190} INFO - [2025-12-27T14:50:45.891+0000] {dag.py:4180} INFO - Setting next_dagrun for fraud_detection_training to 2025-12-26 03:00:00+00:00, run_after=2025-12-27 03:00:00+00:00
[2025-12-27T14:50:45.899+0000] {processor.py:208} INFO - Processing /opt/airflow/dags/fraud_detection_training_dag.py took 0.052 seconds
[2025-12-27T14:51:15.988+0000] {processor.py:186} INFO - Started process (PID=690) to work on /opt/airflow/dags/fraud_detection_training_dag.py
[2025-12-27T14:51:15.988+0000] {processor.py:914} INFO - Processing file /opt/airflow/dags/fraud_detection_training_dag.py for tasks to queue
[2025-12-27T14:51:15.990+0000] {logging_mixin.py:190} INFO - [2025-12-27T14:51:15.990+0000] {dagbag.py:588} INFO - Filling up the DagBag from /opt/airflow/dags/fraud_detection_training_dag.py
[2025-12-27T14:51:16.000+0000] {processor.py:925} INFO - DAG(s) 'fraud_detection_training' retrieved from /opt/airflow/dags/fraud_detection_training_dag.py
[2025-12-27T14:51:16.018+0000] {logging_mixin.py:190} INFO - [2025-12-27T14:51:16.018+0000] {dag.py:3239} INFO - Sync 1 DAGs
[2025-12-27T14:51:16.031+0000] {logging_mixin.py:190} INFO - [2025-12-27T14:51:16.031+0000] {dag.py:4180} INFO - Setting next_dagrun for fraud_detection_training to 2025-12-26 03:00:00+00:00, run_after=2025-12-27 03:00:00+00:00
[2025-12-27T14:51:16.039+0000] {processor.py:208} INFO - Processing /opt/airflow/dags/fraud_detection_training_dag.py took 0.055 seconds
[2025-12-27T14:51:46.107+0000] {processor.py:186} INFO - Started process (PID=691) to work on /opt/airflow/dags/fraud_detection_training_dag.py
[2025-12-27T14:51:46.108+0000] {processor.py:914} INFO - Processing file /opt/airflow/dags/fraud_detection_training_dag.py for tasks to queue
[2025-12-27T14:51:46.110+0000] {logging_mixin.py:190} INFO - [2025-12-27T14:51:46.109+0000] {dagbag.py:588} INFO - Filling up the DagBag from /opt/airflow/dags/fraud_detection_training_dag.py
[2025-12-27T14:51:46.118+0000] {processor.py:925} INFO - DAG(s) 'fraud_detection_training' retrieved from /opt/airflow/dags/fraud_detection_training_dag.py
[2025-12-27T14:51:46.134+0000] {logging_mixin.py:190} INFO - [2025-12-27T14:51:46.134+0000] {dag.py:3239} INFO - Sync 1 DAGs
[2025-12-27T14:51:46.145+0000] {logging_mixin.py:190} INFO - [2025-12-27T14:51:46.145+0000] {dag.py:4180} INFO - Setting next_dagrun for fraud_detection_training to 2025-12-26 03:00:00+00:00, run_after=2025-12-27 03:00:00+00:00
[2025-12-27T14:51:46.153+0000] {processor.py:208} INFO - Processing /opt/airflow/dags/fraud_detection_training_dag.py took 0.051 seconds
[2025-12-27T14:52:16.262+0000] {processor.py:186} INFO - Started process (PID=698) to work on /opt/airflow/dags/fraud_detection_training_dag.py
[2025-12-27T14:52:16.263+0000] {processor.py:914} INFO - Processing file /opt/airflow/dags/fraud_detection_training_dag.py for tasks to queue
[2025-12-27T14:52:16.266+0000] {logging_mixin.py:190} INFO - [2025-12-27T14:52:16.266+0000] {dagbag.py:588} INFO - Filling up the DagBag from /opt/airflow/dags/fraud_detection_training_dag.py
[2025-12-27T14:52:16.281+0000] {processor.py:925} INFO - DAG(s) 'fraud_detection_training' retrieved from /opt/airflow/dags/fraud_detection_training_dag.py
[2025-12-27T14:52:16.307+0000] {logging_mixin.py:190} INFO - [2025-12-27T14:52:16.307+0000] {dag.py:3239} INFO - Sync 1 DAGs
[2025-12-27T14:52:16.333+0000] {logging_mixin.py:190} INFO - [2025-12-27T14:52:16.332+0000] {dag.py:4180} INFO - Setting next_dagrun for fraud_detection_training to 2025-12-26 03:00:00+00:00, run_after=2025-12-27 03:00:00+00:00
[2025-12-27T14:52:16.345+0000] {processor.py:208} INFO - Processing /opt/airflow/dags/fraud_detection_training_dag.py took 0.090 seconds
[2025-12-27T14:52:46.396+0000] {processor.py:186} INFO - Started process (PID=699) to work on /opt/airflow/dags/fraud_detection_training_dag.py
[2025-12-27T14:52:46.396+0000] {processor.py:914} INFO - Processing file /opt/airflow/dags/fraud_detection_training_dag.py for tasks to queue
[2025-12-27T14:52:46.398+0000] {logging_mixin.py:190} INFO - [2025-12-27T14:52:46.397+0000] {dagbag.py:588} INFO - Filling up the DagBag from /opt/airflow/dags/fraud_detection_training_dag.py
[2025-12-27T14:52:46.403+0000] {processor.py:925} INFO - DAG(s) 'fraud_detection_training' retrieved from /opt/airflow/dags/fraud_detection_training_dag.py
[2025-12-27T14:52:46.417+0000] {logging_mixin.py:190} INFO - [2025-12-27T14:52:46.417+0000] {dag.py:3239} INFO - Sync 1 DAGs
[2025-12-27T14:52:46.426+0000] {logging_mixin.py:190} INFO - [2025-12-27T14:52:46.426+0000] {dag.py:4180} INFO - Setting next_dagrun for fraud_detection_training to 2025-12-26 03:00:00+00:00, run_after=2025-12-27 03:00:00+00:00
[2025-12-27T14:52:46.433+0000] {processor.py:208} INFO - Processing /opt/airflow/dags/fraud_detection_training_dag.py took 0.040 seconds
[2025-12-27T14:53:16.530+0000] {processor.py:186} INFO - Started process (PID=706) to work on /opt/airflow/dags/fraud_detection_training_dag.py
[2025-12-27T14:53:16.531+0000] {processor.py:914} INFO - Processing file /opt/airflow/dags/fraud_detection_training_dag.py for tasks to queue
[2025-12-27T14:53:16.533+0000] {logging_mixin.py:190} INFO - [2025-12-27T14:53:16.532+0000] {dagbag.py:588} INFO - Filling up the DagBag from /opt/airflow/dags/fraud_detection_training_dag.py
[2025-12-27T14:53:16.541+0000] {processor.py:925} INFO - DAG(s) 'fraud_detection_training' retrieved from /opt/airflow/dags/fraud_detection_training_dag.py
[2025-12-27T14:53:16.559+0000] {logging_mixin.py:190} INFO - [2025-12-27T14:53:16.559+0000] {dag.py:3239} INFO - Sync 1 DAGs
[2025-12-27T14:53:16.570+0000] {logging_mixin.py:190} INFO - [2025-12-27T14:53:16.570+0000] {dag.py:4180} INFO - Setting next_dagrun for fraud_detection_training to 2025-12-26 03:00:00+00:00, run_after=2025-12-27 03:00:00+00:00
[2025-12-27T14:53:16.580+0000] {processor.py:208} INFO - Processing /opt/airflow/dags/fraud_detection_training_dag.py took 0.053 seconds
[2025-12-27T14:53:46.654+0000] {processor.py:186} INFO - Started process (PID=707) to work on /opt/airflow/dags/fraud_detection_training_dag.py
[2025-12-27T14:53:46.655+0000] {processor.py:914} INFO - Processing file /opt/airflow/dags/fraud_detection_training_dag.py for tasks to queue
[2025-12-27T14:53:46.657+0000] {logging_mixin.py:190} INFO - [2025-12-27T14:53:46.656+0000] {dagbag.py:588} INFO - Filling up the DagBag from /opt/airflow/dags/fraud_detection_training_dag.py
[2025-12-27T14:53:46.664+0000] {processor.py:925} INFO - DAG(s) 'fraud_detection_training' retrieved from /opt/airflow/dags/fraud_detection_training_dag.py
[2025-12-27T14:53:46.680+0000] {logging_mixin.py:190} INFO - [2025-12-27T14:53:46.680+0000] {dag.py:3239} INFO - Sync 1 DAGs
[2025-12-27T14:53:46.690+0000] {logging_mixin.py:190} INFO - [2025-12-27T14:53:46.690+0000] {dag.py:4180} INFO - Setting next_dagrun for fraud_detection_training to 2025-12-26 03:00:00+00:00, run_after=2025-12-27 03:00:00+00:00
[2025-12-27T14:53:46.698+0000] {processor.py:208} INFO - Processing /opt/airflow/dags/fraud_detection_training_dag.py took 0.047 seconds
[2025-12-27T14:54:16.789+0000] {processor.py:186} INFO - Started process (PID=714) to work on /opt/airflow/dags/fraud_detection_training_dag.py
[2025-12-27T14:54:16.789+0000] {processor.py:914} INFO - Processing file /opt/airflow/dags/fraud_detection_training_dag.py for tasks to queue
[2025-12-27T14:54:16.791+0000] {logging_mixin.py:190} INFO - [2025-12-27T14:54:16.791+0000] {dagbag.py:588} INFO - Filling up the DagBag from /opt/airflow/dags/fraud_detection_training_dag.py
[2025-12-27T14:54:16.800+0000] {processor.py:925} INFO - DAG(s) 'fraud_detection_training' retrieved from /opt/airflow/dags/fraud_detection_training_dag.py
[2025-12-27T14:54:16.818+0000] {logging_mixin.py:190} INFO - [2025-12-27T14:54:16.818+0000] {dag.py:3239} INFO - Sync 1 DAGs
[2025-12-27T14:54:16.830+0000] {logging_mixin.py:190} INFO - [2025-12-27T14:54:16.830+0000] {dag.py:4180} INFO - Setting next_dagrun for fraud_detection_training to 2025-12-26 03:00:00+00:00, run_after=2025-12-27 03:00:00+00:00
[2025-12-27T14:54:16.838+0000] {processor.py:208} INFO - Processing /opt/airflow/dags/fraud_detection_training_dag.py took 0.054 seconds
[2025-12-27T14:54:46.913+0000] {processor.py:186} INFO - Started process (PID=715) to work on /opt/airflow/dags/fraud_detection_training_dag.py
[2025-12-27T14:54:46.914+0000] {processor.py:914} INFO - Processing file /opt/airflow/dags/fraud_detection_training_dag.py for tasks to queue
[2025-12-27T14:54:46.917+0000] {logging_mixin.py:190} INFO - [2025-12-27T14:54:46.917+0000] {dagbag.py:588} INFO - Filling up the DagBag from /opt/airflow/dags/fraud_detection_training_dag.py
[2025-12-27T14:54:46.927+0000] {processor.py:925} INFO - DAG(s) 'fraud_detection_training' retrieved from /opt/airflow/dags/fraud_detection_training_dag.py
[2025-12-27T14:54:46.949+0000] {logging_mixin.py:190} INFO - [2025-12-27T14:54:46.948+0000] {dag.py:3239} INFO - Sync 1 DAGs
[2025-12-27T14:54:46.962+0000] {logging_mixin.py:190} INFO - [2025-12-27T14:54:46.962+0000] {dag.py:4180} INFO - Setting next_dagrun for fraud_detection_training to 2025-12-26 03:00:00+00:00, run_after=2025-12-27 03:00:00+00:00
[2025-12-27T14:54:46.971+0000] {processor.py:208} INFO - Processing /opt/airflow/dags/fraud_detection_training_dag.py took 0.063 seconds
[2025-12-27T14:55:17.057+0000] {processor.py:186} INFO - Started process (PID=722) to work on /opt/airflow/dags/fraud_detection_training_dag.py
[2025-12-27T14:55:17.057+0000] {processor.py:914} INFO - Processing file /opt/airflow/dags/fraud_detection_training_dag.py for tasks to queue
[2025-12-27T14:55:17.059+0000] {logging_mixin.py:190} INFO - [2025-12-27T14:55:17.059+0000] {dagbag.py:588} INFO - Filling up the DagBag from /opt/airflow/dags/fraud_detection_training_dag.py
[2025-12-27T14:55:17.067+0000] {processor.py:925} INFO - DAG(s) 'fraud_detection_training' retrieved from /opt/airflow/dags/fraud_detection_training_dag.py
[2025-12-27T14:55:17.091+0000] {logging_mixin.py:190} INFO - [2025-12-27T14:55:17.091+0000] {dag.py:3239} INFO - Sync 1 DAGs
[2025-12-27T14:55:17.105+0000] {logging_mixin.py:190} INFO - [2025-12-27T14:55:17.105+0000] {dag.py:4180} INFO - Setting next_dagrun for fraud_detection_training to 2025-12-26 03:00:00+00:00, run_after=2025-12-27 03:00:00+00:00
[2025-12-27T14:55:17.116+0000] {processor.py:208} INFO - Processing /opt/airflow/dags/fraud_detection_training_dag.py took 0.062 seconds
[2025-12-27T14:55:47.183+0000] {processor.py:186} INFO - Started process (PID=723) to work on /opt/airflow/dags/fraud_detection_training_dag.py
[2025-12-27T14:55:47.184+0000] {processor.py:914} INFO - Processing file /opt/airflow/dags/fraud_detection_training_dag.py for tasks to queue
[2025-12-27T14:55:47.185+0000] {logging_mixin.py:190} INFO - [2025-12-27T14:55:47.185+0000] {dagbag.py:588} INFO - Filling up the DagBag from /opt/airflow/dags/fraud_detection_training_dag.py
[2025-12-27T14:55:47.191+0000] {processor.py:925} INFO - DAG(s) 'fraud_detection_training' retrieved from /opt/airflow/dags/fraud_detection_training_dag.py
[2025-12-27T14:55:47.204+0000] {logging_mixin.py:190} INFO - [2025-12-27T14:55:47.204+0000] {dag.py:3239} INFO - Sync 1 DAGs
[2025-12-27T14:55:47.213+0000] {logging_mixin.py:190} INFO - [2025-12-27T14:55:47.213+0000] {dag.py:4180} INFO - Setting next_dagrun for fraud_detection_training to 2025-12-26 03:00:00+00:00, run_after=2025-12-27 03:00:00+00:00
[2025-12-27T14:55:47.219+0000] {processor.py:208} INFO - Processing /opt/airflow/dags/fraud_detection_training_dag.py took 0.039 seconds
[2025-12-27T14:56:17.352+0000] {processor.py:186} INFO - Started process (PID=730) to work on /opt/airflow/dags/fraud_detection_training_dag.py
[2025-12-27T14:56:17.352+0000] {processor.py:914} INFO - Processing file /opt/airflow/dags/fraud_detection_training_dag.py for tasks to queue
[2025-12-27T14:56:17.354+0000] {logging_mixin.py:190} INFO - [2025-12-27T14:56:17.354+0000] {dagbag.py:588} INFO - Filling up the DagBag from /opt/airflow/dags/fraud_detection_training_dag.py
[2025-12-27T14:56:17.363+0000] {processor.py:925} INFO - DAG(s) 'fraud_detection_training' retrieved from /opt/airflow/dags/fraud_detection_training_dag.py
[2025-12-27T14:56:17.381+0000] {logging_mixin.py:190} INFO - [2025-12-27T14:56:17.381+0000] {dag.py:3239} INFO - Sync 1 DAGs
[2025-12-27T14:56:17.394+0000] {logging_mixin.py:190} INFO - [2025-12-27T14:56:17.393+0000] {dag.py:4180} INFO - Setting next_dagrun for fraud_detection_training to 2025-12-26 03:00:00+00:00, run_after=2025-12-27 03:00:00+00:00
[2025-12-27T14:56:17.403+0000] {processor.py:208} INFO - Processing /opt/airflow/dags/fraud_detection_training_dag.py took 0.055 seconds
[2025-12-27T14:56:47.467+0000] {processor.py:186} INFO - Started process (PID=731) to work on /opt/airflow/dags/fraud_detection_training_dag.py
[2025-12-27T14:56:47.468+0000] {processor.py:914} INFO - Processing file /opt/airflow/dags/fraud_detection_training_dag.py for tasks to queue
[2025-12-27T14:56:47.469+0000] {logging_mixin.py:190} INFO - [2025-12-27T14:56:47.469+0000] {dagbag.py:588} INFO - Filling up the DagBag from /opt/airflow/dags/fraud_detection_training_dag.py
[2025-12-27T14:56:47.475+0000] {processor.py:925} INFO - DAG(s) 'fraud_detection_training' retrieved from /opt/airflow/dags/fraud_detection_training_dag.py
[2025-12-27T14:56:47.494+0000] {logging_mixin.py:190} INFO - [2025-12-27T14:56:47.494+0000] {dag.py:3239} INFO - Sync 1 DAGs
[2025-12-27T14:56:47.507+0000] {logging_mixin.py:190} INFO - [2025-12-27T14:56:47.506+0000] {dag.py:4180} INFO - Setting next_dagrun for fraud_detection_training to 2025-12-26 03:00:00+00:00, run_after=2025-12-27 03:00:00+00:00
[2025-12-27T14:56:47.516+0000] {processor.py:208} INFO - Processing /opt/airflow/dags/fraud_detection_training_dag.py took 0.052 seconds
[2025-12-27T14:57:17.604+0000] {processor.py:186} INFO - Started process (PID=738) to work on /opt/airflow/dags/fraud_detection_training_dag.py
[2025-12-27T14:57:17.604+0000] {processor.py:914} INFO - Processing file /opt/airflow/dags/fraud_detection_training_dag.py for tasks to queue
[2025-12-27T14:57:17.605+0000] {logging_mixin.py:190} INFO - [2025-12-27T14:57:17.605+0000] {dagbag.py:588} INFO - Filling up the DagBag from /opt/airflow/dags/fraud_detection_training_dag.py
[2025-12-27T14:57:17.610+0000] {processor.py:925} INFO - DAG(s) 'fraud_detection_training' retrieved from /opt/airflow/dags/fraud_detection_training_dag.py
[2025-12-27T14:57:17.623+0000] {logging_mixin.py:190} INFO - [2025-12-27T14:57:17.623+0000] {dag.py:3239} INFO - Sync 1 DAGs
[2025-12-27T14:57:17.632+0000] {logging_mixin.py:190} INFO - [2025-12-27T14:57:17.632+0000] {dag.py:4180} INFO - Setting next_dagrun for fraud_detection_training to 2025-12-26 03:00:00+00:00, run_after=2025-12-27 03:00:00+00:00
[2025-12-27T14:57:17.638+0000] {processor.py:208} INFO - Processing /opt/airflow/dags/fraud_detection_training_dag.py took 0.037 seconds
[2025-12-27T14:57:47.756+0000] {processor.py:186} INFO - Started process (PID=739) to work on /opt/airflow/dags/fraud_detection_training_dag.py
[2025-12-27T14:57:47.757+0000] {processor.py:914} INFO - Processing file /opt/airflow/dags/fraud_detection_training_dag.py for tasks to queue
[2025-12-27T14:57:47.760+0000] {logging_mixin.py:190} INFO - [2025-12-27T14:57:47.759+0000] {dagbag.py:588} INFO - Filling up the DagBag from /opt/airflow/dags/fraud_detection_training_dag.py
[2025-12-27T14:57:47.779+0000] {processor.py:925} INFO - DAG(s) 'fraud_detection_training' retrieved from /opt/airflow/dags/fraud_detection_training_dag.py
[2025-12-27T14:57:47.801+0000] {logging_mixin.py:190} INFO - [2025-12-27T14:57:47.801+0000] {dag.py:3239} INFO - Sync 1 DAGs
[2025-12-27T14:57:47.816+0000] {logging_mixin.py:190} INFO - [2025-12-27T14:57:47.816+0000] {dag.py:4180} INFO - Setting next_dagrun for fraud_detection_training to 2025-12-26 03:00:00+00:00, run_after=2025-12-27 03:00:00+00:00
[2025-12-27T14:57:47.828+0000] {processor.py:208} INFO - Processing /opt/airflow/dags/fraud_detection_training_dag.py took 0.084 seconds
[2025-12-27T14:58:17.870+0000] {processor.py:186} INFO - Started process (PID=746) to work on /opt/airflow/dags/fraud_detection_training_dag.py
[2025-12-27T14:58:17.870+0000] {processor.py:914} INFO - Processing file /opt/airflow/dags/fraud_detection_training_dag.py for tasks to queue
[2025-12-27T14:58:17.872+0000] {logging_mixin.py:190} INFO - [2025-12-27T14:58:17.872+0000] {dagbag.py:588} INFO - Filling up the DagBag from /opt/airflow/dags/fraud_detection_training_dag.py
[2025-12-27T14:58:17.879+0000] {processor.py:925} INFO - DAG(s) 'fraud_detection_training' retrieved from /opt/airflow/dags/fraud_detection_training_dag.py
[2025-12-27T14:58:17.895+0000] {logging_mixin.py:190} INFO - [2025-12-27T14:58:17.895+0000] {dag.py:3239} INFO - Sync 1 DAGs
[2025-12-27T14:58:17.904+0000] {logging_mixin.py:190} INFO - [2025-12-27T14:58:17.904+0000] {dag.py:4180} INFO - Setting next_dagrun for fraud_detection_training to 2025-12-26 03:00:00+00:00, run_after=2025-12-27 03:00:00+00:00
[2025-12-27T14:58:17.911+0000] {processor.py:208} INFO - Processing /opt/airflow/dags/fraud_detection_training_dag.py took 0.045 seconds
[2025-12-27T14:58:47.992+0000] {processor.py:186} INFO - Started process (PID=747) to work on /opt/airflow/dags/fraud_detection_training_dag.py
[2025-12-27T14:58:47.993+0000] {processor.py:914} INFO - Processing file /opt/airflow/dags/fraud_detection_training_dag.py for tasks to queue
[2025-12-27T14:58:47.997+0000] {logging_mixin.py:190} INFO - [2025-12-27T14:58:47.997+0000] {dagbag.py:588} INFO - Filling up the DagBag from /opt/airflow/dags/fraud_detection_training_dag.py
[2025-12-27T14:58:48.007+0000] {processor.py:925} INFO - DAG(s) 'fraud_detection_training' retrieved from /opt/airflow/dags/fraud_detection_training_dag.py
[2025-12-27T14:58:48.025+0000] {logging_mixin.py:190} INFO - [2025-12-27T14:58:48.024+0000] {dag.py:3239} INFO - Sync 1 DAGs
[2025-12-27T14:58:48.036+0000] {logging_mixin.py:190} INFO - [2025-12-27T14:58:48.036+0000] {dag.py:4180} INFO - Setting next_dagrun for fraud_detection_training to 2025-12-26 03:00:00+00:00, run_after=2025-12-27 03:00:00+00:00
[2025-12-27T14:58:48.045+0000] {processor.py:208} INFO - Processing /opt/airflow/dags/fraud_detection_training_dag.py took 0.058 seconds
[2025-12-27T14:59:18.130+0000] {processor.py:186} INFO - Started process (PID=754) to work on /opt/airflow/dags/fraud_detection_training_dag.py
[2025-12-27T14:59:18.131+0000] {processor.py:914} INFO - Processing file /opt/airflow/dags/fraud_detection_training_dag.py for tasks to queue
[2025-12-27T14:59:18.134+0000] {logging_mixin.py:190} INFO - [2025-12-27T14:59:18.134+0000] {dagbag.py:588} INFO - Filling up the DagBag from /opt/airflow/dags/fraud_detection_training_dag.py
[2025-12-27T14:59:18.147+0000] {processor.py:925} INFO - DAG(s) 'fraud_detection_training' retrieved from /opt/airflow/dags/fraud_detection_training_dag.py
[2025-12-27T14:59:18.174+0000] {logging_mixin.py:190} INFO - [2025-12-27T14:59:18.174+0000] {dag.py:3239} INFO - Sync 1 DAGs
[2025-12-27T14:59:18.191+0000] {logging_mixin.py:190} INFO - [2025-12-27T14:59:18.191+0000] {dag.py:4180} INFO - Setting next_dagrun for fraud_detection_training to 2025-12-26 03:00:00+00:00, run_after=2025-12-27 03:00:00+00:00
[2025-12-27T14:59:18.201+0000] {processor.py:208} INFO - Processing /opt/airflow/dags/fraud_detection_training_dag.py took 0.076 seconds
[2025-12-27T14:59:48.252+0000] {processor.py:186} INFO - Started process (PID=755) to work on /opt/airflow/dags/fraud_detection_training_dag.py
[2025-12-27T14:59:48.252+0000] {processor.py:914} INFO - Processing file /opt/airflow/dags/fraud_detection_training_dag.py for tasks to queue
[2025-12-27T14:59:48.254+0000] {logging_mixin.py:190} INFO - [2025-12-27T14:59:48.254+0000] {dagbag.py:588} INFO - Filling up the DagBag from /opt/airflow/dags/fraud_detection_training_dag.py
[2025-12-27T14:59:48.263+0000] {processor.py:925} INFO - DAG(s) 'fraud_detection_training' retrieved from /opt/airflow/dags/fraud_detection_training_dag.py
[2025-12-27T14:59:48.285+0000] {logging_mixin.py:190} INFO - [2025-12-27T14:59:48.285+0000] {dag.py:3239} INFO - Sync 1 DAGs
[2025-12-27T14:59:48.298+0000] {logging_mixin.py:190} INFO - [2025-12-27T14:59:48.298+0000] {dag.py:4180} INFO - Setting next_dagrun for fraud_detection_training to 2025-12-26 03:00:00+00:00, run_after=2025-12-27 03:00:00+00:00
[2025-12-27T14:59:48.307+0000] {processor.py:208} INFO - Processing /opt/airflow/dags/fraud_detection_training_dag.py took 0.059 seconds
[2025-12-27T15:00:18.408+0000] {processor.py:186} INFO - Started process (PID=763) to work on /opt/airflow/dags/fraud_detection_training_dag.py
[2025-12-27T15:00:18.409+0000] {processor.py:914} INFO - Processing file /opt/airflow/dags/fraud_detection_training_dag.py for tasks to queue
[2025-12-27T15:00:18.410+0000] {logging_mixin.py:190} INFO - [2025-12-27T15:00:18.409+0000] {dagbag.py:588} INFO - Filling up the DagBag from /opt/airflow/dags/fraud_detection_training_dag.py
[2025-12-27T15:00:18.416+0000] {processor.py:925} INFO - DAG(s) 'fraud_detection_training' retrieved from /opt/airflow/dags/fraud_detection_training_dag.py
[2025-12-27T15:00:18.429+0000] {logging_mixin.py:190} INFO - [2025-12-27T15:00:18.429+0000] {dag.py:3239} INFO - Sync 1 DAGs
[2025-12-27T15:00:18.439+0000] {logging_mixin.py:190} INFO - [2025-12-27T15:00:18.438+0000] {dag.py:4180} INFO - Setting next_dagrun for fraud_detection_training to 2025-12-26 03:00:00+00:00, run_after=2025-12-27 03:00:00+00:00
[2025-12-27T15:00:18.445+0000] {processor.py:208} INFO - Processing /opt/airflow/dags/fraud_detection_training_dag.py took 0.040 seconds
[2025-12-27T15:00:48.540+0000] {processor.py:186} INFO - Started process (PID=764) to work on /opt/airflow/dags/fraud_detection_training_dag.py
[2025-12-27T15:00:48.540+0000] {processor.py:914} INFO - Processing file /opt/airflow/dags/fraud_detection_training_dag.py for tasks to queue
[2025-12-27T15:00:48.543+0000] {logging_mixin.py:190} INFO - [2025-12-27T15:00:48.542+0000] {dagbag.py:588} INFO - Filling up the DagBag from /opt/airflow/dags/fraud_detection_training_dag.py
[2025-12-27T15:00:48.552+0000] {processor.py:925} INFO - DAG(s) 'fraud_detection_training' retrieved from /opt/airflow/dags/fraud_detection_training_dag.py
[2025-12-27T15:00:48.571+0000] {logging_mixin.py:190} INFO - [2025-12-27T15:00:48.571+0000] {dag.py:3239} INFO - Sync 1 DAGs
[2025-12-27T15:00:48.582+0000] {logging_mixin.py:190} INFO - [2025-12-27T15:00:48.582+0000] {dag.py:4180} INFO - Setting next_dagrun for fraud_detection_training to 2025-12-26 03:00:00+00:00, run_after=2025-12-27 03:00:00+00:00
[2025-12-27T15:00:48.591+0000] {processor.py:208} INFO - Processing /opt/airflow/dags/fraud_detection_training_dag.py took 0.056 seconds
[2025-12-27T15:01:18.659+0000] {processor.py:186} INFO - Started process (PID=771) to work on /opt/airflow/dags/fraud_detection_training_dag.py
[2025-12-27T15:01:18.659+0000] {processor.py:914} INFO - Processing file /opt/airflow/dags/fraud_detection_training_dag.py for tasks to queue
[2025-12-27T15:01:18.661+0000] {logging_mixin.py:190} INFO - [2025-12-27T15:01:18.660+0000] {dagbag.py:588} INFO - Filling up the DagBag from /opt/airflow/dags/fraud_detection_training_dag.py
[2025-12-27T15:01:18.667+0000] {processor.py:925} INFO - DAG(s) 'fraud_detection_training' retrieved from /opt/airflow/dags/fraud_detection_training_dag.py
[2025-12-27T15:01:18.683+0000] {logging_mixin.py:190} INFO - [2025-12-27T15:01:18.683+0000] {dag.py:3239} INFO - Sync 1 DAGs
[2025-12-27T15:01:18.692+0000] {logging_mixin.py:190} INFO - [2025-12-27T15:01:18.692+0000] {dag.py:4180} INFO - Setting next_dagrun for fraud_detection_training to 2025-12-26 03:00:00+00:00, run_after=2025-12-27 03:00:00+00:00
[2025-12-27T15:01:18.701+0000] {processor.py:208} INFO - Processing /opt/airflow/dags/fraud_detection_training_dag.py took 0.045 seconds
